ISO-10303-21;
HEADER;
FILE_DESCRIPTION (( 'STEP AP214' ),
    '1' );
FILE_NAME ('CAT24C512C8UTR.STEP',
    '2024-11-09T05:59:41',
    ( '' ),
    ( '' ),
    'SwSTEP 2.0',
    'SolidWorks 2024',
    '' );
FILE_SCHEMA (( 'AUTOMOTIVE_DESIGN' ));
ENDSEC;

DATA;
#1 = SPHERICAL_SURFACE ( 'NONE', #1331, 0.1199999999999999956 ) ;
#2 = VERTEX_POINT ( 'NONE', #336 ) ;
#3 = CIRCLE ( 'NONE', #717, 0.1199999999999999956 ) ;
#4 = DIRECTION ( 'NONE',  ( 1.000000000000000000, 0.000000000000000000, 0.000000000000000000 ) ) ;
#5 = EDGE_CURVE ( 'NONE', #1250, #657, #554, .T. ) ;
#6 = SURFACE_STYLE_USAGE ( .BOTH. , #1136 ) ;
#7 = ORIENTED_EDGE ( 'NONE', *, *, #40, .T. ) ;
#8 = CARTESIAN_POINT ( 'NONE',  ( -0.8249999999999996225, 0.2950000000000000400, 0.6949999999999998401 ) ) ;
#9 = CARTESIAN_POINT ( 'NONE',  ( -0.4999999999999996669, 0.000000000000000000, 0.4329999999999999960 ) ) ;
#10 = FILL_AREA_STYLE ('',( #459 ) ) ;
#11 = DIRECTION ( 'NONE',  ( 0.000000000000000000, 0.000000000000000000, -1.000000000000000000 ) ) ;
#12 = SURFACE_STYLE_USAGE ( .BOTH. , #1270 ) ;
#13 = ADVANCED_FACE ( 'NONE', ( #755 ), #741, .T. ) ;
#14 =( LENGTH_UNIT ( ) NAMED_UNIT ( * ) SI_UNIT ( .MILLI., .METRE. ) );
#15 = SURFACE_STYLE_USAGE ( .BOTH. , #640 ) ;
#16 = CARTESIAN_POINT ( 'NONE',  ( -0.1368629150101525194, 0.000000000000000000, 0.000000000000000000 ) ) ;
#17 = ORIENTED_EDGE ( 'NONE', *, *, #725, .T. ) ;
#18 = VECTOR ( 'NONE', #523, 1000.000000000000000 ) ;
#19 = COLOUR_RGB ( '',0.4980392156862745168, 0.4980392156862745168, 0.4980392156862745168 ) ;
#20 = DIRECTION ( 'NONE',  ( 0.000000000000000000, 0.000000000000000000, -1.000000000000000000 ) ) ;
#21 = SURFACE_STYLE_FILL_AREA ( #1067 ) ;
#22 = EDGE_CURVE ( 'NONE', #701, #280, #833, .T. ) ;
#23 =( LENGTH_UNIT ( ) NAMED_UNIT ( * ) SI_UNIT ( .MILLI., .METRE. ) );
#24 = STYLED_ITEM ( 'NONE', ( #1138 ), #243 ) ;
#25 = DIRECTION ( 'NONE',  ( -0.000000000000000000, 1.000000000000000000, -0.000000000000000000 ) ) ;
#26 = ORIENTED_EDGE ( 'NONE', *, *, #689, .T. ) ;
#27 = DIRECTION ( 'NONE',  ( 1.000000000000000000, 0.000000000000000000, 0.000000000000000000 ) ) ;
#28 = COLOUR_RGB ( '',0.1098039215686274495, 0.1098039215686274495, 0.1098039215686274495 ) ;
#29 =( NAMED_UNIT ( * ) SI_UNIT ( $, .STERADIAN. ) SOLID_ANGLE_UNIT ( ) );
#30 = ADVANCED_FACE ( 'NONE', ( #38 ), #445, .F. ) ;
#31 = DIRECTION ( 'NONE',  ( 0.000000000000000000, 0.000000000000000000, -1.000000000000000000 ) ) ;
#32 = EDGE_LOOP ( 'NONE', ( #687, #1295, #806 ) ) ;
#33 = PRESENTATION_STYLE_ASSIGNMENT (( #364 ) ) ;
#34 = FACE_OUTER_BOUND ( 'NONE', #1257, .T. ) ;
#35 = DIRECTION ( 'NONE',  ( -0.000000000000000000, 1.000000000000000000, -0.000000000000000000 ) ) ;
#36 = PRESENTATION_LAYER_ASSIGNMENT (  '', '', ( #1153 ) ) ;
#37 = STYLED_ITEM ( 'NONE', ( #633 ), #1323 ) ;
#38 = FACE_OUTER_BOUND ( 'NONE', #1076, .T. ) ;
#39 = CARTESIAN_POINT ( 'NONE',  ( 0.8250000000000002887, 0.2700000000000000178, -0.6950000000000000622 ) ) ;
#40 = EDGE_CURVE ( 'NONE', #72, #933, #857, .T. ) ;
#41 = EDGE_LOOP ( 'NONE', ( #179, #967, #219 ) ) ;
#42 = PRESENTATION_STYLE_ASSIGNMENT (( #759 ) ) ;
#43 = SURFACE_SIDE_STYLE ('',( #249 ) ) ;
#44 = SURFACE_STYLE_USAGE ( .BOTH. , #889 ) ;
#45 = DIRECTION ( 'NONE',  ( -1.000000000000000000, 0.000000000000000000, 0.000000000000000000 ) ) ;
#46 =( NAMED_UNIT ( * ) SI_UNIT ( $, .STERADIAN. ) SOLID_ANGLE_UNIT ( ) );
#47 = ORIENTED_EDGE ( 'NONE', *, *, #474, .T. ) ;
#48 = CIRCLE ( 'NONE', #900, 0.1199999999999999956 ) ;
#49 = EDGE_CURVE ( 'NONE', #661, #657, #424, .T. ) ;
#50 =( GEOMETRIC_REPRESENTATION_CONTEXT ( 3 ) GLOBAL_UNCERTAINTY_ASSIGNED_CONTEXT ( ( #174 ) ) GLOBAL_UNIT_ASSIGNED_CONTEXT ( ( #1273, #555, #1178 ) ) REPRESENTATION_CONTEXT ( 'NONE', 'WORKASPACE' ) );
#51 = CARTESIAN_POINT ( 'NONE',  ( 0.5000000000000003331, 0.03999999999999996614, 0.4329999999999999960 ) ) ;
#52 = CARTESIAN_POINT ( 'NONE',  ( -0.8249999999999996225, 0.000000000000000000, -0.6950000000000000622 ) ) ;
#53 = VECTOR ( 'NONE', #643, 1000.000000000000000 ) ;
#54 = CARTESIAN_POINT ( 'NONE',  ( -0.7160909518824430942, 0.2939999999999999836, -0.6105215930791720869 ) ) ;
#55 = VECTOR ( 'NONE', #215, 1000.000000000000000 ) ;
#56 = ORIENTED_EDGE ( 'NONE', *, *, #391, .F. ) ;
#57 = EDGE_CURVE ( 'NONE', #814, #701, #3, .T. ) ;
#58 = CARTESIAN_POINT ( 'NONE',  ( 0.5000000000000003331, 0.03999999999999996614, 0.4329999999999999960 ) ) ;
#59 = SURFACE_STYLE_FILL_AREA ( #284 ) ;
#60 = CIRCLE ( 'NONE', #910, 0.1131370849898475917 ) ;
#61 = EDGE_LOOP ( 'NONE', ( #213, #544, #1004, #1064 ) ) ;
#62 = CARTESIAN_POINT ( 'NONE',  ( -0.7160909518824430942, 0.2939999999999999836, -0.6105215930791720869 ) ) ;
#63 = ADVANCED_FACE ( 'NONE', ( #340 ), #651, .T. ) ;
#64 = SURFACE_STYLE_USAGE ( .BOTH. , #587 ) ;
#65 = COLOUR_RGB ( '',0.8980392156862745390, 0.8980392156862745390, 0.8980392156862745390 ) ;
#66 = UNCERTAINTY_MEASURE_WITH_UNIT (LENGTH_MEASURE( 1.000000000000000082E-05 ), #775, 'distance_accuracy_value', 'NONE');
#67 = VERTEX_POINT ( 'NONE', #327 ) ;
#68 = DIRECTION ( 'NONE',  ( 1.000000000000000000, 0.000000000000000000, 0.000000000000000000 ) ) ;
#69 = CLOSED_SHELL ( 'NONE', ( #938, #1323, #1145, #1304, #908, #349, #30, #876, #586, #742, #13 ) ) ;
#70 = PRESENTATION_STYLE_ASSIGNMENT (( #64 ) ) ;
#71 =( NAMED_UNIT ( * ) PLANE_ANGLE_UNIT ( ) SI_UNIT ( $, .RADIAN. ) );
#72 = VERTEX_POINT ( 'NONE', #1164 ) ;
#73 =( NAMED_UNIT ( * ) SI_UNIT ( $, .STERADIAN. ) SOLID_ANGLE_UNIT ( ) );
#74 = FILL_AREA_STYLE ('',( #1023 ) ) ;
#75 = SPHERICAL_SURFACE ( 'NONE', #1048, 0.1199999999999999956 ) ;
#76 = DIRECTION ( 'NONE',  ( 0.000000000000000000, 0.000000000000000000, -1.000000000000000000 ) ) ;
#77 = ORIENTED_EDGE ( 'NONE', *, *, #258, .T. ) ;
#78 =( GEOMETRIC_REPRESENTATION_CONTEXT ( 3 ) GLOBAL_UNCERTAINTY_ASSIGNED_CONTEXT ( ( #127 ) ) GLOBAL_UNIT_ASSIGNED_CONTEXT ( ( #1107, #898, #383 ) ) REPRESENTATION_CONTEXT ( 'NONE', 'WORKASPACE' ) );
#79 = PRESENTATION_STYLE_ASSIGNMENT (( #107 ) ) ;
#80 = FACE_OUTER_BOUND ( 'NONE', #61, .T. ) ;
#81 = AXIS2_PLACEMENT_3D ( 'NONE', #994, #887, #1330 ) ;
#82 = LINE ( 'NONE', #394, #1085 ) ;
#83 = AXIS2_PLACEMENT_3D ( 'NONE', #827, #1339, #925 ) ;
#84 = ORIENTED_EDGE ( 'NONE', *, *, #460, .T. ) ;
#85 = VECTOR ( 'NONE', #950, 1000.000000000000000 ) ;
#86 = ORIENTED_EDGE ( 'NONE', *, *, #381, .F. ) ;
#87 = AXIS2_PLACEMENT_3D ( 'NONE', #1175, #973, #834 ) ;
#88 = EDGE_CURVE ( 'NONE', #618, #933, #451, .T. ) ;
#89 = CIRCLE ( 'NONE', #692, 0.1199999999999999956 ) ;
#90 = DIRECTION ( 'NONE',  ( 0.000000000000000000, 0.000000000000000000, -1.000000000000000000 ) ) ;
#91 = SPHERICAL_SURFACE ( 'NONE', #447, 0.1199999999999999956 ) ;
#92 = VERTEX_POINT ( 'NONE', #169 ) ;
#93 = DIRECTION ( 'NONE',  ( -1.000000000000000000, 0.000000000000000000, -0.000000000000000000 ) ) ;
#94 = FILL_AREA_STYLE ('',( #1043 ) ) ;
#95 = ORIENTED_EDGE ( 'NONE', *, *, #659, .F. ) ;
#96 = UNCERTAINTY_MEASURE_WITH_UNIT (LENGTH_MEASURE( 1.000000000000000082E-05 ), #558, 'distance_accuracy_value', 'NONE');
#97 = LINE ( 'NONE', #1160, #1171 ) ;
#98 = FILL_AREA_STYLE ('',( #912 ) ) ;
#99 = CARTESIAN_POINT ( 'NONE',  ( 3.252606517456513302E-16, 0.03999999999999996614, 0.4329999999999999960 ) ) ;
#100 = DIRECTION ( 'NONE',  ( 0.000000000000000000, 0.000000000000000000, -1.000000000000000000 ) ) ;
#101 = VERTEX_POINT ( 'NONE', #1223 ) ;
#102 = CARTESIAN_POINT ( 'NONE',  ( -0.2500000000000001110, 0.000000000000000000, 0.000000000000000000 ) ) ;
#103 = CARTESIAN_POINT ( 'NONE',  ( -0.8249999999999996225, 0.000000000000000000, 0.6949999999999998401 ) ) ;
#104 =( NAMED_UNIT ( * ) PLANE_ANGLE_UNIT ( ) SI_UNIT ( $, .RADIAN. ) );
#105 = ORIENTED_EDGE ( 'NONE', *, *, #1135, .F. ) ;
#106 = PRESENTATION_LAYER_ASSIGNMENT (  '', '', ( #1288 ) ) ;
#107 = SURFACE_STYLE_USAGE ( .BOTH. , #816 ) ;
#108 = SURFACE_STYLE_FILL_AREA ( #492 ) ;
#109 = EDGE_CURVE ( 'NONE', #654, #550, #793, .T. ) ;
#110 = ORIENTED_EDGE ( 'NONE', *, *, #1000, .T. ) ;
#111 = PRESENTATION_LAYER_ASSIGNMENT (  '', '', ( #849 ) ) ;
#112 = COLOUR_RGB ( '',0.8980392156862745390, 0.8980392156862745390, 0.8980392156862745390 ) ;
#113 = FILL_AREA_STYLE_COLOUR ( '', #1104 ) ;
#114 = ORIENTED_EDGE ( 'NONE', *, *, #57, .T. ) ;
#115 = AXIS2_PLACEMENT_3D ( 'NONE', #846, #1179, #860 ) ;
#116 = PRODUCT_DEFINITION_CONTEXT ( 'detailed design', #387, 'design' ) ;
#117 = PLANE ( 'NONE',  #268 ) ;
#118 = SPHERICAL_SURFACE ( 'NONE', #214, 0.1199999999999999956 ) ;
#119 = CIRCLE ( 'NONE', #1065, 0.1199999999999999956 ) ;
#120 = SURFACE_STYLE_USAGE ( .BOTH. , #346 ) ;
#121 = ORIENTED_EDGE ( 'NONE', *, *, #258, .F. ) ;
#122 = CARTESIAN_POINT ( 'NONE',  ( -0.8249999999999996225, 0.000000000000000000, 0.6949999999999998401 ) ) ;
#123 = PRODUCT_DEFINITION_SHAPE ( 'NONE', 'NONE',  #856 ) ;
#124 = PLANE ( 'NONE',  #300 ) ;
#125 = ORIENTED_EDGE ( 'NONE', *, *, #276, .F. ) ;
#126 = EDGE_LOOP ( 'NONE', ( #454, #987, #1266 ) ) ;
#127 = UNCERTAINTY_MEASURE_WITH_UNIT (LENGTH_MEASURE( 1.000000000000000082E-05 ), #1107, 'distance_accuracy_value', 'NONE');
#128 = ADVANCED_FACE ( 'NONE', ( #161 ), #788, .T. ) ;
#129 = CARTESIAN_POINT ( 'NONE',  ( 0.5000000000000003331, 0.000000000000000000, 0.4329999999999999960 ) ) ;
#130 = FACE_OUTER_BOUND ( 'NONE', #826, .T. ) ;
#131 =( LENGTH_UNIT ( ) NAMED_UNIT ( * ) SI_UNIT ( .MILLI., .METRE. ) );
#132 = DIRECTION ( 'NONE',  ( 0.000000000000000000, -0.000000000000000000, 1.000000000000000000 ) ) ;
#133 = LINE ( 'NONE', #39, #1201 ) ;
#134 = ORIENTED_EDGE ( 'NONE', *, *, #409, .T. ) ;
#135 = STYLED_ITEM ( 'NONE', ( #407 ), #811 ) ;
#136 = SURFACE_STYLE_FILL_AREA ( #344 ) ;
#137 = FILL_AREA_STYLE_COLOUR ( '', #28 ) ;
#138 = DIRECTION ( 'NONE',  ( 1.000000000000000000, 0.000000000000000000, 0.000000000000000000 ) ) ;
#139 = COLOUR_RGB ( '',0.8980392156862745390, 0.8980392156862745390, 0.8980392156862745390 ) ;
#140 = ORIENTED_EDGE ( 'NONE', *, *, #482, .T. ) ;
#141 = STYLED_ITEM ( 'NONE', ( #245 ), #63 ) ;
#142 = FILL_AREA_STYLE ('',( #1072 ) ) ;
#143 = LINE ( 'NONE', #981, #1177 ) ;
#144 = DIRECTION ( 'NONE',  ( 0.000000000000000000, 0.000000000000000000, -1.000000000000000000 ) ) ;
#145 = ADVANCED_FACE ( 'NONE', ( #691 ), #278, .T. ) ;
#146 = DIRECTION ( 'NONE',  ( -0.000000000000000000, 0.000000000000000000, -1.000000000000000000 ) ) ;
#147 = ORIENTED_EDGE ( 'NONE', *, *, #166, .F. ) ;
#148 = STYLED_ITEM ( 'NONE', ( #42 ), #630 ) ;
#149 = CARTESIAN_POINT ( 'NONE',  ( -0.4999999999999996669, 0.03999999999999996614, -0.4329999999999999960 ) ) ;
#150 =( NAMED_UNIT ( * ) PLANE_ANGLE_UNIT ( ) SI_UNIT ( $, .RADIAN. ) );
#151 = EDGE_LOOP ( 'NONE', ( #1292, #1071, #1010 ) ) ;
#152 = SHAPE_DEFINITION_REPRESENTATION ( #123, #448 ) ;
#153 = SURFACE_STYLE_FILL_AREA ( #666 ) ;
#154 = VERTEX_POINT ( 'NONE', #54 ) ;
#155 = FACE_OUTER_BOUND ( 'NONE', #993, .T. ) ;
#156 = PRESENTATION_LAYER_ASSIGNMENT (  '', '', ( #1204 ) ) ;
#157 = DIRECTION ( 'NONE',  ( 0.000000000000000000, 0.000000000000000000, 1.000000000000000000 ) ) ;
#158 = ORIENTED_EDGE ( 'NONE', *, *, #784, .T. ) ;
#159 = VECTOR ( 'NONE', #1113, 1000.000000000000000 ) ;
#160 =( NAMED_UNIT ( * ) PLANE_ANGLE_UNIT ( ) SI_UNIT ( $, .RADIAN. ) );
#161 = FACE_OUTER_BOUND ( 'NONE', #765, .T. ) ;
#162 = AXIS2_PLACEMENT_3D ( 'NONE', #129, #443, #20 ) ;
#163 = FILL_AREA_STYLE_COLOUR ( '', #1357 ) ;
#164 = ORIENTED_EDGE ( 'NONE', *, *, #374, .F. ) ;
#165 = SURFACE_STYLE_FILL_AREA ( #999 ) ;
#166 = EDGE_CURVE ( 'NONE', #483, #101, #991, .T. ) ;
#167 = FILL_AREA_STYLE_COLOUR ( '', #892 ) ;
#168 = CIRCLE ( 'NONE', #1271, 0.1131370849898476472 ) ;
#169 = CARTESIAN_POINT ( 'NONE',  ( 0.1131370849898479386, 0.000000000000000000, 0.4329999999999999960 ) ) ;
#170 = ORIENTED_EDGE ( 'NONE', *, *, #367, .F. ) ;
#171 = CARTESIAN_POINT ( 'NONE',  ( 0.8250000000000002887, 0.2700000000000000178, 0.6949999999999998401 ) ) ;
#172 = CIRCLE ( 'NONE', #688, 0.1199999999999999956 ) ;
#173 = PRESENTATION_LAYER_ASSIGNMENT (  '', '', ( #240 ) ) ;
#174 = UNCERTAINTY_MEASURE_WITH_UNIT (LENGTH_MEASURE( 1.000000000000000082E-05 ), #1273, 'distance_accuracy_value', 'NONE');
#175 = VERTEX_POINT ( 'NONE', #881 ) ;
#176 = FILL_AREA_STYLE ('',( #1296 ) ) ;
#177 = EDGE_CURVE ( 'NONE', #1030, #154, #901, .T. ) ;
#178 = FILL_AREA_STYLE_COLOUR ( '', #562 ) ;
#179 = ORIENTED_EDGE ( 'NONE', *, *, #257, .F. ) ;
#180 = DIRECTION ( 'NONE',  ( -0.000000000000000000, 1.000000000000000000, -0.000000000000000000 ) ) ;
#181 = CARTESIAN_POINT ( 'NONE',  ( 0.8250000000000002887, 0.000000000000000000, 0.6949999999999998401 ) ) ;
#182 = CARTESIAN_POINT ( 'NONE',  ( 0.8250000000000002887, 0.000000000000000000, 0.6949999999999998401 ) ) ;
#183 = SPHERICAL_SURFACE ( 'NONE', #1334, 0.1199999999999999956 ) ;
#184 = UNCERTAINTY_MEASURE_WITH_UNIT (LENGTH_MEASURE( 1.000000000000000082E-05 ), #658, 'distance_accuracy_value', 'NONE');
#185 = PRESENTATION_STYLE_ASSIGNMENT (( #1056 ) ) ;
#186 = EDGE_CURVE ( 'NONE', #347, #615, #48, .T. ) ;
#187 = ORIENTED_EDGE ( 'NONE', *, *, #1044, .T. ) ;
#188 = DIRECTION ( 'NONE',  ( -1.000000000000000000, 6.776263578034403699E-16, 0.000000000000000000 ) ) ;
#189 = CIRCLE ( 'NONE', #366, 0.1131370849898476472 ) ;
#190 = SURFACE_STYLE_FILL_AREA ( #1251 ) ;
#191 = ORIENTED_EDGE ( 'NONE', *, *, #506, .T. ) ;
#192 = CARTESIAN_POINT ( 'NONE',  ( -0.6131370849898473141, 0.000000000000000000, -0.4329999999999999960 ) ) ;
#193 = FACE_BOUND ( 'NONE', #751, .T. ) ;
#194 = CARTESIAN_POINT ( 'NONE',  ( 0.8250000000000002887, 0.2950000000000000400, -0.6950000000000000622 ) ) ;
#195 = CARTESIAN_POINT ( 'NONE',  ( -0.2500000000000001110, 0.03999999999999998002, 0.000000000000000000 ) ) ;
#196 = MECHANICAL_DESIGN_GEOMETRIC_PRESENTATION_REPRESENTATION (  '', ( #479 ), #308 ) ;
#197 = VERTEX_POINT ( 'NONE', #937 ) ;
#198 =( NAMED_UNIT ( * ) SI_UNIT ( $, .STERADIAN. ) SOLID_ANGLE_UNIT ( ) );
#199 = ORIENTED_EDGE ( 'NONE', *, *, #951, .T. ) ;
#200 = PRESENTATION_LAYER_ASSIGNMENT (  '', '', ( #246 ) ) ;
#201 = CARTESIAN_POINT ( 'NONE',  ( 0.5000000000000003331, 0.03999999999999996614, -0.4329999999999999960 ) ) ;
#202 = ORIENTED_EDGE ( 'NONE', *, *, #665, .T. ) ;
#203 = CARTESIAN_POINT ( 'NONE',  ( -0.3868629150101520753, 0.000000000000000000, -0.4329999999999999960 ) ) ;
#204 = STYLED_ITEM ( 'NONE', ( #1298 ), #349 ) ;
#205 = SURFACE_STYLE_USAGE ( .BOTH. , #1244 ) ;
#206 = ADVANCED_FACE ( 'NONE', ( #602 ), #183, .T. ) ;
#207 = PLANE ( 'NONE',  #740 ) ;
#208 = FILL_AREA_STYLE ('',( #1360 ) ) ;
#209 = DIRECTION ( 'NONE',  ( -0.000000000000000000, -1.000000000000000000, -0.000000000000000000 ) ) ;
#210 = EDGE_LOOP ( 'NONE', ( #589, #105, #1040, #446 ) ) ;
#211 = CARTESIAN_POINT ( 'NONE',  ( 3.252606517456513302E-16, 0.03999999999999996614, -0.4329999999999999960 ) ) ;
#212 = DIRECTION ( 'NONE',  ( 1.000000000000000000, 2.258754526011467735E-16, 0.000000000000000000 ) ) ;
#213 = ORIENTED_EDGE ( 'NONE', *, *, #460, .F. ) ;
#214 = AXIS2_PLACEMENT_3D ( 'NONE', #1061, #547, #533 ) ;
#215 = DIRECTION ( 'NONE',  ( 1.000000000000000000, 0.000000000000000000, 0.000000000000000000 ) ) ;
#216 = CARTESIAN_POINT ( 'NONE',  ( 0.6131370849898479802, 0.000000000000000000, 0.4329999999999999960 ) ) ;
#217 = EDGE_CURVE ( 'NONE', #1030, #101, #82, .T. ) ;
#218 = SURFACE_SIDE_STYLE ('',( #339 ) ) ;
#219 = ORIENTED_EDGE ( 'NONE', *, *, #1007, .F. ) ;
#220 = SURFACE_SIDE_STYLE ('',( #514 ) ) ;
#221 = STYLED_ITEM ( 'NONE', ( #997 ), #974 ) ;
#222 =( NAMED_UNIT ( * ) PLANE_ANGLE_UNIT ( ) SI_UNIT ( $, .RADIAN. ) );
#223 = FACE_OUTER_BOUND ( 'NONE', #151, .T. ) ;
#224 = DIRECTION ( 'NONE',  ( 0.000000000000000000, -0.000000000000000000, 1.000000000000000000 ) ) ;
#225 = APPLICATION_CONTEXT ( 'automotive_design' ) ;
#226 =( NAMED_UNIT ( * ) PLANE_ANGLE_UNIT ( ) SI_UNIT ( $, .RADIAN. ) );
#227 = ORIENTED_EDGE ( 'NONE', *, *, #270, .T. ) ;
#228 = DIRECTION ( 'NONE',  ( 1.000000000000000000, 0.000000000000000000, 0.000000000000000000 ) ) ;
#229 = CARTESIAN_POINT ( 'NONE',  ( -0.5736359134973036955, 0.2939999999999999836, -0.6105215930791720869 ) ) ;
#230 = EDGE_CURVE ( 'NONE', #550, #72, #1037, .T. ) ;
#231 = ORIENTED_EDGE ( 'NONE', *, *, #1163, .F. ) ;
#232 = UNCERTAINTY_MEASURE_WITH_UNIT (LENGTH_MEASURE( 1.000000000000000082E-05 ), #1006, 'distance_accuracy_value', 'NONE');
#233 = CARTESIAN_POINT ( 'NONE',  ( -0.4999999999999997780, -0.08000000000000001554, -0.4329999999999999960 ) ) ;
#234 = PRESENTATION_LAYER_ASSIGNMENT (  '', '', ( #384 ) ) ;
#235 = SURFACE_STYLE_USAGE ( .BOTH. , #746 ) ;
#236 = CARTESIAN_POINT ( 'NONE',  ( -0.8249999999999996225, 0.2700000000000000178, 0.6949999999999998401 ) ) ;
#237 =( NAMED_UNIT ( * ) SI_UNIT ( $, .STERADIAN. ) SOLID_ANGLE_UNIT ( ) );
#238 = CARTESIAN_POINT ( 'NONE',  ( 0.3868629150101527414, 0.000000000000000000, -0.4329999999999999960 ) ) ;
#239 = ORIENTED_EDGE ( 'NONE', *, *, #487, .F. ) ;
#240 = STYLED_ITEM ( 'NONE', ( #926 ), #931 ) ;
#241 = AXIS2_PLACEMENT_3D ( 'NONE', #102, #941, #729 ) ;
#242 = CARTESIAN_POINT ( 'NONE',  ( -0.7160909518824430942, 0.2939999999999999836, -0.4477158349247264413 ) ) ;
#243 = ADVANCED_FACE ( 'NONE', ( #1247 ), #91, .T. ) ;
#244 = LINE ( 'NONE', #1162, #402 ) ;
#245 = PRESENTATION_STYLE_ASSIGNMENT (( #15 ) ) ;
#246 = STYLED_ITEM ( 'NONE', ( #894 ), #128 ) ;
#247 = EDGE_LOOP ( 'NONE', ( #1301, #886, #606, #907 ) ) ;
#248 = LINE ( 'NONE', #563, #263 ) ;
#249 = SURFACE_STYLE_FILL_AREA ( #1001 ) ;
#250 = ADVANCED_FACE ( 'NONE', ( #720 ), #983, .T. ) ;
#251 = AXIS2_PLACEMENT_3D ( 'NONE', #149, #264, #188 ) ;
#252 = CARTESIAN_POINT ( 'NONE',  ( 0.2500000000000001110, 0.03999999999999998002, 0.000000000000000000 ) ) ;
#253 = ORIENTED_EDGE ( 'NONE', *, *, #482, .F. ) ;
#254 = DIRECTION ( 'NONE',  ( -1.000000000000000000, 0.000000000000000000, 0.000000000000000000 ) ) ;
#255 = DIRECTION ( 'NONE',  ( 0.000000000000000000, 0.000000000000000000, 1.000000000000000000 ) ) ;
#256 = VECTOR ( 'NONE', #1184, 1000.000000000000000 ) ;
#257 = EDGE_CURVE ( 'NONE', #579, #466, #885, .T. ) ;
#258 = EDGE_CURVE ( 'NONE', #1125, #483, #559, .T. ) ;
#259 = CARTESIAN_POINT ( 'NONE',  ( 0.000000000000000000, 0.000000000000000000, 0.000000000000000000 ) ) ;
#260 = SURFACE_STYLE_USAGE ( .BOTH. , #1083 ) ;
#261 = ORIENTED_EDGE ( 'NONE', *, *, #1155, .T. ) ;
#262 =( LENGTH_UNIT ( ) NAMED_UNIT ( * ) SI_UNIT ( .MILLI., .METRE. ) );
#263 = VECTOR ( 'NONE', #1097, 1000.000000000000000 ) ;
#264 = DIRECTION ( 'NONE',  ( 0.000000000000000000, -0.000000000000000000, 1.000000000000000000 ) ) ;
#265 = FILL_AREA_STYLE ('',( #167 ) ) ;
#266 = COLOUR_RGB ( '',0.8980392156862745390, 0.8980392156862745390, 0.8980392156862745390 ) ;
#267 =( NAMED_UNIT ( * ) PLANE_ANGLE_UNIT ( ) SI_UNIT ( $, .RADIAN. ) );
#268 = AXIS2_PLACEMENT_3D ( 'NONE', #863, #431, #325 ) ;
#269 =( LENGTH_UNIT ( ) NAMED_UNIT ( * ) SI_UNIT ( .MILLI., .METRE. ) );
#270 = EDGE_CURVE ( 'NONE', #197, #1188, #958, .T. ) ;
#271 = EDGE_LOOP ( 'NONE', ( #7, #1090, #572, #736 ) ) ;
#272 = PRESENTATION_LAYER_ASSIGNMENT (  '', '', ( #141 ) ) ;
#273 = SURFACE_SIDE_STYLE ('',( #59 ) ) ;
#274 = CIRCLE ( 'NONE', #87, 0.1131370849898476472 ) ;
#275 = ORIENTED_EDGE ( 'NONE', *, *, #1020, .F. ) ;
#276 = EDGE_CURVE ( 'NONE', #1280, #72, #1170, .T. ) ;
#277 = LINE ( 'NONE', #171, #1361 ) ;
#278 = SPHERICAL_SURFACE ( 'NONE', #421, 0.1199999999999999956 ) ;
#279 = MECHANICAL_DESIGN_GEOMETRIC_PRESENTATION_REPRESENTATION (  '', ( #37 ), #456 ) ;
#280 = VERTEX_POINT ( 'NONE', #433 ) ;
#281 =( NAMED_UNIT ( * ) SI_UNIT ( $, .STERADIAN. ) SOLID_ANGLE_UNIT ( ) );
#282 = LINE ( 'NONE', #1230, #18 ) ;
#283 = AXIS2_PLACEMENT_3D ( 'NONE', #472, #905, #669 ) ;
#284 = FILL_AREA_STYLE ('',( #906 ) ) ;
#285 = PRESENTATION_LAYER_ASSIGNMENT (  '', '', ( #584 ) ) ;
#286 = DIRECTION ( 'NONE',  ( 0.000000000000000000, 0.000000000000000000, -1.000000000000000000 ) ) ;
#287 = ORIENTED_EDGE ( 'NONE', *, *, #1353, .T. ) ;
#288 = DIRECTION ( 'NONE',  ( 0.000000000000000000, -0.000000000000000000, 1.000000000000000000 ) ) ;
#289 =( NAMED_UNIT ( * ) SI_UNIT ( $, .STERADIAN. ) SOLID_ANGLE_UNIT ( ) );
#290 = CARTESIAN_POINT ( 'NONE',  ( 3.252606517456513302E-16, 0.000000000000000000, 0.4329999999999999960 ) ) ;
#291 = CARTESIAN_POINT ( 'NONE',  ( -0.8249999999999996225, 0.2950000000000000400, -0.6950000000000000622 ) ) ;
#292 = DIRECTION ( 'NONE',  ( 1.000000000000000000, 0.000000000000000000, 0.000000000000000000 ) ) ;
#293 = EDGE_CURVE ( 'NONE', #357, #1285, #244, .T. ) ;
#294 = FILL_AREA_STYLE ('',( #1232 ) ) ;
#295 =( GEOMETRIC_REPRESENTATION_CONTEXT ( 3 ) GLOBAL_UNCERTAINTY_ASSIGNED_CONTEXT ( ( #486 ) ) GLOBAL_UNIT_ASSIGNED_CONTEXT ( ( #23, #1080, #29 ) ) REPRESENTATION_CONTEXT ( 'NONE', 'WORKASPACE' ) );
#296 = FILL_AREA_STYLE_COLOUR ( '', #646 ) ;
#297 = ORIENTED_EDGE ( 'NONE', *, *, #401, .T. ) ;
#298 =( NAMED_UNIT ( * ) SI_UNIT ( $, .STERADIAN. ) SOLID_ANGLE_UNIT ( ) );
#299 = DIRECTION ( 'NONE',  ( 1.000000000000000000, 0.000000000000000000, 1.224646799147353207E-16 ) ) ;
#300 = AXIS2_PLACEMENT_3D ( 'NONE', #319, #551, #539 ) ;
#301 = UNCERTAINTY_MEASURE_WITH_UNIT (LENGTH_MEASURE( 1.000000000000000082E-05 ), #670, 'distance_accuracy_value', 'NONE');
#302 = DIRECTION ( 'NONE',  ( -1.000000000000000000, 6.776263578034403699E-16, 0.000000000000000000 ) ) ;
#303 = EDGE_LOOP ( 'NONE', ( #771, #1032, #227, #1052 ) ) ;
#304 = STYLED_ITEM ( 'NONE', ( #1098 ), #1241 ) ;
#305 = CARTESIAN_POINT ( 'NONE',  ( -0.3631370849898477027, 0.000000000000000000, -1.385529689976789159E-17 ) ) ;
#306 =( LENGTH_UNIT ( ) NAMED_UNIT ( * ) SI_UNIT ( .MILLI., .METRE. ) );
#307 = SURFACE_STYLE_USAGE ( .BOTH. , #824 ) ;
#308 =( GEOMETRIC_REPRESENTATION_CONTEXT ( 3 ) GLOBAL_UNCERTAINTY_ASSIGNED_CONTEXT ( ( #1132 ) ) GLOBAL_UNIT_ASSIGNED_CONTEXT ( ( #306, #104, #198 ) ) REPRESENTATION_CONTEXT ( 'NONE', 'WORKASPACE' ) );
#309 = ORIENTED_EDGE ( 'NONE', *, *, #452, .T. ) ;
#310 = CARTESIAN_POINT ( 'NONE',  ( -0.7160909518824430942, 0.2939999999999999836, -0.6105215930791720869 ) ) ;
#311 = EDGE_CURVE ( 'NONE', #758, #466, #743, .T. ) ;
#312 = SPHERICAL_SURFACE ( 'NONE', #1062, 0.1199999999999999956 ) ;
#313 = CARTESIAN_POINT ( 'NONE',  ( -0.5736359134973036955, 0.2939999999999999836, -0.4477158349247264413 ) ) ;
#314 = ORIENTED_EDGE ( 'NONE', *, *, #49, .T. ) ;
#315 = DIRECTION ( 'NONE',  ( -1.000000000000000000, 0.000000000000000000, 0.000000000000000000 ) ) ;
#316 = SURFACE_SIDE_STYLE ('',( #1258 ) ) ;
#317 = PRESENTATION_LAYER_ASSIGNMENT (  '', '', ( #1089 ) ) ;
#318 = EDGE_LOOP ( 'NONE', ( #1114, #187 ) ) ;
#319 = CARTESIAN_POINT ( 'NONE',  ( 0.000000000000000000, 0.2700000000000000178, 0.000000000000000000 ) ) ;
#320 =( LENGTH_UNIT ( ) NAMED_UNIT ( * ) SI_UNIT ( .MILLI., .METRE. ) );
#321 = MECHANICAL_DESIGN_GEOMETRIC_PRESENTATION_REPRESENTATION (  '', ( #148 ), #838 ) ;
#322 = DIRECTION ( 'NONE',  ( -0.000000000000000000, 1.000000000000000000, -0.000000000000000000 ) ) ;
#323 = ORIENTED_EDGE ( 'NONE', *, *, #920, .F. ) ;
#324 = PRODUCT_DEFINITION_FORMATION_WITH_SPECIFIED_SOURCE ( 'ANY', '', #1100, .NOT_KNOWN. ) ;
#325 = DIRECTION ( 'NONE',  ( 0.000000000000000000, 0.000000000000000000, 1.000000000000000000 ) ) ;
#326 =( NAMED_UNIT ( * ) SI_UNIT ( $, .STERADIAN. ) SOLID_ANGLE_UNIT ( ) );
#327 = CARTESIAN_POINT ( 'NONE',  ( -0.2500000000000000555, -0.08000000000000000167, 0.000000000000000000 ) ) ;
#328 = COLOUR_RGB ( '',0.1098039215686274495, 0.1098039215686274495, 0.1098039215686274495 ) ;
#329 = CIRCLE ( 'NONE', #241, 0.1131370849898475917 ) ;
#330 = CARTESIAN_POINT ( 'NONE',  ( -0.7160909518824430942, 0.2939999999999999836, -0.6105215930791720869 ) ) ;
#331 = DIRECTION ( 'NONE',  ( -1.224646799147353207E-16, 7.958476010334447722E-32, 1.000000000000000000 ) ) ;
#332 = CARTESIAN_POINT ( 'NONE',  ( 0.8250000000000002887, 0.2950000000000000400, -0.6950000000000000622 ) ) ;
#333 = DIRECTION ( 'NONE',  ( 0.000000000000000000, 0.000000000000000000, -1.000000000000000000 ) ) ;
#334 = ADVANCED_FACE ( 'NONE', ( #1069 ), #444, .F. ) ;
#335 = COLOUR_RGB ( '',0.8980392156862745390, 0.8980392156862745390, 0.8980392156862745390 ) ;
#336 = CARTESIAN_POINT ( 'NONE',  ( 0.3868629150101527414, 0.000000000000000000, 0.4329999999999999960 ) ) ;
#337 = ORIENTED_EDGE ( 'NONE', *, *, #49, .F. ) ;
#338 = CARTESIAN_POINT ( 'NONE',  ( -0.8249999999999996225, 0.2700000000000000178, 0.6949999999999998401 ) ) ;
#339 = SURFACE_STYLE_FILL_AREA ( #541 ) ;
#340 = FACE_OUTER_BOUND ( 'NONE', #503, .T. ) ;
#341 = DIRECTION ( 'NONE',  ( -0.000000000000000000, -1.000000000000000000, -0.000000000000000000 ) ) ;
#342 = SURFACE_STYLE_FILL_AREA ( #653 ) ;
#343 = ORIENTED_EDGE ( 'NONE', *, *, #217, .F. ) ;
#344 = FILL_AREA_STYLE ('',( #1286 ) ) ;
#345 = AXIS2_PLACEMENT_3D ( 'NONE', #1165, #4, #11 ) ;
#346 = SURFACE_SIDE_STYLE ('',( #1287 ) ) ;
#347 = VERTEX_POINT ( 'NONE', #1277 ) ;
#348 = MECHANICAL_DESIGN_GEOMETRIC_PRESENTATION_REPRESENTATION (  '', ( #1355 ), #919 ) ;
#349 = ADVANCED_FACE ( 'NONE', ( #1283 ), #975, .F. ) ;
#350 =( GEOMETRIC_REPRESENTATION_CONTEXT ( 3 ) GLOBAL_UNCERTAINTY_ASSIGNED_CONTEXT ( ( #1350 ) ) GLOBAL_UNIT_ASSIGNED_CONTEXT ( ( #369, #71, #46 ) ) REPRESENTATION_CONTEXT ( 'NONE', 'WORKASPACE' ) );
#351 = LINE ( 'NONE', #1126, #1009 ) ;
#352 = SPHERICAL_SURFACE ( 'NONE', #491, 0.1199999999999999956 ) ;
#353 = PRESENTATION_LAYER_ASSIGNMENT (  '', '', ( #803 ) ) ;
#354 = DIRECTION ( 'NONE',  ( 0.000000000000000000, 0.000000000000000000, 1.000000000000000000 ) ) ;
#355 = VECTOR ( 'NONE', #1290, 1000.000000000000000 ) ;
#356 =( NAMED_UNIT ( * ) SI_UNIT ( $, .STERADIAN. ) SOLID_ANGLE_UNIT ( ) );
#357 = VERTEX_POINT ( 'NONE', #52 ) ;
#358 = CARTESIAN_POINT ( 'NONE',  ( 0.2500000000000000555, -0.08000000000000000167, 0.000000000000000000 ) ) ;
#359 = LINE ( 'NONE', #769, #420 ) ;
#360 = FILL_AREA_STYLE_COLOUR ( '', #139 ) ;
#361 = DIRECTION ( 'NONE',  ( -1.000000000000000000, 0.000000000000000000, -0.000000000000000000 ) ) ;
#362 = ORIENTED_EDGE ( 'NONE', *, *, #177, .T. ) ;
#363 = DIRECTION ( 'NONE',  ( -0.000000000000000000, 0.000000000000000000, 1.000000000000000000 ) ) ;
#364 = SURFACE_STYLE_USAGE ( .BOTH. , #1130 ) ;
#365 = SURFACE_STYLE_FILL_AREA ( #265 ) ;
#366 = AXIS2_PLACEMENT_3D ( 'NONE', #804, #322, #76 ) ;
#367 = EDGE_CURVE ( 'NONE', #418, #1180, #1294, .T. ) ;
#368 = DIRECTION ( 'NONE',  ( -1.000000000000000000, 6.776263578034403699E-16, 0.000000000000000000 ) ) ;
#369 =( LENGTH_UNIT ( ) NAMED_UNIT ( * ) SI_UNIT ( .MILLI., .METRE. ) );
#370 = ORIENTED_EDGE ( 'NONE', *, *, #621, .F. ) ;
#371 = SURFACE_SIDE_STYLE ('',( #165 ) ) ;
#372 = SURFACE_STYLE_USAGE ( .BOTH. , #43 ) ;
#373 = STYLED_ITEM ( 'NONE', ( #1228 ), #865 ) ;
#374 = EDGE_CURVE ( 'NONE', #837, #875, #359, .T. ) ;
#375 = PRESENTATION_LAYER_ASSIGNMENT (  '', '', ( #531 ) ) ;
#376 = VERTEX_POINT ( 'NONE', #664 ) ;
#377 = PRESENTATION_LAYER_ASSIGNMENT (  '', '', ( #204 ) ) ;
#378 = DIRECTION ( 'NONE',  ( 0.000000000000000000, -0.000000000000000000, 1.000000000000000000 ) ) ;
#379 = UNCERTAINTY_MEASURE_WITH_UNIT (LENGTH_MEASURE( 1.000000000000000082E-05 ), #131, 'distance_accuracy_value', 'NONE');
#380 = ORIENTED_EDGE ( 'NONE', *, *, #430, .F. ) ;
#381 = EDGE_CURVE ( 'NONE', #933, #795, #1192, .T. ) ;
#382 = FILL_AREA_STYLE_COLOUR ( '', #266 ) ;
#383 =( NAMED_UNIT ( * ) SI_UNIT ( $, .STERADIAN. ) SOLID_ANGLE_UNIT ( ) );
#384 = STYLED_ITEM ( 'NONE', ( #774 ), #1182 ) ;
#385 = CARTESIAN_POINT ( 'NONE',  ( 3.252606517456513302E-16, 0.03999999999999996614, 0.4329999999999999960 ) ) ;
#386 = AXIS2_PLACEMENT_3D ( 'NONE', #497, #809, #299 ) ;
#387 = APPLICATION_CONTEXT ( 'automotive_design' ) ;
#388 = ORIENTED_EDGE ( 'NONE', *, *, #1212, .T. ) ;
#389 = DIRECTION ( 'NONE',  ( 0.000000000000000000, 0.000000000000000000, 1.000000000000000000 ) ) ;
#390 = CARTESIAN_POINT ( 'NONE',  ( 0.2500000000000001110, 0.03999999999999998002, 0.000000000000000000 ) ) ;
#391 = EDGE_CURVE ( 'NONE', #657, #1250, #760, .T. ) ;
#392 = CARTESIAN_POINT ( 'NONE',  ( -0.4999999999999996669, 0.03999999999999996614, 0.4329999999999999960 ) ) ;
#393 = VECTOR ( 'NONE', #1046, 1000.000000000000000 ) ;
#394 = CARTESIAN_POINT ( 'NONE',  ( -0.5736359134973036955, 0.2939999999999999836, -0.6105215930791720869 ) ) ;
#395 = UNCERTAINTY_MEASURE_WITH_UNIT (LENGTH_MEASURE( 1.000000000000000082E-05 ), #1246, 'distance_accuracy_value', 'NONE');
#396 = CARTESIAN_POINT ( 'NONE',  ( -0.5736359134973036955, 0.2939999999999999836, -0.6105215930791720869 ) ) ;
#397 = ORIENTED_EDGE ( 'NONE', *, *, #1260, .F. ) ;
#398 = CARTESIAN_POINT ( 'NONE',  ( 3.252606517456513302E-16, 0.03999999999999996614, 0.4329999999999999960 ) ) ;
#399 = MECHANICAL_DESIGN_GEOMETRIC_PRESENTATION_REPRESENTATION (  '', ( #803 ), #1279 ) ;
#400 = FILL_AREA_STYLE_COLOUR ( '', #19 ) ;
#401 = EDGE_CURVE ( 'NONE', #1157, #789, #277, .T. ) ;
#402 = VECTOR ( 'NONE', #639, 1000.000000000000000 ) ;
#403 = CARTESIAN_POINT ( 'NONE',  ( 3.252606517456513302E-16, 0.03999999999999996614, -0.4329999999999999960 ) ) ;
#404 = EDGE_LOOP ( 'NONE', ( #337, #961, #56 ) ) ;
#405 = PLANE ( 'NONE',  #850 ) ;
#406 = CARTESIAN_POINT ( 'NONE',  ( -0.8249999999999996225, 0.2700000000000000178, -0.6950000000000000622 ) ) ;
#407 = PRESENTATION_STYLE_ASSIGNMENT (( #1036 ) ) ;
#408 = SURFACE_STYLE_FILL_AREA ( #294 ) ;
#409 = EDGE_CURVE ( 'NONE', #154, #376, #880, .T. ) ;
#410 = CARTESIAN_POINT ( 'NONE',  ( 0.8250000000000002887, 0.2700000000000000178, 0.6949999999999998401 ) ) ;
#411 = EDGE_LOOP ( 'NONE', ( #84, #959, #1352, #297 ) ) ;
#412 =( GEOMETRIC_REPRESENTATION_CONTEXT ( 3 ) GLOBAL_UNCERTAINTY_ASSIGNED_CONTEXT ( ( #232 ) ) GLOBAL_UNIT_ASSIGNED_CONTEXT ( ( #1006, #150, #988 ) ) REPRESENTATION_CONTEXT ( 'NONE', 'WORKASPACE' ) );
#413 = DIRECTION ( 'NONE',  ( -1.224646799147353207E-16, 7.958476010334447722E-32, 1.000000000000000000 ) ) ;
#414 =( NAMED_UNIT ( * ) SI_UNIT ( $, .STERADIAN. ) SOLID_ANGLE_UNIT ( ) );
#415 = CIRCLE ( 'NONE', #709, 0.1199999999999999956 ) ;
#416 = DIRECTION ( 'NONE',  ( 0.000000000000000000, 0.000000000000000000, -1.000000000000000000 ) ) ;
#417 = MECHANICAL_DESIGN_GEOMETRIC_PRESENTATION_REPRESENTATION (  '', ( #240 ), #527 ) ;
#418 = VERTEX_POINT ( 'NONE', #484 ) ;
#419 = CARTESIAN_POINT ( 'NONE',  ( -0.2500000000000001110, 0.03999999999999998002, 0.000000000000000000 ) ) ;
#420 = VECTOR ( 'NONE', #1099, 1000.000000000000000 ) ;
#421 = AXIS2_PLACEMENT_3D ( 'NONE', #582, #680, #481 ) ;
#422 = SURFACE_SIDE_STYLE ('',( #980 ) ) ;
#423 = DIRECTION ( 'NONE',  ( 1.000000000000000000, 0.000000000000000000, -0.000000000000000000 ) ) ;
#424 = CIRCLE ( 'NONE', #1190, 0.1199999999999999956 ) ;
#425 = ORIENTED_EDGE ( 'NONE', *, *, #186, .F. ) ;
#426 = MANIFOLD_SOLID_BREP ( 'Cut-Extrude1', #69 ) ;
#427 = DIRECTION ( 'NONE',  ( 1.000000000000000000, 0.000000000000000000, 0.000000000000000000 ) ) ;
#428 = VECTOR ( 'NONE', #254, 1000.000000000000000 ) ;
#429 = PRESENTATION_STYLE_ASSIGNMENT (( #6 ) ) ;
#430 = EDGE_CURVE ( 'NONE', #528, #955, #671, .T. ) ;
#431 = DIRECTION ( 'NONE',  ( -1.000000000000000000, 0.000000000000000000, 0.000000000000000000 ) ) ;
#432 = SURFACE_STYLE_FILL_AREA ( #595 ) ;
#433 = CARTESIAN_POINT ( 'NONE',  ( -0.1131370849898472863, 0.000000000000000000, -0.4329999999999999960 ) ) ;
#434 = ORIENTED_EDGE ( 'NONE', *, *, #436, .T. ) ;
#435 = VECTOR ( 'NONE', #209, 1000.000000000000000 ) ;
#436 = EDGE_CURVE ( 'NONE', #623, #471, #89, .T. ) ;
#437 = FACE_OUTER_BOUND ( 'NONE', #675, .T. ) ;
#438 = CARTESIAN_POINT ( 'NONE',  ( -0.8249999999999996225, 0.2700000000000000178, 0.6949999999999998401 ) ) ;
#439 = FILL_AREA_STYLE ('',( #513 ) ) ;
#440 = AXIS2_PLACEMENT_3D ( 'NONE', #1127, #363, #1202 ) ;
#441 = ORIENTED_EDGE ( 'NONE', *, *, #1123, .F. ) ;
#442 = COLOUR_RGB ( '',0.1098039215686274495, 0.1098039215686274495, 0.1098039215686274495 ) ;
#443 = DIRECTION ( 'NONE',  ( -0.000000000000000000, 1.000000000000000000, -0.000000000000000000 ) ) ;
#444 = PLANE ( 'NONE',  #1299 ) ;
#445 = PLANE ( 'NONE',  #1335 ) ;
#446 = ORIENTED_EDGE ( 'NONE', *, *, #88, .T. ) ;
#447 = AXIS2_PLACEMENT_3D ( 'NONE', #99, #525, #517 ) ;
#448 = ADVANCED_BREP_SHAPE_REPRESENTATION ( 'CAT24C512C8UTR', ( #426, #865, #564 ), #913 ) ;
#449 = PRESENTATION_STYLE_ASSIGNMENT (( #12 ) ) ;
#450 = LINE ( 'NONE', #1169, #817 ) ;
#451 = LINE ( 'NONE', #866, #355 ) ;
#452 = EDGE_CURVE ( 'NONE', #623, #175, #119, .T. ) ;
#453 =( NAMED_UNIT ( * ) PLANE_ANGLE_UNIT ( ) SI_UNIT ( $, .RADIAN. ) );
#454 = ORIENTED_EDGE ( 'NONE', *, *, #776, .F. ) ;
#455 = AXIS2_PLACEMENT_3D ( 'NONE', #502, #1242, #1133 ) ;
#456 =( GEOMETRIC_REPRESENTATION_CONTEXT ( 3 ) GLOBAL_UNCERTAINTY_ASSIGNED_CONTEXT ( ( #1341 ) ) GLOBAL_UNIT_ASSIGNED_CONTEXT ( ( #625, #839, #731 ) ) REPRESENTATION_CONTEXT ( 'NONE', 'WORKASPACE' ) );
#457 = PRESENTATION_STYLE_ASSIGNMENT (( #372 ) ) ;
#458 = CARTESIAN_POINT ( 'NONE',  ( -0.5736359134973036955, 0.2939999999999999836, -0.4477158349247264413 ) ) ;
#459 = FILL_AREA_STYLE_COLOUR ( '', #335 ) ;
#460 = EDGE_CURVE ( 'NONE', #789, #1344, #801, .T. ) ;
#461 = ORIENTED_EDGE ( 'NONE', *, *, #673, .F. ) ;
#462 = STYLED_ITEM ( 'NONE', ( #429 ), #938 ) ;
#463 = LINE ( 'NONE', #877, #428 ) ;
#464 = DIRECTION ( 'NONE',  ( 0.000000000000000000, 0.000000000000000000, 1.000000000000000000 ) ) ;
#465 = CARTESIAN_POINT ( 'NONE',  ( 0.5000000000000003331, 0.03999999999999996614, -0.4329999999999999960 ) ) ;
#466 = VERTEX_POINT ( 'NONE', #192 ) ;
#467 =( GEOMETRIC_REPRESENTATION_CONTEXT ( 3 ) GLOBAL_UNCERTAINTY_ASSIGNED_CONTEXT ( ( #395 ) ) GLOBAL_UNIT_ASSIGNED_CONTEXT ( ( #1246, #1035, #608 ) ) REPRESENTATION_CONTEXT ( 'NONE', 'WORKASPACE' ) );
#468 = CARTESIAN_POINT ( 'NONE',  ( -0.8249999999999996225, 0.2700000000000000178, 0.6949999999999998401 ) ) ;
#469 =( NAMED_UNIT ( * ) PLANE_ANGLE_UNIT ( ) SI_UNIT ( $, .RADIAN. ) );
#470 = DIRECTION ( 'NONE',  ( -1.000000000000000000, 0.000000000000000000, 0.000000000000000000 ) ) ;
#471 = VERTEX_POINT ( 'NONE', #1053 ) ;
#472 = CARTESIAN_POINT ( 'NONE',  ( 0.000000000000000000, 0.000000000000000000, 0.000000000000000000 ) ) ;
#473 = CARTESIAN_POINT ( 'NONE',  ( -0.7160909518824430942, 0.2950000000000000400, -0.6105215930791720869 ) ) ;
#474 = EDGE_CURVE ( 'NONE', #618, #561, #1253, .T. ) ;
#475 =( NAMED_UNIT ( * ) SI_UNIT ( $, .STERADIAN. ) SOLID_ANGLE_UNIT ( ) );
#476 =( GEOMETRIC_REPRESENTATION_CONTEXT ( 3 ) GLOBAL_UNCERTAINTY_ASSIGNED_CONTEXT ( ( #716 ) ) GLOBAL_UNIT_ASSIGNED_CONTEXT ( ( #14, #947, #326 ) ) REPRESENTATION_CONTEXT ( 'NONE', 'WORKASPACE' ) );
#477 = DIRECTION ( 'NONE',  ( 0.000000000000000000, 0.000000000000000000, -1.000000000000000000 ) ) ;
#478 = ORIENTED_EDGE ( 'NONE', *, *, #1020, .T. ) ;
#479 = STYLED_ITEM ( 'NONE', ( #732 ), #908 ) ;
#480 = DIRECTION ( 'NONE',  ( 0.000000000000000000, 0.000000000000000000, -1.000000000000000000 ) ) ;
#481 = DIRECTION ( 'NONE',  ( -1.000000000000000000, 2.258754526011467735E-16, 0.000000000000000000 ) ) ;
#482 = EDGE_CURVE ( 'NONE', #175, #471, #567, .T. ) ;
#483 = VERTEX_POINT ( 'NONE', #1131 ) ;
#484 = CARTESIAN_POINT ( 'NONE',  ( 0.5000000000000002220, -0.08000000000000001554, 0.4329999999999999960 ) ) ;
#485 =( NAMED_UNIT ( * ) SI_UNIT ( $, .STERADIAN. ) SOLID_ANGLE_UNIT ( ) );
#486 = UNCERTAINTY_MEASURE_WITH_UNIT (LENGTH_MEASURE( 1.000000000000000082E-05 ), #23, 'distance_accuracy_value', 'NONE');
#487 = EDGE_CURVE ( 'NONE', #1016, #197, #282, .T. ) ;
#488 = ORIENTED_EDGE ( 'NONE', *, *, #40, .F. ) ;
#489 = CARTESIAN_POINT ( 'NONE',  ( -0.7160909518824430942, 0.2950000000000000400, -0.4477158349247264413 ) ) ;
#490 = SURFACE_STYLE_FILL_AREA ( #98 ) ;
#491 = AXIS2_PLACEMENT_3D ( 'NONE', #1307, #1196, #888 ) ;
#492 = FILL_AREA_STYLE ('',( #509 ) ) ;
#493 = STYLED_ITEM ( 'NONE', ( #1159 ), #1304 ) ;
#494 = ORIENTED_EDGE ( 'NONE', *, *, #529, .F. ) ;
#495 = CARTESIAN_POINT ( 'NONE',  ( 0.1368629150101525194, 0.000000000000000000, 0.000000000000000000 ) ) ;
#496 = ADVANCED_FACE ( 'NONE', ( #1342 ), #207, .F. ) ;
#497 = CARTESIAN_POINT ( 'NONE',  ( 0.2500000000000001110, 0.03999999999999998002, 0.000000000000000000 ) ) ;
#498 = ADVANCED_FACE ( 'NONE', ( #946 ), #75, .T. ) ;
#499 = CARTESIAN_POINT ( 'NONE',  ( 0.8250000000000002887, 0.2950000000000000400, 0.6949999999999998401 ) ) ;
#500 = COLOUR_RGB ( '',0.7921568627450980005, 0.8196078431372548767, 0.9333333333333333481 ) ;
#501 = UNCERTAINTY_MEASURE_WITH_UNIT (LENGTH_MEASURE( 1.000000000000000082E-05 ), #262, 'distance_accuracy_value', 'NONE');
#502 = CARTESIAN_POINT ( 'NONE',  ( 0.5000000000000003331, 0.000000000000000000, -0.4329999999999999960 ) ) ;
#503 = EDGE_LOOP ( 'NONE', ( #627, #309, #940 ) ) ;
#504 = FACE_OUTER_BOUND ( 'NONE', #1320, .T. ) ;
#505 = ORIENTED_EDGE ( 'NONE', *, *, #1000, .F. ) ;
#506 = EDGE_CURVE ( 'NONE', #1344, #357, #97, .T. ) ;
#507 = SURFACE_SIDE_STYLE ('',( #599 ) ) ;
#508 = CARTESIAN_POINT ( 'NONE',  ( -0.8249999999999996225, 0.2700000000000000178, 0.6949999999999998401 ) ) ;
#509 = FILL_AREA_STYLE_COLOUR ( '', #923 ) ;
#510 = COLOUR_RGB ( '',0.4980392156862745168, 0.4980392156862745168, 0.4980392156862745168 ) ;
#511 =( LENGTH_UNIT ( ) NAMED_UNIT ( * ) SI_UNIT ( .MILLI., .METRE. ) );
#512 = ORIENTED_EDGE ( 'NONE', *, *, #217, .T. ) ;
#513 = FILL_AREA_STYLE_COLOUR ( '', #792 ) ;
#514 = SURFACE_STYLE_FILL_AREA ( #94 ) ;
#515 = DIRECTION ( 'NONE',  ( 0.000000000000000000, 0.000000000000000000, -1.000000000000000000 ) ) ;
#516 = EDGE_CURVE ( 'NONE', #1180, #2, #577, .T. ) ;
#517 = DIRECTION ( 'NONE',  ( -1.000000000000000000, 6.776263578034403699E-16, 0.000000000000000000 ) ) ;
#518 = UNCERTAINTY_MEASURE_WITH_UNIT (LENGTH_MEASURE( 1.000000000000000082E-05 ), #1121, 'distance_accuracy_value', 'NONE');
#519 = AXIS2_PLACEMENT_3D ( 'NONE', #195, #416, #825 ) ;
#520 = ORIENTED_EDGE ( 'NONE', *, *, #920, .T. ) ;
#521 = PRESENTATION_LAYER_ASSIGNMENT (  '', '', ( #493 ) ) ;
#522 =( NAMED_UNIT ( * ) PLANE_ANGLE_UNIT ( ) SI_UNIT ( $, .RADIAN. ) );
#523 = DIRECTION ( 'NONE',  ( -1.000000000000000000, -0.000000000000000000, -0.000000000000000000 ) ) ;
#524 = DIRECTION ( 'NONE',  ( 0.000000000000000000, -0.000000000000000000, 1.000000000000000000 ) ) ;
#525 = DIRECTION ( 'NONE',  ( 0.000000000000000000, 0.000000000000000000, 1.000000000000000000 ) ) ;
#526 = DIRECTION ( 'NONE',  ( 0.000000000000000000, 0.000000000000000000, -1.000000000000000000 ) ) ;
#527 =( GEOMETRIC_REPRESENTATION_CONTEXT ( 3 ) GLOBAL_UNCERTAINTY_ASSIGNED_CONTEXT ( ( #932 ) ) GLOBAL_UNIT_ASSIGNED_CONTEXT ( ( #1066, #522, #298 ) ) REPRESENTATION_CONTEXT ( 'NONE', 'WORKASPACE' ) );
#528 = VERTEX_POINT ( 'NONE', #1281 ) ;
#529 = EDGE_CURVE ( 'NONE', #376, #1125, #962, .T. ) ;
#530 = DIRECTION ( 'NONE',  ( 0.000000000000000000, 0.000000000000000000, -1.000000000000000000 ) ) ;
#531 = STYLED_ITEM ( 'NONE', ( #70 ), #145 ) ;
#532 = DIRECTION ( 'NONE',  ( 1.000000000000000000, 0.000000000000000000, 0.000000000000000000 ) ) ;
#533 = DIRECTION ( 'NONE',  ( -1.000000000000000000, 6.776263578034403699E-16, 0.000000000000000000 ) ) ;
#534 =( NAMED_UNIT ( * ) SI_UNIT ( $, .STERADIAN. ) SOLID_ANGLE_UNIT ( ) );
#535 = ORIENTED_EDGE ( 'NONE', *, *, #529, .T. ) ;
#536 = MECHANICAL_DESIGN_GEOMETRIC_PRESENTATION_REPRESENTATION (  '', ( #1089 ), #787 ) ;
#537 = EDGE_CURVE ( 'NONE', #795, #1280, #854, .T. ) ;
#538 = ORIENTED_EDGE ( 'NONE', *, *, #367, .T. ) ;
#539 = DIRECTION ( 'NONE',  ( 0.000000000000000000, -0.000000000000000000, -1.000000000000000000 ) ) ;
#540 = CARTESIAN_POINT ( 'NONE',  ( -0.8249999999999996225, 0.2700000000000000178, 0.6949999999999998401 ) ) ;
#541 = FILL_AREA_STYLE ('',( #137 ) ) ;
#542 = CARTESIAN_POINT ( 'NONE',  ( 0.8250000000000002887, 0.2700000000000000178, -0.6950000000000000622 ) ) ;
#543 =( LENGTH_UNIT ( ) NAMED_UNIT ( * ) SI_UNIT ( .MILLI., .METRE. ) );
#544 = ORIENTED_EDGE ( 'NONE', *, *, #1284, .F. ) ;
#545 =( GEOMETRIC_REPRESENTATION_CONTEXT ( 3 ) GLOBAL_UNCERTAINTY_ASSIGNED_CONTEXT ( ( #1034 ) ) GLOBAL_UNIT_ASSIGNED_CONTEXT ( ( #620, #642, #1073 ) ) REPRESENTATION_CONTEXT ( 'NONE', 'WORKASPACE' ) );
#546 = DIRECTION ( 'NONE',  ( -1.000000000000000000, -0.000000000000000000, -0.000000000000000000 ) ) ;
#547 = DIRECTION ( 'NONE',  ( 0.000000000000000000, 0.000000000000000000, 1.000000000000000000 ) ) ;
#548 = DIRECTION ( 'NONE',  ( 0.000000000000000000, 1.000000000000000000, 0.000000000000000000 ) ) ;
#549 = AXIS2_PLACEMENT_3D ( 'NONE', #390, #891, #897 ) ;
#550 = VERTEX_POINT ( 'NONE', #847 ) ;
#551 = DIRECTION ( 'NONE',  ( 0.000000000000000000, -1.000000000000000000, 0.000000000000000000 ) ) ;
#552 = AXIS2_PLACEMENT_3D ( 'NONE', #1082, #354, #660 ) ;
#553 = EDGE_CURVE ( 'NONE', #2, #1180, #1110, .T. ) ;
#554 = CIRCLE ( 'NONE', #637, 0.1131370849898475917 ) ;
#555 =( NAMED_UNIT ( * ) PLANE_ANGLE_UNIT ( ) SI_UNIT ( $, .RADIAN. ) );
#556 =( LENGTH_UNIT ( ) NAMED_UNIT ( * ) SI_UNIT ( .MILLI., .METRE. ) );
#557 = ORIENTED_EDGE ( 'NONE', *, *, #516, .T. ) ;
#558 =( LENGTH_UNIT ( ) NAMED_UNIT ( * ) SI_UNIT ( .MILLI., .METRE. ) );
#559 = LINE ( 'NONE', #458, #858 ) ;
#560 = DIRECTION ( 'NONE',  ( 1.000000000000000000, 0.000000000000000000, -0.000000000000000000 ) ) ;
#561 = VERTEX_POINT ( 'NONE', #8 ) ;
#562 = COLOUR_RGB ( '',0.4980392156862745168, 0.4980392156862745168, 0.4980392156862745168 ) ;
#563 = CARTESIAN_POINT ( 'NONE',  ( -0.8249999999999996225, 0.2700000000000000178, 0.6949999999999998401 ) ) ;
#564 = AXIS2_PLACEMENT_3D ( 'NONE', #259, #859, #883 ) ;
#565 = DIRECTION ( 'NONE',  ( -0.000000000000000000, 0.000000000000000000, -1.000000000000000000 ) ) ;
#566 = SURFACE_SIDE_STYLE ('',( #153 ) ) ;
#567 = CIRCLE ( 'NONE', #1118, 0.1131370849898475917 ) ;
#568 = ORIENTED_EDGE ( 'NONE', *, *, #1212, .F. ) ;
#569 = CIRCLE ( 'NONE', #756, 0.1199999999999999956 ) ;
#570 = DIRECTION ( 'NONE',  ( 0.000000000000000000, -0.000000000000000000, 1.000000000000000000 ) ) ;
#571 = SURFACE_STYLE_USAGE ( .BOTH. , #566 ) ;
#572 = ORIENTED_EDGE ( 'NONE', *, *, #665, .F. ) ;
#573 = STYLED_ITEM ( 'NONE', ( #79 ), #498 ) ;
#574 = EDGE_CURVE ( 'NONE', #645, #955, #274, .T. ) ;
#575 = FACE_OUTER_BOUND ( 'NONE', #404, .T. ) ;
#576 = SURFACE_STYLE_USAGE ( .BOTH. , #580 ) ;
#577 = CIRCLE ( 'NONE', #162, 0.1131370849898475917 ) ;
#578 = CIRCLE ( 'NONE', #747, 0.1199999999999999956 ) ;
#579 = VERTEX_POINT ( 'NONE', #233 ) ;
#580 = SURFACE_SIDE_STYLE ('',( #365 ) ) ;
#581 = COLOUR_RGB ( '',0.8980392156862745390, 0.8980392156862745390, 0.8980392156862745390 ) ;
#582 = CARTESIAN_POINT ( 'NONE',  ( 0.2500000000000001110, 0.03999999999999998002, 0.000000000000000000 ) ) ;
#583 = ORIENTED_EDGE ( 'NONE', *, *, #784, .F. ) ;
#584 = STYLED_ITEM ( 'NONE', ( #674 ), #968 ) ;
#585 = FILL_AREA_STYLE ('',( #996 ) ) ;
#586 = ADVANCED_FACE ( 'NONE', ( #437 ), #117, .F. ) ;
#587 = SURFACE_SIDE_STYLE ('',( #1117 ) ) ;
#588 = MECHANICAL_DESIGN_GEOMETRIC_PRESENTATION_REPRESENTATION (  '', ( #24 ), #1237 ) ;
#589 = ORIENTED_EDGE ( 'NONE', *, *, #381, .T. ) ;
#590 = SPHERICAL_SURFACE ( 'NONE', #251, 0.1199999999999999956 ) ;
#591 = CARTESIAN_POINT ( 'NONE',  ( 0.8250000000000002887, 0.2700000000000000178, 0.6949999999999998401 ) ) ;
#592 = DIRECTION ( 'NONE',  ( 1.000000000000000000, 0.000000000000000000, -0.000000000000000000 ) ) ;
#593 = SURFACE_STYLE_USAGE ( .BOTH. , #1264 ) ;
#594 = UNCERTAINTY_MEASURE_WITH_UNIT (LENGTH_MEASURE( 1.000000000000000082E-05 ), #1101, 'distance_accuracy_value', 'NONE');
#595 = FILL_AREA_STYLE ('',( #178 ) ) ;
#596 = EDGE_LOOP ( 'NONE', ( #191, #461, #239, #287 ) ) ;
#597 =( LENGTH_UNIT ( ) NAMED_UNIT ( * ) SI_UNIT ( .MILLI., .METRE. ) );
#598 = DIRECTION ( 'NONE',  ( 0.000000000000000000, 0.000000000000000000, -1.000000000000000000 ) ) ;
#599 = SURFACE_STYLE_FILL_AREA ( #690 ) ;
#600 = FACE_BOUND ( 'NONE', #820, .T. ) ;
#601 = COLOUR_RGB ( '',0.8980392156862745390, 0.8980392156862745390, 0.8980392156862745390 ) ;
#602 = FACE_OUTER_BOUND ( 'NONE', #1200, .T. ) ;
#603 = ORIENTED_EDGE ( 'NONE', *, *, #186, .T. ) ;
#604 = DIRECTION ( 'NONE',  ( 1.000000000000000000, 0.000000000000000000, 0.000000000000000000 ) ) ;
#605 = ADVANCED_FACE ( 'NONE', ( #648 ), #124, .F. ) ;
#606 = ORIENTED_EDGE ( 'NONE', *, *, #1205, .F. ) ;
#607 = CARTESIAN_POINT ( 'NONE',  ( 0.8250000000000002887, 0.2700000000000000178, 0.6949999999999998401 ) ) ;
#608 =( NAMED_UNIT ( * ) SI_UNIT ( $, .STERADIAN. ) SOLID_ANGLE_UNIT ( ) );
#609 = PLANE ( 'NONE',  #283 ) ;
#610 = COLOUR_RGB ( '',0.1098039215686274495, 0.1098039215686274495, 0.1098039215686274495 ) ;
#611 = FILL_AREA_STYLE ('',( #296 ) ) ;
#612 = MECHANICAL_DESIGN_GEOMETRIC_PRESENTATION_REPRESENTATION (  '', ( #781 ), #1003 ) ;
#613 = ORIENTED_EDGE ( 'NONE', *, *, #109, .F. ) ;
#614 = LINE ( 'NONE', #499, #393 ) ;
#615 = VERTEX_POINT ( 'NONE', #1183 ) ;
#616 = AXIS2_PLACEMENT_3D ( 'NONE', #745, #628, #956 ) ;
#617 =( NAMED_UNIT ( * ) PLANE_ANGLE_UNIT ( ) SI_UNIT ( $, .RADIAN. ) );
#618 = VERTEX_POINT ( 'NONE', #655 ) ;
#619 = SURFACE_STYLE_FILL_AREA ( #1324 ) ;
#620 =( LENGTH_UNIT ( ) NAMED_UNIT ( * ) SI_UNIT ( .MILLI., .METRE. ) );
#621 = EDGE_CURVE ( 'NONE', #528, #645, #578, .T. ) ;
#622 = FACE_OUTER_BOUND ( 'NONE', #271, .T. ) ;
#623 = VERTEX_POINT ( 'NONE', #1086 ) ;
#624 = MECHANICAL_DESIGN_GEOMETRIC_PRESENTATION_REPRESENTATION (  '', ( #493 ), #730 ) ;
#625 =( LENGTH_UNIT ( ) NAMED_UNIT ( * ) SI_UNIT ( .MILLI., .METRE. ) );
#626 = CARTESIAN_POINT ( 'NONE',  ( -0.8249999999999996225, 0.2700000000000000178, -0.6950000000000000622 ) ) ;
#627 = ORIENTED_EDGE ( 'NONE', *, *, #436, .F. ) ;
#628 = DIRECTION ( 'NONE',  ( -0.000000000000000000, 1.000000000000000000, -0.000000000000000000 ) ) ;
#629 = DIRECTION ( 'NONE',  ( -0.000000000000000000, 1.000000000000000000, -0.000000000000000000 ) ) ;
#630 = ADVANCED_FACE ( 'NONE', ( #738 ), #590, .T. ) ;
#631 = PRESENTATION_LAYER_ASSIGNMENT (  '', '', ( #221 ) ) ;
#632 = ORIENTED_EDGE ( 'NONE', *, *, #673, .T. ) ;
#633 = PRESENTATION_STYLE_ASSIGNMENT (( #1150 ) ) ;
#634 = FACE_BOUND ( 'NONE', #712, .T. ) ;
#635 = VECTOR ( 'NONE', #157, 1000.000000000000000 ) ;
#636 = VECTOR ( 'NONE', #1218, 1000.000000000000000 ) ;
#637 = AXIS2_PLACEMENT_3D ( 'NONE', #984, #1193, #1092 ) ;
#638 = FILL_AREA_STYLE_COLOUR ( '', #986 ) ;
#639 = DIRECTION ( 'NONE',  ( -0.000000000000000000, -0.000000000000000000, 1.000000000000000000 ) ) ;
#640 = SURFACE_SIDE_STYLE ('',( #872 ) ) ;
#641 = ORIENTED_EDGE ( 'NONE', *, *, #1123, .T. ) ;
#642 =( NAMED_UNIT ( * ) PLANE_ANGLE_UNIT ( ) SI_UNIT ( $, .RADIAN. ) );
#643 = DIRECTION ( 'NONE',  ( 0.000000000000000000, 0.000000000000000000, -1.000000000000000000 ) ) ;
#644 = DIRECTION ( 'NONE',  ( -1.224646799147353207E-16, 7.958476010334447722E-32, 1.000000000000000000 ) ) ;
#645 = VERTEX_POINT ( 'NONE', #1168 ) ;
#646 = COLOUR_RGB ( '',0.8980392156862745390, 0.8980392156862745390, 0.8980392156862745390 ) ;
#647 = EDGE_CURVE ( 'NONE', #418, #2, #766, .T. ) ;
#648 = FACE_OUTER_BOUND ( 'NONE', #303, .T. ) ;
#649 = PRESENTATION_STYLE_ASSIGNMENT (( #848 ) ) ;
#650 = DIRECTION ( 'NONE',  ( -1.000000000000000000, 6.776263578034403699E-16, 0.000000000000000000 ) ) ;
#651 = SPHERICAL_SURFACE ( 'NONE', #552, 0.1199999999999999956 ) ;
#652 = AXIS2_PLACEMENT_3D ( 'NONE', #943, #1051, #530 ) ;
#653 = FILL_AREA_STYLE ('',( #1291 ) ) ;
#654 = VERTEX_POINT ( 'NONE', #916 ) ;
#655 = CARTESIAN_POINT ( 'NONE',  ( -0.8249999999999996225, 0.2950000000000000400, -0.6950000000000000622 ) ) ;
#656 = CARTESIAN_POINT ( 'NONE',  ( -0.4999999999999996669, 0.000000000000000000, -0.4329999999999999960 ) ) ;
#657 = VERTEX_POINT ( 'NONE', #495 ) ;
#658 =( LENGTH_UNIT ( ) NAMED_UNIT ( * ) SI_UNIT ( .MILLI., .METRE. ) );
#659 = EDGE_CURVE ( 'NONE', #1188, #1285, #248, .T. ) ;
#660 = DIRECTION ( 'NONE',  ( -1.000000000000000000, 6.776263578034403699E-16, 0.000000000000000000 ) ) ;
#661 = VERTEX_POINT ( 'NONE', #358 ) ;
#662 =( NAMED_UNIT ( * ) PLANE_ANGLE_UNIT ( ) SI_UNIT ( $, .RADIAN. ) );
#663 = DIRECTION ( 'NONE',  ( -1.000000000000000000, 6.776263578034403699E-16, 0.000000000000000000 ) ) ;
#664 = CARTESIAN_POINT ( 'NONE',  ( -0.7160909518824430942, 0.2939999999999999836, -0.4477158349247264413 ) ) ;
#665 = EDGE_CURVE ( 'NONE', #550, #618, #463, .T. ) ;
#666 = FILL_AREA_STYLE ('',( #163 ) ) ;
#667 = MECHANICAL_DESIGN_GEOMETRIC_PRESENTATION_REPRESENTATION (  '', ( #849 ), #808 ) ;
#668 = ORIENTED_EDGE ( 'NONE', *, *, #902, .F. ) ;
#669 = DIRECTION ( 'NONE',  ( 0.000000000000000000, -0.000000000000000000, -1.000000000000000000 ) ) ;
#670 =( LENGTH_UNIT ( ) NAMED_UNIT ( * ) SI_UNIT ( .MILLI., .METRE. ) );
#671 = CIRCLE ( 'NONE', #1332, 0.1199999999999999956 ) ;
#672 =( NAMED_UNIT ( * ) PLANE_ANGLE_UNIT ( ) SI_UNIT ( $, .RADIAN. ) );
#673 = EDGE_CURVE ( 'NONE', #197, #357, #1236, .T. ) ;
#674 = PRESENTATION_STYLE_ASSIGNMENT (( #260 ) ) ;
#675 = EDGE_LOOP ( 'NONE', ( #853, #505, #890, #199 ) ) ;
#676 =( NAMED_UNIT ( * ) PLANE_ANGLE_UNIT ( ) SI_UNIT ( $, .RADIAN. ) );
#677 = AXIS2_PLACEMENT_3D ( 'NONE', #656, #1074, #333 ) ;
#678 = PLANE ( 'NONE',  #1096 ) ;
#679 =( NAMED_UNIT ( * ) SI_UNIT ( $, .STERADIAN. ) SOLID_ANGLE_UNIT ( ) );
#680 = DIRECTION ( 'NONE',  ( 0.000000000000000000, 0.000000000000000000, 1.000000000000000000 ) ) ;
#681 =( NAMED_UNIT ( * ) SI_UNIT ( $, .STERADIAN. ) SOLID_ANGLE_UNIT ( ) );
#682 = EDGE_LOOP ( 'NONE', ( #641, #869 ) ) ;
#683 =( NAMED_UNIT ( * ) PLANE_ANGLE_UNIT ( ) SI_UNIT ( $, .RADIAN. ) );
#684 = ADVANCED_FACE ( 'NONE', ( #155 ), #1321, .T. ) ;
#685 =( GEOMETRIC_REPRESENTATION_CONTEXT ( 3 ) GLOBAL_UNCERTAINTY_ASSIGNED_CONTEXT ( ( #1239 ) ) GLOBAL_UNIT_ASSIGNED_CONTEXT ( ( #511, #1029, #1140 ) ) REPRESENTATION_CONTEXT ( 'NONE', 'WORKASPACE' ) );
#686 = DIRECTION ( 'NONE',  ( -0.000000000000000000, 0.000000000000000000, -1.000000000000000000 ) ) ;
#687 = ORIENTED_EDGE ( 'NONE', *, *, #689, .F. ) ;
#688 = AXIS2_PLACEMENT_3D ( 'NONE', #1158, #1231, #292 ) ;
#689 = EDGE_CURVE ( 'NONE', #67, #1315, #569, .T. ) ;
#690 = FILL_AREA_STYLE ('',( #1359 ) ) ;
#691 = FACE_OUTER_BOUND ( 'NONE', #1329, .T. ) ;
#692 = AXIS2_PLACEMENT_3D ( 'NONE', #1312, #1197, #718 ) ;
#693 =( GEOMETRIC_REPRESENTATION_CONTEXT ( 3 ) GLOBAL_UNCERTAINTY_ASSIGNED_CONTEXT ( ( #594 ) ) GLOBAL_UNIT_ASSIGNED_CONTEXT ( ( #1101, #469, #485 ) ) REPRESENTATION_CONTEXT ( 'NONE', 'WORKASPACE' ) );
#694 = ORIENTED_EDGE ( 'NONE', *, *, #621, .T. ) ;
#695 = CARTESIAN_POINT ( 'NONE',  ( 0.1131370849898479386, 0.000000000000000000, -0.4329999999999999960 ) ) ;
#696 = COLOUR_RGB ( '',0.8980392156862745390, 0.8980392156862745390, 0.8980392156862745390 ) ;
#697 = DIRECTION ( 'NONE',  ( 0.000000000000000000, 0.000000000000000000, 1.000000000000000000 ) ) ;
#698 = FACE_BOUND ( 'NONE', #944, .T. ) ;
#699 = UNCERTAINTY_MEASURE_WITH_UNIT (LENGTH_MEASURE( 1.000000000000000082E-05 ), #320, 'distance_accuracy_value', 'NONE');
#700 = SURFACE_SIDE_STYLE ('',( #1039 ) ) ;
#701 = VERTEX_POINT ( 'NONE', #695 ) ;
#702 = CARTESIAN_POINT ( 'NONE',  ( -0.2500000000000001110, 0.03999999999999998002, 0.000000000000000000 ) ) ;
#703 = DIRECTION ( 'NONE',  ( 0.000000000000000000, -0.000000000000000000, 1.000000000000000000 ) ) ;
#704 = EDGE_CURVE ( 'NONE', #561, #654, #351, .T. ) ;
#705 = ORIENTED_EDGE ( 'NONE', *, *, #725, .F. ) ;
#706 =( NAMED_UNIT ( * ) SI_UNIT ( $, .STERADIAN. ) SOLID_ANGLE_UNIT ( ) );
#707 = ORIENTED_EDGE ( 'NONE', *, *, #1269, .F. ) ;
#708 = FACE_BOUND ( 'NONE', #318, .T. ) ;
#709 = AXIS2_PLACEMENT_3D ( 'NONE', #211, #1142, #315 ) ;
#710 =( NAMED_UNIT ( * ) PLANE_ANGLE_UNIT ( ) SI_UNIT ( $, .RADIAN. ) );
#711 = UNCERTAINTY_MEASURE_WITH_UNIT (LENGTH_MEASURE( 1.000000000000000082E-05 ), #597, 'distance_accuracy_value', 'NONE');
#712 = EDGE_LOOP ( 'NONE', ( #147, #231, #164, #1119 ) ) ;
#713 = FACE_OUTER_BOUND ( 'NONE', #1078, .T. ) ;
#714 =( GEOMETRIC_REPRESENTATION_CONTEXT ( 3 ) GLOBAL_UNCERTAINTY_ASSIGNED_CONTEXT ( ( #1014 ) ) GLOBAL_UNIT_ASSIGNED_CONTEXT ( ( #1198, #672, #770 ) ) REPRESENTATION_CONTEXT ( 'NONE', 'WORKASPACE' ) );
#715 = DIRECTION ( 'NONE',  ( 0.000000000000000000, -0.000000000000000000, 1.000000000000000000 ) ) ;
#716 = UNCERTAINTY_MEASURE_WITH_UNIT (LENGTH_MEASURE( 1.000000000000000082E-05 ), #14, 'distance_accuracy_value', 'NONE');
#717 = AXIS2_PLACEMENT_3D ( 'NONE', #764, #644, #138 ) ;
#718 = DIRECTION ( 'NONE',  ( -1.000000000000000000, 0.000000000000000000, 0.000000000000000000 ) ) ;
#719 = SURFACE_SIDE_STYLE ('',( #432 ) ) ;
#720 = FACE_OUTER_BOUND ( 'NONE', #41, .T. ) ;
#721 = MECHANICAL_DESIGN_GEOMETRIC_PRESENTATION_REPRESENTATION (  '', ( #1261 ), #295 ) ;
#722 = LINE ( 'NONE', #1148, #435 ) ;
#723 = ORIENTED_EDGE ( 'NONE', *, *, #704, .T. ) ;
#724 = DIRECTION ( 'NONE',  ( 0.000000000000000000, 0.000000000000000000, -1.000000000000000000 ) ) ;
#725 = EDGE_CURVE ( 'NONE', #347, #92, #734, .T. ) ;
#726 = SURFACE_STYLE_USAGE ( .BOTH. , #1147 ) ;
#727 = STYLED_ITEM ( 'NONE', ( #185 ), #1088 ) ;
#728 = EDGE_LOOP ( 'NONE', ( #1167, #915, #1134, #512 ) ) ;
#729 = DIRECTION ( 'NONE',  ( 0.000000000000000000, 0.000000000000000000, -1.000000000000000000 ) ) ;
#730 =( GEOMETRIC_REPRESENTATION_CONTEXT ( 3 ) GLOBAL_UNCERTAINTY_ASSIGNED_CONTEXT ( ( #1137 ) ) GLOBAL_UNIT_ASSIGNED_CONTEXT ( ( #852, #617, #706 ) ) REPRESENTATION_CONTEXT ( 'NONE', 'WORKASPACE' ) );
#731 =( NAMED_UNIT ( * ) SI_UNIT ( $, .STERADIAN. ) SOLID_ANGLE_UNIT ( ) );
#732 = PRESENTATION_STYLE_ASSIGNMENT (( #205 ) ) ;
#733 = CARTESIAN_POINT ( 'NONE',  ( -0.4999999999999996669, 0.03999999999999996614, -0.4329999999999999960 ) ) ;
#734 = CIRCLE ( 'NONE', #83, 0.1199999999999999956 ) ;
#735 = VECTOR ( 'NONE', #100, 1000.000000000000000 ) ;
#736 = ORIENTED_EDGE ( 'NONE', *, *, #230, .T. ) ;
#737 = FACE_OUTER_BOUND ( 'NONE', #247, .T. ) ;
#738 = FACE_OUTER_BOUND ( 'NONE', #126, .T. ) ;
#739 = DIRECTION ( 'NONE',  ( -1.000000000000000000, 0.000000000000000000, 0.000000000000000000 ) ) ;
#740 = AXIS2_PLACEMENT_3D ( 'NONE', #406, #1348, #592 ) ;
#741 = PLANE ( 'NONE',  #1313 ) ;
#742 = ADVANCED_FACE ( 'NONE', ( #1267 ), #405, .F. ) ;
#743 = CIRCLE ( 'NONE', #677, 0.1131370849898476472 ) ;
#744 = ORIENTED_EDGE ( 'NONE', *, *, #311, .T. ) ;
#745 = CARTESIAN_POINT ( 'NONE',  ( 0.5000000000000003331, 0.000000000000000000, 0.4329999999999999960 ) ) ;
#746 = SURFACE_SIDE_STYLE ('',( #21 ) ) ;
#747 = AXIS2_PLACEMENT_3D ( 'NONE', #1276, #331, #228 ) ;
#748 = MECHANICAL_DESIGN_GEOMETRIC_PRESENTATION_REPRESENTATION (  '', ( #727 ), #685 ) ;
#749 = DIRECTION ( 'NONE',  ( 0.000000000000000000, 0.000000000000000000, 1.000000000000000000 ) ) ;
#750 = EDGE_CURVE ( 'NONE', #814, #280, #415, .T. ) ;
#751 = EDGE_LOOP ( 'NONE', ( #1174, #520 ) ) ;
#752 = AXIS2_PLACEMENT_3D ( 'NONE', #1327, #819, #1351 ) ;
#753 =( NAMED_UNIT ( * ) SI_UNIT ( $, .STERADIAN. ) SOLID_ANGLE_UNIT ( ) );
#754 = PRESENTATION_STYLE_ASSIGNMENT (( #1186 ) ) ;
#755 = FACE_OUTER_BOUND ( 'NONE', #1356, .T. ) ;
#756 = AXIS2_PLACEMENT_3D ( 'NONE', #796, #288, #604 ) ;
#757 = COLOUR_RGB ( '',0.1098039215686274495, 0.1098039215686274495, 0.1098039215686274495 ) ;
#758 = VERTEX_POINT ( 'NONE', #203 ) ;
#759 = SURFACE_STYLE_USAGE ( .BOTH. , #422 ) ;
#760 = CIRCLE ( 'NONE', #1187, 0.1131370849898475917 ) ;
#761 = DIRECTION ( 'NONE',  ( 1.000000000000000000, 0.000000000000000000, 0.000000000000000000 ) ) ;
#762 = PRESENTATION_LAYER_ASSIGNMENT (  '', '', ( #1189 ) ) ;
#763 = FILL_AREA_STYLE_COLOUR ( '', #510 ) ;
#764 = CARTESIAN_POINT ( 'NONE',  ( 3.252606517456513302E-16, 0.03999999999999996614, -0.4329999999999999960 ) ) ;
#765 = EDGE_LOOP ( 'NONE', ( #380, #694, #275 ) ) ;
#766 = CIRCLE ( 'NONE', #81, 0.1199999999999999956 ) ;
#767 = SPHERICAL_SURFACE ( 'NONE', #1347, 0.1199999999999999956 ) ;
#768 = EDGE_CURVE ( 'NONE', #1315, #1306, #329, .T. ) ;
#769 = CARTESIAN_POINT ( 'NONE',  ( -0.7160909518824430942, 0.2950000000000000400, -0.6105215930791720869 ) ) ;
#770 =( NAMED_UNIT ( * ) SI_UNIT ( $, .STERADIAN. ) SOLID_ANGLE_UNIT ( ) );
#771 = ORIENTED_EDGE ( 'NONE', *, *, #985, .T. ) ;
#772 = CARTESIAN_POINT ( 'NONE',  ( 2.399297049839060933E-16, -0.08000000000000001554, -0.4329999999999999960 ) ) ;
#773 = CIRCLE ( 'NONE', #455, 0.1131370849898476472 ) ;
#774 = PRESENTATION_STYLE_ASSIGNMENT (( #235 ) ) ;
#775 =( LENGTH_UNIT ( ) NAMED_UNIT ( * ) SI_UNIT ( .MILLI., .METRE. ) );
#776 = EDGE_CURVE ( 'NONE', #579, #758, #172, .T. ) ;
#777 = FILL_AREA_STYLE ('',( #360 ) ) ;
#778 = EDGE_LOOP ( 'NONE', ( #1235, #1149 ) ) ;
#779 = PRESENTATION_LAYER_ASSIGNMENT (  '', '', ( #479 ) ) ;
#780 = SURFACE_STYLE_USAGE ( .BOTH. , #371 ) ;
#781 = STYLED_ITEM ( 'NONE', ( #449 ), #605 ) ;
#782 = CARTESIAN_POINT ( 'NONE',  ( 0.000000000000000000, 0.2700000000000000178, 0.000000000000000000 ) ) ;
#783 = PRESENTATION_LAYER_ASSIGNMENT (  '', '', ( #24 ) ) ;
#784 = EDGE_CURVE ( 'NONE', #654, #1280, #614, .T. ) ;
#785 = EDGE_LOOP ( 'NONE', ( #425, #17, #397 ) ) ;
#786 = SURFACE_STYLE_FILL_AREA ( #74 ) ;
#787 =( GEOMETRIC_REPRESENTATION_CONTEXT ( 3 ) GLOBAL_UNCERTAINTY_ASSIGNED_CONTEXT ( ( #379 ) ) GLOBAL_UNIT_ASSIGNED_CONTEXT ( ( #131, #963, #534 ) ) REPRESENTATION_CONTEXT ( 'NONE', 'WORKASPACE' ) );
#788 = SPHERICAL_SURFACE ( 'NONE', #879, 0.1199999999999999956 ) ;
#789 = VERTEX_POINT ( 'NONE', #182 ) ;
#790 = COLOUR_RGB ( '',0.8980392156862745390, 0.8980392156862745390, 0.8980392156862745390 ) ;
#791 = MECHANICAL_DESIGN_GEOMETRIC_PRESENTATION_REPRESENTATION (  '', ( #1153 ), #545 ) ;
#792 = COLOUR_RGB ( '',0.4980392156862745168, 0.4980392156862745168, 0.4980392156862745168 ) ;
#793 = LINE ( 'NONE', #1108, #972 ) ;
#794 = CARTESIAN_POINT ( 'NONE',  ( -0.8249999999999996225, 0.2700000000000000178, 0.6949999999999998401 ) ) ;
#795 = VERTEX_POINT ( 'NONE', #508 ) ;
#796 = CARTESIAN_POINT ( 'NONE',  ( -0.2500000000000001110, 0.03999999999999998002, 0.000000000000000000 ) ) ;
#797 = SURFACE_STYLE_USAGE ( .BOTH. , #1216 ) ;
#798 = MECHANICAL_DESIGN_GEOMETRIC_PRESENTATION_REPRESENTATION (  '', ( #135 ), #873 ) ;
#799 = DIRECTION ( 'NONE',  ( 0.000000000000000000, 0.000000000000000000, 1.000000000000000000 ) ) ;
#800 = MECHANICAL_DESIGN_GEOMETRIC_PRESENTATION_REPRESENTATION (  '', ( #584 ), #350 ) ;
#801 = LINE ( 'NONE', #181, #990 ) ;
#802 = DIRECTION ( 'NONE',  ( -0.000000000000000000, -1.000000000000000000, -0.000000000000000000 ) ) ;
#803 = STYLED_ITEM ( 'NONE', ( #1305 ), #426 ) ;
#804 = CARTESIAN_POINT ( 'NONE',  ( -0.4999999999999996669, 0.000000000000000000, -0.4329999999999999960 ) ) ;
#805 = MECHANICAL_DESIGN_GEOMETRIC_PRESENTATION_REPRESENTATION (  '', ( #1189 ), #1166 ) ;
#806 = ORIENTED_EDGE ( 'NONE', *, *, #768, .F. ) ;
#807 = DIRECTION ( 'NONE',  ( -1.000000000000000000, 6.776263578034403699E-16, 0.000000000000000000 ) ) ;
#808 =( GEOMETRIC_REPRESENTATION_CONTEXT ( 3 ) GLOBAL_UNCERTAINTY_ASSIGNED_CONTEXT ( ( #518 ) ) GLOBAL_UNIT_ASSIGNED_CONTEXT ( ( #1121, #1333, #930 ) ) REPRESENTATION_CONTEXT ( 'NONE', 'WORKASPACE' ) );
#809 = DIRECTION ( 'NONE',  ( -1.224646799147353207E-16, 2.557553553488984060E-32, 1.000000000000000000 ) ) ;
#810 = FACE_BOUND ( 'NONE', #778, .T. ) ;
#811 = ADVANCED_FACE ( 'NONE', ( #708, #810, #698, #1343, #1240, #922, #193, #600, #80 ), #609, .T. ) ;
#812 =( NAMED_UNIT ( * ) SI_UNIT ( $, .STERADIAN. ) SOLID_ANGLE_UNIT ( ) );
#813 = CARTESIAN_POINT ( 'NONE',  ( 0.8250000000000002887, 0.2700000000000000178, -0.6950000000000000622 ) ) ;
#814 = VERTEX_POINT ( 'NONE', #772 ) ;
#815 = EDGE_LOOP ( 'NONE', ( #896, #86, #488, #125 ) ) ;
#816 = SURFACE_SIDE_STYLE ('',( #619 ) ) ;
#817 = VECTOR ( 'NONE', #27, 1000.000000000000000 ) ;
#818 =( LENGTH_UNIT ( ) NAMED_UNIT ( * ) SI_UNIT ( .MILLI., .METRE. ) );
#819 = DIRECTION ( 'NONE',  ( -0.000000000000000000, 1.000000000000000000, -0.000000000000000000 ) ) ;
#820 = EDGE_LOOP ( 'NONE', ( #1151, #557 ) ) ;
#821 = SURFACE_STYLE_FILL_AREA ( #1050 ) ;
#822 = DIRECTION ( 'NONE',  ( 1.000000000000000000, 0.000000000000000000, 0.000000000000000000 ) ) ;
#823 = CIRCLE ( 'NONE', #1011, 0.1199999999999999956 ) ;
#824 = SURFACE_SIDE_STYLE ('',( #108 ) ) ;
#825 = DIRECTION ( 'NONE',  ( 1.000000000000000000, 2.258754526011467735E-16, 0.000000000000000000 ) ) ;
#826 = EDGE_LOOP ( 'NONE', ( #170, #1206, #927 ) ) ;
#827 = CARTESIAN_POINT ( 'NONE',  ( 3.252606517456513302E-16, 0.03999999999999996614, 0.4329999999999999960 ) ) ;
#828 = AXIS2_PLACEMENT_3D ( 'NONE', #782, #989, #570 ) ;
#829 = PLANE ( 'NONE',  #345 ) ;
#830 = MECHANICAL_DESIGN_GEOMETRIC_PRESENTATION_REPRESENTATION (  '', ( #531 ), #693 ) ;
#831 = ADVANCED_FACE ( 'NONE', ( #575 ), #1106, .T. ) ;
#832 = ORIENTED_EDGE ( 'NONE', *, *, #1007, .T. ) ;
#833 = CIRCLE ( 'NONE', #1042, 0.1131370849898476472 ) ;
#834 = DIRECTION ( 'NONE',  ( 0.000000000000000000, 0.000000000000000000, -1.000000000000000000 ) ) ;
#835 = SURFACE_STYLE_FILL_AREA ( #1362 ) ;
#836 = FACE_OUTER_BOUND ( 'NONE', #32, .T. ) ;
#837 = VERTEX_POINT ( 'NONE', #1310 ) ;
#838 =( GEOMETRIC_REPRESENTATION_CONTEXT ( 3 ) GLOBAL_UNCERTAINTY_ASSIGNED_CONTEXT ( ( #184 ) ) GLOBAL_UNIT_ASSIGNED_CONTEXT ( ( #658, #662, #1091 ) ) REPRESENTATION_CONTEXT ( 'NONE', 'WORKASPACE' ) );
#839 =( NAMED_UNIT ( * ) PLANE_ANGLE_UNIT ( ) SI_UNIT ( $, .RADIAN. ) );
#840 = DIRECTION ( 'NONE',  ( 1.224646799147353207E-16, 2.557553553488984060E-32, -1.000000000000000000 ) ) ;
#841 = ORIENTED_EDGE ( 'NONE', *, *, #1135, .T. ) ;
#842 =( LENGTH_UNIT ( ) NAMED_UNIT ( * ) SI_UNIT ( .MILLI., .METRE. ) );
#843 = VECTOR ( 'NONE', #761, 1000.000000000000000 ) ;
#844 = EDGE_LOOP ( 'NONE', ( #1109, #434, #253 ) ) ;
#845 = VECTOR ( 'NONE', #427, 1000.000000000000000 ) ;
#846 = CARTESIAN_POINT ( 'NONE',  ( -0.8249999999999996225, 0.2950000000000000400, 0.6949999999999998401 ) ) ;
#847 = CARTESIAN_POINT ( 'NONE',  ( 0.8250000000000002887, 0.2950000000000000400, -0.6950000000000000622 ) ) ;
#848 = SURFACE_STYLE_USAGE ( .BOTH. , #1254 ) ;
#849 = STYLED_ITEM ( 'NONE', ( #1045 ), #496 ) ;
#850 = AXIS2_PLACEMENT_3D ( 'NONE', #310, #1041, #93 ) ;
#851 = EDGE_LOOP ( 'NONE', ( #1049, #95, #1225, #632 ) ) ;
#852 =( LENGTH_UNIT ( ) NAMED_UNIT ( * ) SI_UNIT ( .MILLI., .METRE. ) );
#853 = ORIENTED_EDGE ( 'NONE', *, *, #374, .T. ) ;
#854 = LINE ( 'NONE', #338, #862 ) ;
#855 = DIRECTION ( 'NONE',  ( 1.000000000000000000, -0.000000000000000000, 0.000000000000000000 ) ) ;
#856 = PRODUCT_DEFINITION ( 'UNKNOWN', '', #324, #116 ) ;
#857 = LINE ( 'NONE', #542, #1015 ) ;
#858 = VECTOR ( 'NONE', #35, 1000.000000000000000 ) ;
#859 = DIRECTION ( 'NONE',  ( 0.000000000000000000, 0.000000000000000000, 1.000000000000000000 ) ) ;
#860 = DIRECTION ( 'NONE',  ( -1.000000000000000000, 0.000000000000000000, -0.000000000000000000 ) ) ;
#861 = ORIENTED_EDGE ( 'NONE', *, *, #276, .T. ) ;
#862 = VECTOR ( 'NONE', #532, 1000.000000000000000 ) ;
#863 = CARTESIAN_POINT ( 'NONE',  ( -0.7160909518824430942, 0.2939999999999999836, -0.6105215930791720869 ) ) ;
#864 = FILL_AREA_STYLE ('',( #763 ) ) ;
#865 = MANIFOLD_SOLID_BREP ( 'Mirror2', #1143 ) ;
#866 = CARTESIAN_POINT ( 'NONE',  ( -0.8249999999999996225, 0.2950000000000000400, -0.6950000000000000622 ) ) ;
#867 = APPLICATION_PROTOCOL_DEFINITION ( 'draft international standard', 'automotive_design', 1998, #387 ) ;
#868 = PLANE ( 'NONE',  #1161 ) ;
#869 = ORIENTED_EDGE ( 'NONE', *, *, #22, .T. ) ;
#870 = AXIS2_PLACEMENT_3D ( 'NONE', #978, #470, #749 ) ;
#871 = CARTESIAN_POINT ( 'NONE',  ( 0.8250000000000002887, 0.2700000000000000178, 0.6949999999999998401 ) ) ;
#872 = SURFACE_STYLE_FILL_AREA ( #10 ) ;
#873 =( GEOMETRIC_REPRESENTATION_CONTEXT ( 3 ) GLOBAL_UNCERTAINTY_ASSIGNED_CONTEXT ( ( #501 ) ) GLOBAL_UNIT_ASSIGNED_CONTEXT ( ( #262, #160, #289 ) ) REPRESENTATION_CONTEXT ( 'NONE', 'WORKASPACE' ) );
#874 = VECTOR ( 'NONE', #25, 1000.000000000000000 ) ;
#875 = VERTEX_POINT ( 'NONE', #489 ) ;
#876 = ADVANCED_FACE ( 'NONE', ( #909 ), #1302, .F. ) ;
#877 = CARTESIAN_POINT ( 'NONE',  ( 0.8250000000000002887, 0.2950000000000000400, -0.6950000000000000622 ) ) ;
#878 = AXIS2_PLACEMENT_3D ( 'NONE', #58, #1308, #68 ) ;
#879 = AXIS2_PLACEMENT_3D ( 'NONE', #465, #378, #368 ) ;
#880 = LINE ( 'NONE', #62, #635 ) ;
#881 = CARTESIAN_POINT ( 'NONE',  ( -0.3868629150101520753, 0.000000000000000000, 0.4329999999999999960 ) ) ;
#882 = COLOUR_RGB ( '',0.8980392156862745390, 0.8980392156862745390, 0.8980392156862745390 ) ;
#883 = DIRECTION ( 'NONE',  ( 1.000000000000000000, 0.000000000000000000, 0.000000000000000000 ) ) ;
#884 = FACE_OUTER_BOUND ( 'NONE', #1129, .T. ) ;
#885 = CIRCLE ( 'NONE', #1340, 0.1199999999999999956 ) ;
#886 = ORIENTED_EDGE ( 'NONE', *, *, #401, .F. ) ;
#887 = DIRECTION ( 'NONE',  ( -0.000000000000000000, 0.000000000000000000, -1.000000000000000000 ) ) ;
#888 = DIRECTION ( 'NONE',  ( -1.000000000000000000, 6.776263578034403699E-16, 0.000000000000000000 ) ) ;
#889 = SURFACE_SIDE_STYLE ('',( #1210 ) ) ;
#890 = ORIENTED_EDGE ( 'NONE', *, *, #409, .F. ) ;
#891 = DIRECTION ( 'NONE',  ( 0.000000000000000000, 0.000000000000000000, 1.000000000000000000 ) ) ;
#892 = COLOUR_RGB ( '',0.1098039215686274495, 0.1098039215686274495, 0.1098039215686274495 ) ;
#893 =( LENGTH_UNIT ( ) NAMED_UNIT ( * ) SI_UNIT ( .MILLI., .METRE. ) );
#894 = PRESENTATION_STYLE_ASSIGNMENT (( #1319 ) ) ;
#895 =( NAMED_UNIT ( * ) PLANE_ANGLE_UNIT ( ) SI_UNIT ( $, .RADIAN. ) );
#896 = ORIENTED_EDGE ( 'NONE', *, *, #537, .F. ) ;
#897 = DIRECTION ( 'NONE',  ( -1.000000000000000000, 2.258754526011467735E-16, 0.000000000000000000 ) ) ;
#898 =( NAMED_UNIT ( * ) PLANE_ANGLE_UNIT ( ) SI_UNIT ( $, .RADIAN. ) );
#899 = DIRECTION ( 'NONE',  ( -1.000000000000000000, 0.000000000000000000, 0.000000000000000000 ) ) ;
#900 = AXIS2_PLACEMENT_3D ( 'NONE', #385, #686, #45 ) ;
#901 = LINE ( 'NONE', #1314, #636 ) ;
#902 = EDGE_CURVE ( 'NONE', #67, #1306, #823, .T. ) ;
#903 = MECHANICAL_DESIGN_GEOMETRIC_PRESENTATION_REPRESENTATION (  '', ( #141 ), #50 ) ;
#904 = ORIENTED_EDGE ( 'NONE', *, *, #553, .F. ) ;
#905 = DIRECTION ( 'NONE',  ( 0.000000000000000000, -1.000000000000000000, 0.000000000000000000 ) ) ;
#906 = FILL_AREA_STYLE_COLOUR ( '', #1311 ) ;
#907 = ORIENTED_EDGE ( 'NONE', *, *, #659, .T. ) ;
#908 = ADVANCED_FACE ( 'NONE', ( #634, #1144 ), #1031, .T. ) ;
#909 = FACE_OUTER_BOUND ( 'NONE', #1219, .T. ) ;
#910 = AXIS2_PLACEMENT_3D ( 'NONE', #9, #629, #957 ) ;
#911 = SURFACE_STYLE_USAGE ( .BOTH. , #507 ) ;
#912 = FILL_AREA_STYLE_COLOUR ( '', #610 ) ;
#913 =( GEOMETRIC_REPRESENTATION_CONTEXT ( 3 ) GLOBAL_UNCERTAINTY_ASSIGNED_CONTEXT ( ( #1358 ) ) GLOBAL_UNIT_ASSIGNED_CONTEXT ( ( #556, #453, #237 ) ) REPRESENTATION_CONTEXT ( 'NONE', 'WORKASPACE' ) );
#914 = UNCERTAINTY_MEASURE_WITH_UNIT (LENGTH_MEASURE( 1.000000000000000082E-05 ), #893, 'distance_accuracy_value', 'NONE');
#915 = ORIENTED_EDGE ( 'NONE', *, *, #951, .F. ) ;
#916 = CARTESIAN_POINT ( 'NONE',  ( 0.8250000000000002887, 0.2950000000000000400, 0.6949999999999998401 ) ) ;
#917 = VECTOR ( 'NONE', #697, 1000.000000000000000 ) ;
#918 = SURFACE_STYLE_FILL_AREA ( #954 ) ;
#919 =( GEOMETRIC_REPRESENTATION_CONTEXT ( 3 ) GLOBAL_UNCERTAINTY_ASSIGNED_CONTEXT ( ( #301 ) ) GLOBAL_UNIT_ASSIGNED_CONTEXT ( ( #670, #1195, #73 ) ) REPRESENTATION_CONTEXT ( 'NONE', 'WORKASPACE' ) );
#920 = EDGE_CURVE ( 'NONE', #92, #615, #1252, .T. ) ;
#921 =( GEOMETRIC_REPRESENTATION_CONTEXT ( 3 ) GLOBAL_UNCERTAINTY_ASSIGNED_CONTEXT ( ( #1248 ) ) GLOBAL_UNIT_ASSIGNED_CONTEXT ( ( #543, #226, #356 ) ) REPRESENTATION_CONTEXT ( 'NONE', 'WORKASPACE' ) );
#922 = FACE_BOUND ( 'NONE', #1194, .T. ) ;
#923 = COLOUR_RGB ( '',0.8980392156862745390, 0.8980392156862745390, 0.8980392156862745390 ) ;
#924 = ORIENTED_EDGE ( 'NONE', *, *, #230, .F. ) ;
#925 = DIRECTION ( 'NONE',  ( 1.000000000000000000, 0.000000000000000000, 0.000000000000000000 ) ) ;
#926 = PRESENTATION_STYLE_ASSIGNMENT (( #935 ) ) ;
#927 = ORIENTED_EDGE ( 'NONE', *, *, #516, .F. ) ;
#928 = LINE ( 'NONE', #122, #845 ) ;
#929 = PRESENTATION_LAYER_ASSIGNMENT (  '', '', ( #1261 ) ) ;
#930 =( NAMED_UNIT ( * ) SI_UNIT ( $, .STERADIAN. ) SOLID_ANGLE_UNIT ( ) );
#931 = ADVANCED_FACE ( 'NONE', ( #504 ), #312, .T. ) ;
#932 = UNCERTAINTY_MEASURE_WITH_UNIT (LENGTH_MEASURE( 1.000000000000000082E-05 ), #1066, 'distance_accuracy_value', 'NONE');
#933 = VERTEX_POINT ( 'NONE', #626 ) ;
#934 = SURFACE_STYLE_USAGE ( .BOTH. , #316 ) ;
#935 = SURFACE_STYLE_USAGE ( .BOTH. , #220 ) ;
#936 = MECHANICAL_DESIGN_GEOMETRIC_PRESENTATION_REPRESENTATION (  '', ( #1288 ), #476 ) ;
#937 = CARTESIAN_POINT ( 'NONE',  ( -0.8249999999999996225, 0.2700000000000000178, -0.6950000000000000622 ) ) ;
#938 = ADVANCED_FACE ( 'NONE', ( #1268 ), #1058, .F. ) ;
#939 = CARTESIAN_POINT ( 'NONE',  ( 3.252606517456513302E-16, 0.000000000000000000, -0.4329999999999999960 ) ) ;
#940 = ORIENTED_EDGE ( 'NONE', *, *, #1155, .F. ) ;
#941 = DIRECTION ( 'NONE',  ( -0.000000000000000000, 1.000000000000000000, -0.000000000000000000 ) ) ;
#942 = PLANE ( 'NONE',  #870 ) ;
#943 = CARTESIAN_POINT ( 'NONE',  ( 3.252606517456513302E-16, 0.000000000000000000, 0.4329999999999999960 ) ) ;
#944 = EDGE_LOOP ( 'NONE', ( #832, #744 ) ) ;
#945 = PRESENTATION_LAYER_ASSIGNMENT (  '', '', ( #135 ) ) ;
#946 = FACE_OUTER_BOUND ( 'NONE', #844, .T. ) ;
#947 =( NAMED_UNIT ( * ) PLANE_ANGLE_UNIT ( ) SI_UNIT ( $, .RADIAN. ) );
#948 = MECHANICAL_DESIGN_GEOMETRIC_PRESENTATION_REPRESENTATION (  '', ( #462 ), #921 ) ;
#949 = CARTESIAN_POINT ( 'NONE',  ( -0.4999999999999996669, 0.03999999999999996614, -0.4329999999999999960 ) ) ;
#950 = DIRECTION ( 'NONE',  ( -0.000000000000000000, 1.000000000000000000, -0.000000000000000000 ) ) ;
#951 = EDGE_CURVE ( 'NONE', #154, #837, #1077, .T. ) ;
#952 = ORIENTED_EDGE ( 'NONE', *, *, #750, .F. ) ;
#953 = COLOUR_RGB ( '',0.7921568627450980005, 0.8196078431372548767, 0.9333333333333333481 ) ;
#954 = FILL_AREA_STYLE ('',( #113 ) ) ;
#955 = VERTEX_POINT ( 'NONE', #238 ) ;
#956 = DIRECTION ( 'NONE',  ( 0.000000000000000000, 0.000000000000000000, -1.000000000000000000 ) ) ;
#957 = DIRECTION ( 'NONE',  ( 0.000000000000000000, 0.000000000000000000, -1.000000000000000000 ) ) ;
#958 = LINE ( 'NONE', #236, #1068 ) ;
#959 = ORIENTED_EDGE ( 'NONE', *, *, #1353, .F. ) ;
#960 = DIRECTION ( 'NONE',  ( 1.000000000000000000, 0.000000000000000000, 0.000000000000000000 ) ) ;
#961 = ORIENTED_EDGE ( 'NONE', *, *, #1269, .T. ) ;
#962 = LINE ( 'NONE', #242, #55 ) ;
#963 =( NAMED_UNIT ( * ) PLANE_ANGLE_UNIT ( ) SI_UNIT ( $, .RADIAN. ) );
#964 = PRESENTATION_LAYER_ASSIGNMENT (  '', '', ( #727 ) ) ;
#965 = DIRECTION ( 'NONE',  ( -1.000000000000000000, 0.000000000000000000, 0.000000000000000000 ) ) ;
#966 = FACE_OUTER_BOUND ( 'NONE', #210, .T. ) ;
#967 = ORIENTED_EDGE ( 'NONE', *, *, #776, .T. ) ;
#968 = ADVANCED_FACE ( 'NONE', ( #737 ), #868, .F. ) ;
#969 = DIRECTION ( 'NONE',  ( 0.000000000000000000, 0.000000000000000000, 1.000000000000000000 ) ) ;
#970 = DIRECTION ( 'NONE',  ( -0.000000000000000000, 1.000000000000000000, -0.000000000000000000 ) ) ;
#971 = EDGE_LOOP ( 'NONE', ( #998, #583, #1309, #841 ) ) ;
#972 = VECTOR ( 'NONE', #477, 1000.000000000000000 ) ;
#973 = DIRECTION ( 'NONE',  ( -0.000000000000000000, 1.000000000000000000, -0.000000000000000000 ) ) ;
#974 = ADVANCED_FACE ( 'NONE', ( #884 ), #1, .T. ) ;
#975 = PLANE ( 'NONE',  #828 ) ;
#976 = CARTESIAN_POINT ( 'NONE',  ( 3.252606517456513302E-16, 0.000000000000000000, -0.4329999999999999960 ) ) ;
#977 = MECHANICAL_DESIGN_GEOMETRIC_PRESENTATION_REPRESENTATION (  '', ( #204 ), #1038 ) ;
#978 = CARTESIAN_POINT ( 'NONE',  ( 0.8250000000000002887, 0.2950000000000000400, 0.6949999999999998401 ) ) ;
#979 = EDGE_LOOP ( 'NONE', ( #478, #1141 ) ) ;
#980 = SURFACE_STYLE_FILL_AREA ( #142 ) ;
#981 = CARTESIAN_POINT ( 'NONE',  ( -0.5736359134973036955, 0.2939999999999999836, -0.6105215930791720869 ) ) ;
#982 = PRESENTATION_LAYER_ASSIGNMENT (  '', '', ( #148 ) ) ;
#983 = SPHERICAL_SURFACE ( 'NONE', #1213, 0.1199999999999999956 ) ;
#984 = CARTESIAN_POINT ( 'NONE',  ( 0.2500000000000001110, 0.000000000000000000, 0.000000000000000000 ) ) ;
#985 = EDGE_CURVE ( 'NONE', #1157, #1016, #1300, .T. ) ;
#986 = COLOUR_RGB ( '',0.8980392156862745390, 0.8980392156862745390, 0.8980392156862745390 ) ;
#987 = ORIENTED_EDGE ( 'NONE', *, *, #257, .T. ) ;
#988 =( NAMED_UNIT ( * ) SI_UNIT ( $, .STERADIAN. ) SOLID_ANGLE_UNIT ( ) );
#989 = DIRECTION ( 'NONE',  ( -0.000000000000000000, 1.000000000000000000, 0.000000000000000000 ) ) ;
#990 = VECTOR ( 'NONE', #515, 1000.000000000000000 ) ;
#991 = LINE ( 'NONE', #1211, #159 ) ;
#992 =( GEOMETRIC_REPRESENTATION_CONTEXT ( 3 ) GLOBAL_UNCERTAINTY_ASSIGNED_CONTEXT ( ( #1181 ) ) GLOBAL_UNIT_ASSIGNED_CONTEXT ( ( #269, #895, #681 ) ) REPRESENTATION_CONTEXT ( 'NONE', 'WORKASPACE' ) );
#993 = EDGE_LOOP ( 'NONE', ( #705, #603, #323 ) ) ;
#994 = CARTESIAN_POINT ( 'NONE',  ( 0.5000000000000003331, 0.03999999999999996614, 0.4329999999999999960 ) ) ;
#995 =( NAMED_UNIT ( * ) PLANE_ANGLE_UNIT ( ) SI_UNIT ( $, .RADIAN. ) );
#996 = FILL_AREA_STYLE_COLOUR ( '', #953 ) ;
#997 = PRESENTATION_STYLE_ASSIGNMENT (( #571 ) ) ;
#998 = ORIENTED_EDGE ( 'NONE', *, *, #537, .T. ) ;
#999 = FILL_AREA_STYLE ('',( #382 ) ) ;
#1000 = EDGE_CURVE ( 'NONE', #376, #875, #1249, .T. ) ;
#1001 = FILL_AREA_STYLE ('',( #1209 ) ) ;
#1002 = CARTESIAN_POINT ( 'NONE',  ( 0.2500000000000001110, 0.000000000000000000, 0.000000000000000000 ) ) ;
#1003 =( GEOMETRIC_REPRESENTATION_CONTEXT ( 3 ) GLOBAL_UNCERTAINTY_ASSIGNED_CONTEXT ( ( #1233 ) ) GLOBAL_UNIT_ASSIGNED_CONTEXT ( ( #842, #222, #1262 ) ) REPRESENTATION_CONTEXT ( 'NONE', 'WORKASPACE' ) );
#1004 = ORIENTED_EDGE ( 'NONE', *, *, #293, .F. ) ;
#1005 =( NAMED_UNIT ( * ) SI_UNIT ( $, .STERADIAN. ) SOLID_ANGLE_UNIT ( ) );
#1006 =( LENGTH_UNIT ( ) NAMED_UNIT ( * ) SI_UNIT ( .MILLI., .METRE. ) );
#1007 = EDGE_CURVE ( 'NONE', #466, #758, #189, .T. ) ;
#1008 = CARTESIAN_POINT ( 'NONE',  ( 0.5000000000000003331, 0.03999999999999996614, -0.4329999999999999960 ) ) ;
#1009 = VECTOR ( 'NONE', #960, 1000.000000000000000 ) ;
#1010 = ORIENTED_EDGE ( 'NONE', *, *, #22, .F. ) ;
#1011 = AXIS2_PLACEMENT_3D ( 'NONE', #419, #840, #1345 ) ;
#1012 = VECTOR ( 'NONE', #464, 1000.000000000000000 ) ;
#1013 =( NAMED_UNIT ( * ) PLANE_ANGLE_UNIT ( ) SI_UNIT ( $, .RADIAN. ) );
#1014 = UNCERTAINTY_MEASURE_WITH_UNIT (LENGTH_MEASURE( 1.000000000000000082E-05 ), #1198, 'distance_accuracy_value', 'NONE');
#1015 = VECTOR ( 'NONE', #1070, 1000.000000000000000 ) ;
#1016 = VERTEX_POINT ( 'NONE', #813 ) ;
#1017 = DIRECTION ( 'NONE',  ( -1.000000000000000000, 0.000000000000000000, 0.000000000000000000 ) ) ;
#1018 = DIRECTION ( 'NONE',  ( -0.000000000000000000, 1.000000000000000000, -0.000000000000000000 ) ) ;
#1019 = PRESENTATION_STYLE_ASSIGNMENT (( #593 ) ) ;
#1020 = EDGE_CURVE ( 'NONE', #955, #645, #773, .T. ) ;
#1021 = ORIENTED_EDGE ( 'NONE', *, *, #166, .T. ) ;
#1022 = DIRECTION ( 'NONE',  ( -0.000000000000000000, -1.000000000000000000, -0.000000000000000000 ) ) ;
#1023 = FILL_AREA_STYLE_COLOUR ( '', #500 ) ;
#1024 = STYLED_ITEM ( 'NONE', ( #457 ), #1222 ) ;
#1025 = FILL_AREA_STYLE_COLOUR ( '', #882 ) ;
#1026 = COLOUR_RGB ( '',0.4980392156862745168, 0.4980392156862745168, 0.4980392156862745168 ) ;
#1027 =( NAMED_UNIT ( * ) PLANE_ANGLE_UNIT ( ) SI_UNIT ( $, .RADIAN. ) );
#1028 = UNCERTAINTY_MEASURE_WITH_UNIT (LENGTH_MEASURE( 1.000000000000000082E-05 ), #818, 'distance_accuracy_value', 'NONE');
#1029 =( NAMED_UNIT ( * ) PLANE_ANGLE_UNIT ( ) SI_UNIT ( $, .RADIAN. ) );
#1030 = VERTEX_POINT ( 'NONE', #396 ) ;
#1031 = PLANE ( 'NONE',  #1081 ) ;
#1032 = ORIENTED_EDGE ( 'NONE', *, *, #487, .T. ) ;
#1033 =( GEOMETRIC_REPRESENTATION_CONTEXT ( 3 ) GLOBAL_UNCERTAINTY_ASSIGNED_CONTEXT ( ( #1337 ) ) GLOBAL_UNIT_ASSIGNED_CONTEXT ( ( #1317, #683, #281 ) ) REPRESENTATION_CONTEXT ( 'NONE', 'WORKASPACE' ) );
#1034 = UNCERTAINTY_MEASURE_WITH_UNIT (LENGTH_MEASURE( 1.000000000000000082E-05 ), #620, 'distance_accuracy_value', 'NONE');
#1035 =( NAMED_UNIT ( * ) PLANE_ANGLE_UNIT ( ) SI_UNIT ( $, .RADIAN. ) );
#1036 = SURFACE_STYLE_USAGE ( .BOTH. , #1325 ) ;
#1037 = LINE ( 'NONE', #194, #1255 ) ;
#1038 =( GEOMETRIC_REPRESENTATION_CONTEXT ( 3 ) GLOBAL_UNCERTAINTY_ASSIGNED_CONTEXT ( ( #914 ) ) GLOBAL_UNIT_ASSIGNED_CONTEXT ( ( #893, #1013, #679 ) ) REPRESENTATION_CONTEXT ( 'NONE', 'WORKASPACE' ) );
#1039 = SURFACE_STYLE_FILL_AREA ( #611 ) ;
#1040 = ORIENTED_EDGE ( 'NONE', *, *, #474, .F. ) ;
#1041 = DIRECTION ( 'NONE',  ( 0.000000000000000000, 0.000000000000000000, -1.000000000000000000 ) ) ;
#1042 = AXIS2_PLACEMENT_3D ( 'NONE', #976, #970, #31 ) ;
#1043 = FILL_AREA_STYLE_COLOUR ( '', #65 ) ;
#1044 = EDGE_CURVE ( 'NONE', #1306, #1315, #1220, .T. ) ;
#1045 = PRESENTATION_STYLE_ASSIGNMENT (( #911 ) ) ;
#1046 = DIRECTION ( 'NONE',  ( -0.000000000000000000, -1.000000000000000000, -0.000000000000000000 ) ) ;
#1047 = DIRECTION ( 'NONE',  ( -0.000000000000000000, 1.000000000000000000, -0.000000000000000000 ) ) ;
#1048 = AXIS2_PLACEMENT_3D ( 'NONE', #1060, #969, #1152 ) ;
#1049 = ORIENTED_EDGE ( 'NONE', *, *, #293, .T. ) ;
#1050 = FILL_AREA_STYLE ('',( #1274 ) ) ;
#1051 = DIRECTION ( 'NONE',  ( -0.000000000000000000, 1.000000000000000000, -0.000000000000000000 ) ) ;
#1052 = ORIENTED_EDGE ( 'NONE', *, *, #1205, .T. ) ;
#1053 = CARTESIAN_POINT ( 'NONE',  ( -0.6131370849898473141, 0.000000000000000000, 0.4329999999999999960 ) ) ;
#1054 = AXIS2_PLACEMENT_3D ( 'NONE', #332, #524, #423 ) ;
#1055 = FILL_AREA_STYLE_COLOUR ( '', #696 ) ;
#1056 = SURFACE_STYLE_USAGE ( .BOTH. , #700 ) ;
#1057 = EDGE_LOOP ( 'NONE', ( #723, #1338, #202, #47 ) ) ;
#1058 = PLANE ( 'NONE',  #115 ) ;
#1059 = MECHANICAL_DESIGN_GEOMETRIC_PRESENTATION_REPRESENTATION (  '', ( #1204 ), #1102 ) ;
#1060 = CARTESIAN_POINT ( 'NONE',  ( -0.4999999999999996669, 0.03999999999999996614, 0.4329999999999999960 ) ) ;
#1061 = CARTESIAN_POINT ( 'NONE',  ( 0.5000000000000003331, 0.03999999999999996614, 0.4329999999999999960 ) ) ;
#1062 = AXIS2_PLACEMENT_3D ( 'NONE', #702, #724, #212 ) ;
#1063 = DIRECTION ( 'NONE',  ( -0.000000000000000000, -0.000000000000000000, 1.000000000000000000 ) ) ;
#1064 = ORIENTED_EDGE ( 'NONE', *, *, #506, .F. ) ;
#1065 = AXIS2_PLACEMENT_3D ( 'NONE', #392, #413, #822 ) ;
#1066 =( LENGTH_UNIT ( ) NAMED_UNIT ( * ) SI_UNIT ( .MILLI., .METRE. ) );
#1067 = FILL_AREA_STYLE ('',( #638 ) ) ;
#1068 = VECTOR ( 'NONE', #1063, 1000.000000000000000 ) ;
#1069 = FACE_OUTER_BOUND ( 'NONE', #851, .T. ) ;
#1070 = DIRECTION ( 'NONE',  ( -1.000000000000000000, 0.000000000000000000, 0.000000000000000000 ) ) ;
#1071 = ORIENTED_EDGE ( 'NONE', *, *, #750, .T. ) ;
#1072 = FILL_AREA_STYLE_COLOUR ( '', #790 ) ;
#1073 =( NAMED_UNIT ( * ) SI_UNIT ( $, .STERADIAN. ) SOLID_ANGLE_UNIT ( ) );
#1074 = DIRECTION ( 'NONE',  ( -0.000000000000000000, 1.000000000000000000, -0.000000000000000000 ) ) ;
#1075 = MECHANICAL_DESIGN_GEOMETRIC_PRESENTATION_REPRESENTATION (  '', ( #304 ), #78 ) ;
#1076 = EDGE_LOOP ( 'NONE', ( #1021, #343, #568, #77 ) ) ;
#1077 = LINE ( 'NONE', #330, #874 ) ;
#1078 = EDGE_LOOP ( 'NONE', ( #861, #924, #613, #158 ) ) ;
#1079 = PRODUCT_RELATED_PRODUCT_CATEGORY ( 'part', '', ( #1100 ) ) ;
#1080 =( NAMED_UNIT ( * ) PLANE_ANGLE_UNIT ( ) SI_UNIT ( $, .RADIAN. ) );
#1081 = AXIS2_PLACEMENT_3D ( 'NONE', #1259, #1238, #715 ) ;
#1082 = CARTESIAN_POINT ( 'NONE',  ( -0.4999999999999996669, 0.03999999999999996614, 0.4329999999999999960 ) ) ;
#1083 = SURFACE_SIDE_STYLE ('',( #342 ) ) ;
#1084 = ORIENTED_EDGE ( 'NONE', *, *, #5, .F. ) ;
#1085 = VECTOR ( 'NONE', #1047, 1000.000000000000000 ) ;
#1086 = CARTESIAN_POINT ( 'NONE',  ( -0.4999999999999997780, -0.08000000000000001554, 0.4329999999999999960 ) ) ;
#1087 = LINE ( 'NONE', #473, #256 ) ;
#1088 = ADVANCED_FACE ( 'NONE', ( #836 ), #1265, .T. ) ;
#1089 = STYLED_ITEM ( 'NONE', ( #754 ), #334 ) ;
#1090 = ORIENTED_EDGE ( 'NONE', *, *, #88, .F. ) ;
#1091 =( NAMED_UNIT ( * ) SI_UNIT ( $, .STERADIAN. ) SOLID_ANGLE_UNIT ( ) );
#1092 = DIRECTION ( 'NONE',  ( 0.000000000000000000, 0.000000000000000000, -1.000000000000000000 ) ) ;
#1093 =( GEOMETRIC_REPRESENTATION_CONTEXT ( 3 ) GLOBAL_UNCERTAINTY_ASSIGNED_CONTEXT ( ( #96 ) ) GLOBAL_UNIT_ASSIGNED_CONTEXT ( ( #558, #995, #753 ) ) REPRESENTATION_CONTEXT ( 'NONE', 'WORKASPACE' ) );
#1094 = CARTESIAN_POINT ( 'NONE',  ( 0.8250000000000002887, 0.000000000000000000, -0.6950000000000000622 ) ) ;
#1095 = ORIENTED_EDGE ( 'NONE', *, *, #647, .F. ) ;
#1096 = AXIS2_PLACEMENT_3D ( 'NONE', #591, #1017, #799 ) ;
#1097 = DIRECTION ( 'NONE',  ( -0.000000000000000000, -1.000000000000000000, -0.000000000000000000 ) ) ;
#1098 = PRESENTATION_STYLE_ASSIGNMENT (( #576 ) ) ;
#1099 = DIRECTION ( 'NONE',  ( 0.000000000000000000, 0.000000000000000000, 1.000000000000000000 ) ) ;
#1100 = PRODUCT ( 'CAT24C512C8UTR', 'CAT24C512C8UTR', '', ( #1103 ) ) ;
#1101 =( LENGTH_UNIT ( ) NAMED_UNIT ( * ) SI_UNIT ( .MILLI., .METRE. ) );
#1102 =( GEOMETRIC_REPRESENTATION_CONTEXT ( 3 ) GLOBAL_UNCERTAINTY_ASSIGNED_CONTEXT ( ( #711 ) ) GLOBAL_UNIT_ASSIGNED_CONTEXT ( ( #597, #676, #1005 ) ) REPRESENTATION_CONTEXT ( 'NONE', 'WORKASPACE' ) );
#1103 = PRODUCT_CONTEXT ( 'NONE', #225, 'mechanical' ) ;
#1104 = COLOUR_RGB ( '',0.4980392156862745168, 0.4980392156862745168, 0.4980392156862745168 ) ;
#1105 = ORIENTED_EDGE ( 'NONE', *, *, #1044, .F. ) ;
#1106 = SPHERICAL_SURFACE ( 'NONE', #549, 0.1199999999999999956 ) ;
#1107 =( LENGTH_UNIT ( ) NAMED_UNIT ( * ) SI_UNIT ( .MILLI., .METRE. ) );
#1108 = CARTESIAN_POINT ( 'NONE',  ( 0.8250000000000002887, 0.2950000000000000400, 0.6949999999999998401 ) ) ;
#1109 = ORIENTED_EDGE ( 'NONE', *, *, #452, .F. ) ;
#1110 = CIRCLE ( 'NONE', #616, 0.1131370849898475917 ) ;
#1111 = LINE ( 'NONE', #468, #843 ) ;
#1112 = DIRECTION ( 'NONE',  ( -0.000000000000000000, 1.000000000000000000, -0.000000000000000000 ) ) ;
#1113 = DIRECTION ( 'NONE',  ( -0.000000000000000000, -0.000000000000000000, -1.000000000000000000 ) ) ;
#1114 = ORIENTED_EDGE ( 'NONE', *, *, #768, .T. ) ;
#1115 = CIRCLE ( 'NONE', #386, 0.1199999999999999956 ) ;
#1116 = DIRECTION ( 'NONE',  ( 0.000000000000000000, 0.000000000000000000, -1.000000000000000000 ) ) ;
#1117 = SURFACE_STYLE_FILL_AREA ( #777 ) ;
#1118 = AXIS2_PLACEMENT_3D ( 'NONE', #1128, #1018, #90 ) ;
#1119 = ORIENTED_EDGE ( 'NONE', *, *, #1215, .F. ) ;
#1120 = MECHANICAL_DESIGN_GEOMETRIC_PRESENTATION_REPRESENTATION (  '', ( #221 ), #992 ) ;
#1121 =( LENGTH_UNIT ( ) NAMED_UNIT ( * ) SI_UNIT ( .MILLI., .METRE. ) );
#1122 = MECHANICAL_DESIGN_GEOMETRIC_PRESENTATION_REPRESENTATION (  '', ( #246 ), #714 ) ;
#1123 = EDGE_CURVE ( 'NONE', #280, #701, #168, .T. ) ;
#1124 = CARTESIAN_POINT ( 'NONE',  ( -0.7160909518824430942, 0.2939999999999999836, -0.4477158349247264413 ) ) ;
#1125 = VERTEX_POINT ( 'NONE', #313 ) ;
#1126 = CARTESIAN_POINT ( 'NONE',  ( -0.8249999999999996225, 0.2950000000000000400, 0.6949999999999998401 ) ) ;
#1127 = CARTESIAN_POINT ( 'NONE',  ( -0.7160909518824430942, 0.2939999999999999836, -0.4477158349247264413 ) ) ;
#1128 = CARTESIAN_POINT ( 'NONE',  ( -0.4999999999999996669, 0.000000000000000000, 0.4329999999999999960 ) ) ;
#1129 = EDGE_LOOP ( 'NONE', ( #952, #114, #441 ) ) ;
#1130 = SURFACE_SIDE_STYLE ('',( #1303 ) ) ;
#1131 = CARTESIAN_POINT ( 'NONE',  ( -0.5736359134973036955, 0.2950000000000000400, -0.4477158349247264413 ) ) ;
#1132 = UNCERTAINTY_MEASURE_WITH_UNIT (LENGTH_MEASURE( 1.000000000000000082E-05 ), #306, 'distance_accuracy_value', 'NONE');
#1133 = DIRECTION ( 'NONE',  ( 0.000000000000000000, 0.000000000000000000, -1.000000000000000000 ) ) ;
#1134 = ORIENTED_EDGE ( 'NONE', *, *, #177, .F. ) ;
#1135 = EDGE_CURVE ( 'NONE', #561, #795, #722, .T. ) ;
#1136 = SURFACE_SIDE_STYLE ('',( #918 ) ) ;
#1137 = UNCERTAINTY_MEASURE_WITH_UNIT (LENGTH_MEASURE( 1.000000000000000082E-05 ), #852, 'distance_accuracy_value', 'NONE');
#1138 = PRESENTATION_STYLE_ASSIGNMENT (( #307 ) ) ;
#1139 = COLOUR_RGB ( '',0.8980392156862745390, 0.8980392156862745390, 0.8980392156862745390 ) ;
#1140 =( NAMED_UNIT ( * ) SI_UNIT ( $, .STERADIAN. ) SOLID_ANGLE_UNIT ( ) );
#1141 = ORIENTED_EDGE ( 'NONE', *, *, #574, .T. ) ;
#1142 = DIRECTION ( 'NONE',  ( 0.000000000000000000, 0.000000000000000000, -1.000000000000000000 ) ) ;
#1143 = CLOSED_SHELL ( 'NONE', ( #1088, #831, #250, #974, #128, #63, #243, #1222, #1241, #496, #334, #968, #605, #811, #1173, #684, #498, #206, #1182, #630, #145, #931 ) ) ;
#1144 = FACE_OUTER_BOUND ( 'NONE', #1057, .T. ) ;
#1145 = ADVANCED_FACE ( 'NONE', ( #622 ), #1282, .F. ) ;
#1146 = PRESENTATION_STYLE_ASSIGNMENT (( #1154 ) ) ;
#1147 = SURFACE_SIDE_STYLE ('',( #408 ) ) ;
#1148 = CARTESIAN_POINT ( 'NONE',  ( -0.8249999999999996225, 0.2950000000000000400, 0.6949999999999998401 ) ) ;
#1149 = ORIENTED_EDGE ( 'NONE', *, *, #5, .T. ) ;
#1150 = SURFACE_STYLE_USAGE ( .BOTH. , #1354 ) ;
#1151 = ORIENTED_EDGE ( 'NONE', *, *, #553, .T. ) ;
#1152 = DIRECTION ( 'NONE',  ( -1.000000000000000000, 6.776263578034403699E-16, 0.000000000000000000 ) ) ;
#1153 = STYLED_ITEM ( 'NONE', ( #649 ), #1173 ) ;
#1154 = SURFACE_STYLE_USAGE ( .BOTH. , #719 ) ;
#1155 = EDGE_CURVE ( 'NONE', #471, #175, #60, .T. ) ;
#1156 = PRESENTATION_LAYER_ASSIGNMENT (  '', '', ( #37 ) ) ;
#1157 = VERTEX_POINT ( 'NONE', #1272 ) ;
#1158 = CARTESIAN_POINT ( 'NONE',  ( -0.4999999999999996669, 0.03999999999999996614, -0.4329999999999999960 ) ) ;
#1159 = PRESENTATION_STYLE_ASSIGNMENT (( #934 ) ) ;
#1160 = CARTESIAN_POINT ( 'NONE',  ( -0.8249999999999996225, 0.000000000000000000, -0.6950000000000000622 ) ) ;
#1161 = AXIS2_PLACEMENT_3D ( 'NONE', #794, #286, #361 ) ;
#1162 = CARTESIAN_POINT ( 'NONE',  ( -0.8249999999999996225, 0.000000000000000000, 0.6949999999999998401 ) ) ;
#1163 = EDGE_CURVE ( 'NONE', #875, #483, #450, .T. ) ;
#1164 = CARTESIAN_POINT ( 'NONE',  ( 0.8250000000000002887, 0.2700000000000000178, -0.6950000000000000622 ) ) ;
#1165 = CARTESIAN_POINT ( 'NONE',  ( -0.8249999999999996225, 0.2950000000000000400, -0.6950000000000000622 ) ) ;
#1166 =( GEOMETRIC_REPRESENTATION_CONTEXT ( 3 ) GLOBAL_UNCERTAINTY_ASSIGNED_CONTEXT ( ( #699 ) ) GLOBAL_UNIT_ASSIGNED_CONTEXT ( ( #320, #1027, #414 ) ) REPRESENTATION_CONTEXT ( 'NONE', 'WORKASPACE' ) );
#1167 = ORIENTED_EDGE ( 'NONE', *, *, #1215, .T. ) ;
#1168 = CARTESIAN_POINT ( 'NONE',  ( 0.6131370849898479802, 0.000000000000000000, -0.4329999999999999960 ) ) ;
#1169 = CARTESIAN_POINT ( 'NONE',  ( -0.7160909518824430942, 0.2950000000000000400, -0.4477158349247264413 ) ) ;
#1170 = LINE ( 'NONE', #871, #53 ) ;
#1171 = VECTOR ( 'NONE', #546, 1000.000000000000000 ) ;
#1172 = CARTESIAN_POINT ( 'NONE',  ( 0.000000000000000000, 0.2939999999999999836, 0.000000000000000000 ) ) ;
#1173 = ADVANCED_FACE ( 'NONE', ( #130 ), #118, .T. ) ;
#1174 = ORIENTED_EDGE ( 'NONE', *, *, #1260, .T. ) ;
#1175 = CARTESIAN_POINT ( 'NONE',  ( 0.5000000000000003331, 0.000000000000000000, -0.4329999999999999960 ) ) ;
#1176 = DIRECTION ( 'NONE',  ( 0.000000000000000000, 0.000000000000000000, -1.000000000000000000 ) ) ;
#1177 = VECTOR ( 'NONE', #1191, 1000.000000000000000 ) ;
#1178 =( NAMED_UNIT ( * ) SI_UNIT ( $, .STERADIAN. ) SOLID_ANGLE_UNIT ( ) );
#1179 = DIRECTION ( 'NONE',  ( 0.000000000000000000, 0.000000000000000000, -1.000000000000000000 ) ) ;
#1180 = VERTEX_POINT ( 'NONE', #216 ) ;
#1181 = UNCERTAINTY_MEASURE_WITH_UNIT (LENGTH_MEASURE( 1.000000000000000082E-05 ), #269, 'distance_accuracy_value', 'NONE');
#1182 = ADVANCED_FACE ( 'NONE', ( #223 ), #352, .T. ) ;
#1183 = CARTESIAN_POINT ( 'NONE',  ( -0.1131370849898472863, 0.000000000000000000, 0.4329999999999999960 ) ) ;
#1184 = DIRECTION ( 'NONE',  ( -1.000000000000000000, -0.000000000000000000, -0.000000000000000000 ) ) ;
#1185 = AXIS2_PLACEMENT_3D ( 'NONE', #398, #389, #807 ) ;
#1186 = SURFACE_STYLE_USAGE ( .BOTH. , #218 ) ;
#1187 = AXIS2_PLACEMENT_3D ( 'NONE', #1002, #1112, #1116 ) ;
#1188 = VERTEX_POINT ( 'NONE', #540 ) ;
#1189 = STYLED_ITEM ( 'NONE', ( #1349 ), #206 ) ;
#1190 = AXIS2_PLACEMENT_3D ( 'NONE', #252, #565, #965 ) ;
#1191 = DIRECTION ( 'NONE',  ( -0.000000000000000000, -0.000000000000000000, -1.000000000000000000 ) ) ;
#1192 = LINE ( 'NONE', #1217, #1012 ) ;
#1193 = DIRECTION ( 'NONE',  ( -0.000000000000000000, 1.000000000000000000, -0.000000000000000000 ) ) ;
#1194 = EDGE_LOOP ( 'NONE', ( #261, #140 ) ) ;
#1195 =( NAMED_UNIT ( * ) PLANE_ANGLE_UNIT ( ) SI_UNIT ( $, .RADIAN. ) );
#1196 = DIRECTION ( 'NONE',  ( 0.000000000000000000, -0.000000000000000000, 1.000000000000000000 ) ) ;
#1197 = DIRECTION ( 'NONE',  ( -0.000000000000000000, 0.000000000000000000, -1.000000000000000000 ) ) ;
#1198 =( LENGTH_UNIT ( ) NAMED_UNIT ( * ) SI_UNIT ( .MILLI., .METRE. ) );
#1199 = MECHANICAL_DESIGN_GEOMETRIC_PRESENTATION_REPRESENTATION (  '', ( #1024 ), #412 ) ;
#1200 = EDGE_LOOP ( 'NONE', ( #370, #1214, #1278 ) ) ;
#1201 = VECTOR ( 'NONE', #341, 1000.000000000000000 ) ;
#1202 = DIRECTION ( 'NONE',  ( 1.000000000000000000, 0.000000000000000000, 0.000000000000000000 ) ) ;
#1203 = FACE_OUTER_BOUND ( 'NONE', #411, .T. ) ;
#1204 = STYLED_ITEM ( 'NONE', ( #1208 ), #831 ) ;
#1205 = EDGE_CURVE ( 'NONE', #1188, #1157, #1111, .T. ) ;
#1206 = ORIENTED_EDGE ( 'NONE', *, *, #647, .T. ) ;
#1207 = PRESENTATION_LAYER_ASSIGNMENT (  '', '', ( #781 ) ) ;
#1208 = PRESENTATION_STYLE_ASSIGNMENT (( #780 ) ) ;
#1209 = FILL_AREA_STYLE_COLOUR ( '', #581 ) ;
#1210 = SURFACE_STYLE_FILL_AREA ( #585 ) ;
#1211 = CARTESIAN_POINT ( 'NONE',  ( -0.5736359134973036955, 0.2950000000000000400, -0.6105215930791720869 ) ) ;
#1212 = EDGE_CURVE ( 'NONE', #1125, #1030, #143, .T. ) ;
#1213 = AXIS2_PLACEMENT_3D ( 'NONE', #733, #224, #650 ) ;
#1214 = ORIENTED_EDGE ( 'NONE', *, *, #430, .T. ) ;
#1215 = EDGE_CURVE ( 'NONE', #101, #837, #1087, .T. ) ;
#1216 = SURFACE_SIDE_STYLE ('',( #786 ) ) ;
#1217 = CARTESIAN_POINT ( 'NONE',  ( -0.8249999999999996225, 0.2700000000000000178, -0.6950000000000000622 ) ) ;
#1218 = DIRECTION ( 'NONE',  ( -1.000000000000000000, -0.000000000000000000, -0.000000000000000000 ) ) ;
#1219 = EDGE_LOOP ( 'NONE', ( #1243, #121, #494, #110 ) ) ;
#1220 = CIRCLE ( 'NONE', #752, 0.1131370849898475917 ) ;
#1221 = AXIS2_PLACEMENT_3D ( 'NONE', #290, #180, #598 ) ;
#1222 = ADVANCED_FACE ( 'NONE', ( #34 ), #767, .T. ) ;
#1223 = CARTESIAN_POINT ( 'NONE',  ( -0.5736359134973036955, 0.2950000000000000400, -0.6105215930791720869 ) ) ;
#1224 = PRESENTATION_LAYER_ASSIGNMENT (  '', '', ( #373 ) ) ;
#1225 = ORIENTED_EDGE ( 'NONE', *, *, #270, .F. ) ;
#1226 = CARTESIAN_POINT ( 'NONE',  ( -0.8249999999999996225, 0.2700000000000000178, -0.6950000000000000622 ) ) ;
#1227 = PRESENTATION_LAYER_ASSIGNMENT (  '', '', ( #462 ) ) ;
#1228 = PRESENTATION_STYLE_ASSIGNMENT (( #797 ) ) ;
#1229 = CARTESIAN_POINT ( 'NONE',  ( 0.3631370849898477027, 0.000000000000000000, 1.385529689976789159E-17 ) ) ;
#1230 = CARTESIAN_POINT ( 'NONE',  ( -0.8249999999999996225, 0.2700000000000000178, -0.6950000000000000622 ) ) ;
#1231 = DIRECTION ( 'NONE',  ( -1.224646799147353207E-16, 7.958476010334447722E-32, 1.000000000000000000 ) ) ;
#1232 = FILL_AREA_STYLE_COLOUR ( '', #1139 ) ;
#1233 = UNCERTAINTY_MEASURE_WITH_UNIT (LENGTH_MEASURE( 1.000000000000000082E-05 ), #842, 'distance_accuracy_value', 'NONE');
#1234 = PRESENTATION_LAYER_ASSIGNMENT (  '', '', ( #573 ) ) ;
#1235 = ORIENTED_EDGE ( 'NONE', *, *, #391, .T. ) ;
#1236 = LINE ( 'NONE', #1226, #1316 ) ;
#1237 =( GEOMETRIC_REPRESENTATION_CONTEXT ( 3 ) GLOBAL_UNCERTAINTY_ASSIGNED_CONTEXT ( ( #1028 ) ) GLOBAL_UNIT_ASSIGNED_CONTEXT ( ( #818, #710, #812 ) ) REPRESENTATION_CONTEXT ( 'NONE', 'WORKASPACE' ) );
#1238 = DIRECTION ( 'NONE',  ( -0.000000000000000000, 1.000000000000000000, 0.000000000000000000 ) ) ;
#1239 = UNCERTAINTY_MEASURE_WITH_UNIT (LENGTH_MEASURE( 1.000000000000000082E-05 ), #511, 'distance_accuracy_value', 'NONE');
#1240 = FACE_BOUND ( 'NONE', #979, .T. ) ;
#1241 = ADVANCED_FACE ( 'NONE', ( #1203 ), #678, .F. ) ;
#1242 = DIRECTION ( 'NONE',  ( -0.000000000000000000, 1.000000000000000000, -0.000000000000000000 ) ) ;
#1243 = ORIENTED_EDGE ( 'NONE', *, *, #1163, .T. ) ;
#1244 = SURFACE_SIDE_STYLE ('',( #190 ) ) ;
#1245 = PRESENTATION_LAYER_ASSIGNMENT (  '', '', ( #1024 ) ) ;
#1246 =( LENGTH_UNIT ( ) NAMED_UNIT ( * ) SI_UNIT ( .MILLI., .METRE. ) );
#1247 = FACE_OUTER_BOUND ( 'NONE', #785, .T. ) ;
#1248 = UNCERTAINTY_MEASURE_WITH_UNIT (LENGTH_MEASURE( 1.000000000000000082E-05 ), #543, 'distance_accuracy_value', 'NONE');
#1249 = LINE ( 'NONE', #1124, #85 ) ;
#1250 = VERTEX_POINT ( 'NONE', #1229 ) ;
#1251 = FILL_AREA_STYLE ('',( #400 ) ) ;
#1252 = CIRCLE ( 'NONE', #652, 0.1131370849898475917 ) ;
#1253 = LINE ( 'NONE', #291, #917 ) ;
#1254 = SURFACE_SIDE_STYLE ('',( #1263 ) ) ;
#1255 = VECTOR ( 'NONE', #802, 1000.000000000000000 ) ;
#1256 = DIRECTION ( 'NONE',  ( -0.000000000000000000, 1.000000000000000000, -0.000000000000000000 ) ) ;
#1257 = EDGE_LOOP ( 'NONE', ( #1095, #538, #904 ) ) ;
#1258 = SURFACE_STYLE_FILL_AREA ( #439 ) ;
#1259 = CARTESIAN_POINT ( 'NONE',  ( 0.000000000000000000, 0.2950000000000000400, 0.000000000000000000 ) ) ;
#1260 = EDGE_CURVE ( 'NONE', #615, #92, #1289, .T. ) ;
#1261 = STYLED_ITEM ( 'NONE', ( #1019 ), #250 ) ;
#1262 =( NAMED_UNIT ( * ) SI_UNIT ( $, .STERADIAN. ) SOLID_ANGLE_UNIT ( ) );
#1263 = SURFACE_STYLE_FILL_AREA ( #208 ) ;
#1264 = SURFACE_SIDE_STYLE ('',( #835 ) ) ;
#1265 = SPHERICAL_SURFACE ( 'NONE', #519, 0.1199999999999999956 ) ;
#1266 = ORIENTED_EDGE ( 'NONE', *, *, #311, .F. ) ;
#1267 = FACE_OUTER_BOUND ( 'NONE', #728, .T. ) ;
#1268 = FACE_OUTER_BOUND ( 'NONE', #971, .T. ) ;
#1269 = EDGE_CURVE ( 'NONE', #661, #1250, #1115, .T. ) ;
#1270 = SURFACE_SIDE_STYLE ('',( #136 ) ) ;
#1271 = AXIS2_PLACEMENT_3D ( 'NONE', #939, #1256, #526 ) ;
#1272 = CARTESIAN_POINT ( 'NONE',  ( 0.8250000000000002887, 0.2700000000000000178, 0.6949999999999998401 ) ) ;
#1273 =( LENGTH_UNIT ( ) NAMED_UNIT ( * ) SI_UNIT ( .MILLI., .METRE. ) );
#1274 = FILL_AREA_STYLE_COLOUR ( '', #1026 ) ;
#1275 = MECHANICAL_DESIGN_GEOMETRIC_PRESENTATION_REPRESENTATION (  '', ( #373 ), #1033 ) ;
#1276 = CARTESIAN_POINT ( 'NONE',  ( 0.5000000000000003331, 0.03999999999999996614, -0.4329999999999999960 ) ) ;
#1277 = CARTESIAN_POINT ( 'NONE',  ( 2.399297049839060933E-16, -0.08000000000000001554, 0.4329999999999999960 ) ) ;
#1278 = ORIENTED_EDGE ( 'NONE', *, *, #574, .F. ) ;
#1279 =( GEOMETRIC_REPRESENTATION_CONTEXT ( 3 ) GLOBAL_UNCERTAINTY_ASSIGNED_CONTEXT ( ( #66 ) ) GLOBAL_UNIT_ASSIGNED_CONTEXT ( ( #775, #267, #475 ) ) REPRESENTATION_CONTEXT ( 'NONE', 'WORKASPACE' ) );
#1280 = VERTEX_POINT ( 'NONE', #607 ) ;
#1281 = CARTESIAN_POINT ( 'NONE',  ( 0.5000000000000002220, -0.08000000000000001554, -0.4329999999999999960 ) ) ;
#1282 = PLANE ( 'NONE',  #1054 ) ;
#1283 = FACE_OUTER_BOUND ( 'NONE', #815, .T. ) ;
#1284 = EDGE_CURVE ( 'NONE', #1285, #789, #928, .T. ) ;
#1285 = VERTEX_POINT ( 'NONE', #103 ) ;
#1286 = FILL_AREA_STYLE_COLOUR ( '', #442 ) ;
#1287 = SURFACE_STYLE_FILL_AREA ( #864 ) ;
#1288 = STYLED_ITEM ( 'NONE', ( #1146 ), #1145 ) ;
#1289 = CIRCLE ( 'NONE', #1221, 0.1131370849898475917 ) ;
#1290 = DIRECTION ( 'NONE',  ( -0.000000000000000000, -1.000000000000000000, -0.000000000000000000 ) ) ;
#1291 = FILL_AREA_STYLE_COLOUR ( '', #757 ) ;
#1292 = ORIENTED_EDGE ( 'NONE', *, *, #57, .F. ) ;
#1293 = APPLICATION_PROTOCOL_DEFINITION ( 'draft international standard', 'automotive_design', 1998, #225 ) ;
#1294 = CIRCLE ( 'NONE', #878, 0.1199999999999999956 ) ;
#1295 = ORIENTED_EDGE ( 'NONE', *, *, #902, .T. ) ;
#1296 = FILL_AREA_STYLE_COLOUR ( '', #112 ) ;
#1297 = MECHANICAL_DESIGN_GEOMETRIC_PRESENTATION_REPRESENTATION (  '', ( #573 ), #467 ) ;
#1298 = PRESENTATION_STYLE_ASSIGNMENT (( #120 ) ) ;
#1299 = AXIS2_PLACEMENT_3D ( 'NONE', #438, #855, #1176 ) ;
#1300 = LINE ( 'NONE', #410, #735 ) ;
#1301 = ORIENTED_EDGE ( 'NONE', *, *, #1284, .T. ) ;
#1302 = PLANE ( 'NONE',  #440 ) ;
#1303 = SURFACE_STYLE_FILL_AREA ( #176 ) ;
#1304 = ADVANCED_FACE ( 'NONE', ( #966 ), #829, .F. ) ;
#1305 = PRESENTATION_STYLE_ASSIGNMENT (( #44 ) ) ;
#1306 = VERTEX_POINT ( 'NONE', #305 ) ;
#1307 = CARTESIAN_POINT ( 'NONE',  ( 3.252606517456513302E-16, 0.03999999999999996614, -0.4329999999999999960 ) ) ;
#1308 = DIRECTION ( 'NONE',  ( -1.224646799147353207E-16, 7.958476010334447722E-32, 1.000000000000000000 ) ) ;
#1309 = ORIENTED_EDGE ( 'NONE', *, *, #704, .F. ) ;
#1310 = CARTESIAN_POINT ( 'NONE',  ( -0.7160909518824430942, 0.2950000000000000400, -0.6105215930791720869 ) ) ;
#1311 = COLOUR_RGB ( '',0.8980392156862745390, 0.8980392156862745390, 0.8980392156862745390 ) ;
#1312 = CARTESIAN_POINT ( 'NONE',  ( -0.4999999999999996669, 0.03999999999999996614, 0.4329999999999999960 ) ) ;
#1313 = AXIS2_PLACEMENT_3D ( 'NONE', #1172, #548, #132 ) ;
#1314 = CARTESIAN_POINT ( 'NONE',  ( -0.7160909518824430942, 0.2939999999999999836, -0.6105215930791720869 ) ) ;
#1315 = VERTEX_POINT ( 'NONE', #16 ) ;
#1316 = VECTOR ( 'NONE', #1022, 1000.000000000000000 ) ;
#1317 =( LENGTH_UNIT ( ) NAMED_UNIT ( * ) SI_UNIT ( .MILLI., .METRE. ) );
#1318 = DIRECTION ( 'NONE',  ( -0.000000000000000000, -1.000000000000000000, -0.000000000000000000 ) ) ;
#1319 = SURFACE_STYLE_USAGE ( .BOTH. , #273 ) ;
#1320 = EDGE_LOOP ( 'NONE', ( #668, #26, #1105 ) ) ;
#1321 = SPHERICAL_SURFACE ( 'NONE', #1185, 0.1199999999999999956 ) ;
#1322 = MECHANICAL_DESIGN_GEOMETRIC_PRESENTATION_REPRESENTATION (  '', ( #384 ), #1093 ) ;
#1323 = ADVANCED_FACE ( 'NONE', ( #713 ), #942, .F. ) ;
#1324 = FILL_AREA_STYLE ('',( #1025 ) ) ;
#1325 = SURFACE_SIDE_STYLE ('',( #490 ) ) ;
#1326 = DIRECTION ( 'NONE',  ( 0.000000000000000000, -0.000000000000000000, 1.000000000000000000 ) ) ;
#1327 = CARTESIAN_POINT ( 'NONE',  ( -0.2500000000000001110, 0.000000000000000000, 0.000000000000000000 ) ) ;
#1328 = PRESENTATION_LAYER_ASSIGNMENT (  '', '', ( #1355 ) ) ;
#1329 = EDGE_LOOP ( 'NONE', ( #707, #314, #1084 ) ) ;
#1330 = DIRECTION ( 'NONE',  ( -1.000000000000000000, 0.000000000000000000, 0.000000000000000000 ) ) ;
#1331 = AXIS2_PLACEMENT_3D ( 'NONE', #403, #703, #302 ) ;
#1332 = AXIS2_PLACEMENT_3D ( 'NONE', #1008, #480, #899 ) ;
#1333 =( NAMED_UNIT ( * ) PLANE_ANGLE_UNIT ( ) SI_UNIT ( $, .RADIAN. ) );
#1334 = AXIS2_PLACEMENT_3D ( 'NONE', #201, #1326, #1336 ) ;
#1335 = AXIS2_PLACEMENT_3D ( 'NONE', #229, #560, #146 ) ;
#1336 = DIRECTION ( 'NONE',  ( -1.000000000000000000, 6.776263578034403699E-16, 0.000000000000000000 ) ) ;
#1337 = UNCERTAINTY_MEASURE_WITH_UNIT (LENGTH_MEASURE( 1.000000000000000082E-05 ), #1317, 'distance_accuracy_value', 'NONE');
#1338 = ORIENTED_EDGE ( 'NONE', *, *, #109, .T. ) ;
#1339 = DIRECTION ( 'NONE',  ( -1.224646799147353207E-16, 7.958476010334447722E-32, 1.000000000000000000 ) ) ;
#1340 = AXIS2_PLACEMENT_3D ( 'NONE', #949, #144, #739 ) ;
#1341 = UNCERTAINTY_MEASURE_WITH_UNIT (LENGTH_MEASURE( 1.000000000000000082E-05 ), #625, 'distance_accuracy_value', 'NONE');
#1342 = FACE_OUTER_BOUND ( 'NONE', #596, .T. ) ;
#1343 = FACE_BOUND ( 'NONE', #682, .T. ) ;
#1344 = VERTEX_POINT ( 'NONE', #1094 ) ;
#1345 = DIRECTION ( 'NONE',  ( -1.000000000000000000, 0.000000000000000000, -1.224646799147353207E-16 ) ) ;
#1346 = PRESENTATION_LAYER_ASSIGNMENT (  '', '', ( #304 ) ) ;
#1347 = AXIS2_PLACEMENT_3D ( 'NONE', #51, #255, #663 ) ;
#1348 = DIRECTION ( 'NONE',  ( 0.000000000000000000, 0.000000000000000000, 1.000000000000000000 ) ) ;
#1349 = PRESENTATION_STYLE_ASSIGNMENT (( #726 ) ) ;
#1350 = UNCERTAINTY_MEASURE_WITH_UNIT (LENGTH_MEASURE( 1.000000000000000082E-05 ), #369, 'distance_accuracy_value', 'NONE');
#1351 = DIRECTION ( 'NONE',  ( 0.000000000000000000, 0.000000000000000000, -1.000000000000000000 ) ) ;
#1352 = ORIENTED_EDGE ( 'NONE', *, *, #985, .F. ) ;
#1353 = EDGE_CURVE ( 'NONE', #1016, #1344, #133, .T. ) ;
#1354 = SURFACE_SIDE_STYLE ('',( #821 ) ) ;
#1355 = STYLED_ITEM ( 'NONE', ( #33 ), #684 ) ;
#1356 = EDGE_LOOP ( 'NONE', ( #388, #362, #134, #535 ) ) ;
#1357 = COLOUR_RGB ( '',0.8980392156862745390, 0.8980392156862745390, 0.8980392156862745390 ) ;
#1358 = UNCERTAINTY_MEASURE_WITH_UNIT (LENGTH_MEASURE( 1.000000000000000082E-05 ), #556, 'distance_accuracy_value', 'NONE');
#1359 = FILL_AREA_STYLE_COLOUR ( '', #328 ) ;
#1360 = FILL_AREA_STYLE_COLOUR ( '', #601 ) ;
#1361 = VECTOR ( 'NONE', #1318, 1000.000000000000000 ) ;
#1362 = FILL_AREA_STYLE ('',( #1055 ) ) ;
ENDSEC;
END-ISO-10303-21;
