ISO-10303-21;
HEADER;
FILE_DESCRIPTION (( 'STEP AP214' ),
    '1' );
FILE_NAME ('SOP Advance(N).STEP',
    '2020-11-20T04:06:07',
    ( '' ),
    ( '' ),
    'SwSTEP 2.0',
    'SolidWorks 2015',
    '' );
FILE_SCHEMA (( 'AUTOMOTIVE_DESIGN' ));
ENDSEC;

DATA;
#1 = ORIENTED_EDGE ( 'NONE', *, *, #670, .T. ) ;
#2 = DIRECTION ( 'NONE',  ( -0.0000000000000000000, -0.0000000000000000000, -1.000000000000000000 ) ) ;
#3 = PLANE ( 'NONE',  #2798 ) ;
#4 = ORIENTED_EDGE ( 'NONE', *, *, #1773, .T. ) ;
#5 = AXIS2_PLACEMENT_3D ( 'NONE', #775, #1558, #2125 ) ;
#6 = PLANE ( 'NONE',  #1871 ) ;
#7 = ORIENTED_EDGE ( 'NONE', *, *, #543, .F. ) ;
#8 = ADVANCED_FACE ( 'NONE', ( #2197 ), #2282, .F. ) ;
#9 = VECTOR ( 'NONE', #1717, 1000.000000000000000 ) ;
#10 = LINE ( 'NONE', #781, #1506 ) ;
#11 = VERTEX_POINT ( 'NONE', #3170 ) ;
#12 = DIRECTION ( 'NONE',  ( 6.065140421686081400E-016, -1.000000000000000000, 0.0000000000000000000 ) ) ;
#13 = VECTOR ( 'NONE', #834, 1000.000000000000000 ) ;
#14 = ORIENTED_EDGE ( 'NONE', *, *, #3545, .T. ) ;
#15 = DIRECTION ( 'NONE',  ( -1.000000000000000000, 0.0000000000000000000, 0.0000000000000000000 ) ) ;
#16 = DIRECTION ( 'NONE',  ( 0.0000000000000000000, 1.000000000000000000, 0.0000000000000000000 ) ) ;
#17 = CARTESIAN_POINT ( 'NONE',  ( -2.310410196624968800, -0.1500000000000000200, 0.2800000000000000300 ) ) ;
#18 = VECTOR ( 'NONE', #204, 1000.000000000000000 ) ;
#19 = EDGE_CURVE ( 'NONE', #44, #1362, #3316, .T. ) ;
#20 = FACE_OUTER_BOUND ( 'NONE', #1576, .T. ) ;
#21 = ADVANCED_FACE ( 'NONE', ( #1578 ), #3439, .T. ) ;
#22 = AXIS2_PLACEMENT_3D ( 'NONE', #2872, #931, #1182 ) ;
#23 = AXIS2_PLACEMENT_3D ( 'NONE', #1327, #1610, #537 ) ;
#24 = CARTESIAN_POINT ( 'NONE',  ( -2.105000000000000000, -3.049999999999999800, 0.2800000000000000300 ) ) ;
#25 = FACE_OUTER_BOUND ( 'NONE', #178, .T. ) ;
#26 = CARTESIAN_POINT ( 'NONE',  ( 1.704999999999999600, 2.874999999999997300, 0.2800000000000000300 ) ) ;
#27 = CARTESIAN_POINT ( 'NONE',  ( -0.8350000000000004100, 2.875000000000000000, 1.000000000000000000 ) ) ;
#28 = CARTESIAN_POINT ( 'NONE',  ( -2.105000000000000400, 0.07496153618543829900, 0.2800000000000000300 ) ) ;
#29 = FACE_OUTER_BOUND ( 'NONE', #2975, .T. ) ;
#30 = EDGE_CURVE ( 'NONE', #2158, #2060, #1753, .T. ) ;
#31 = VECTOR ( 'NONE', #1427, 1000.000000000000000 ) ;
#32 = ORIENTED_EDGE ( 'NONE', *, *, #3336, .T. ) ;
#33 = EDGE_CURVE ( 'NONE', #779, #1126, #856, .T. ) ;
#34 = ORIENTED_EDGE ( 'NONE', *, *, #2448, .F. ) ;
#35 = LINE ( 'NONE', #2790, #2910 ) ;
#36 = EDGE_CURVE ( 'NONE', #2689, #661, #1283, .T. ) ;
#37 = ORIENTED_EDGE ( 'NONE', *, *, #1944, .F. ) ;
#38 = CARTESIAN_POINT ( 'NONE',  ( -2.105000000000000000, 2.875000000000000000, 1.000000000000000000 ) ) ;
#39 = ORIENTED_EDGE ( 'NONE', *, *, #2785, .F. ) ;
#40 = ORIENTED_EDGE ( 'NONE', *, *, #1583, .F. ) ;
#41 = ADVANCED_FACE ( 'NONE', ( #1026 ), #3338, .F. ) ;
#42 = ORIENTED_EDGE ( 'NONE', *, *, #402, .F. ) ;
#43 = ORIENTED_EDGE ( 'NONE', *, *, #2313, .F. ) ;
#44 = VERTEX_POINT ( 'NONE', #2206 ) ;
#45 = ORIENTED_EDGE ( 'NONE', *, *, #1257, .F. ) ;
#46 = ORIENTED_EDGE ( 'NONE', *, *, #2838, .F. ) ;
#47 = EDGE_CURVE ( 'NONE', #509, #244, #2418, .T. ) ;
#48 = AXIS2_PLACEMENT_3D ( 'NONE', #1192, #2542, #90 ) ;
#49 = DIRECTION ( 'NONE',  ( -1.000000000000000000, 0.0000000000000000000, 0.0000000000000000000 ) ) ;
#50 = CARTESIAN_POINT ( 'NONE',  ( -0.8350000000000006300, 2.400000000000000400, 0.2800000000000000300 ) ) ;
#51 = DIRECTION ( 'NONE',  ( -1.000000000000000000, 8.850629979473506000E-017, 0.0000000000000000000 ) ) ;
#52 = CIRCLE ( 'NONE', #1158, 0.3500000000000000300 ) ;
#53 = VECTOR ( 'NONE', #1436, 1000.000000000000000 ) ;
#54 = ORIENTED_EDGE ( 'NONE', *, *, #3466, .T. ) ;
#55 = CARTESIAN_POINT ( 'NONE',  ( 1.704999999999998700, 2.399999999999999900, 0.2800000000000000300 ) ) ;
#56 = VERTEX_POINT ( 'NONE', #633 ) ;
#57 = DIRECTION ( 'NONE',  ( -0.0000000000000000000, -1.000000000000000000, -0.0000000000000000000 ) ) ;
#58 = LINE ( 'NONE', #2781, #2130 ) ;
#59 = VERTEX_POINT ( 'NONE', #335 ) ;
#60 = ADVANCED_FACE ( 'NONE', ( #167 ), #1263, .F. ) ;
#61 = DIRECTION ( 'NONE',  ( 0.0000000000000000000, 0.0000000000000000000, -1.000000000000000000 ) ) ;
#62 = CARTESIAN_POINT ( 'NONE',  ( 2.105000000000000400, -0.5749615361854383300, -0.0000000000000000000 ) ) ;
#63 = DIRECTION ( 'NONE',  ( -1.000000000000000000, 8.850629979473506000E-017, 0.0000000000000000000 ) ) ;
#64 = CARTESIAN_POINT ( 'NONE',  ( 1.975000000000000100, -0.2500000000000000000, 0.2800000000000000300 ) ) ;
#65 = VECTOR ( 'NONE', #2906, 1000.000000000000000 ) ;
#66 = DIRECTION ( 'NONE',  ( -0.08682659386424428100, -0.08682659386424544700, 0.9924325091389676300 ) ) ;
#67 = LINE ( 'NONE', #2123, #2950 ) ;
#68 = DIRECTION ( 'NONE',  ( -1.000000000000000000, 8.850629979473506000E-017, 0.0000000000000000000 ) ) ;
#69 = VECTOR ( 'NONE', #1843, 1000.000000000000000 ) ;
#70 = VECTOR ( 'NONE', #1125, 1000.000000000000000 ) ;
#71 = DIRECTION ( 'NONE',  ( 1.000000000000000000, -8.850629979473506000E-017, 0.0000000000000000000 ) ) ;
#72 = VERTEX_POINT ( 'NONE', #696 ) ;
#73 = ADVANCED_FACE ( 'NONE', ( #248 ), #1486, .F. ) ;
#74 = LINE ( 'NONE', #17, #3134 ) ;
#75 = EDGE_CURVE ( 'NONE', #259, #685, #2381, .T. ) ;
#76 = CARTESIAN_POINT ( 'NONE',  ( -0.8350000000000039600, -3.049999999999999400, 0.0000000000000000000 ) ) ;
#77 = CARTESIAN_POINT ( 'NONE',  ( 0.4349999999999962200, -2.875000000000000400, 0.0000000000000000000 ) ) ;
#78 = ORIENTED_EDGE ( 'NONE', *, *, #1999, .F. ) ;
#79 = FACE_OUTER_BOUND ( 'NONE', #573, .T. ) ;
#80 = VERTEX_POINT ( 'NONE', #113 ) ;
#81 = DIRECTION ( 'NONE',  ( 0.0000000000000000000, -1.000000000000000000, 0.0000000000000000000 ) ) ;
#82 = EDGE_CURVE ( 'NONE', #2337, #1232, #1627, .T. ) ;
#83 = DIRECTION ( 'NONE',  ( 1.000000000000000000, -4.984837574646000400E-016, 0.0000000000000000000 ) ) ;
#84 = ORIENTED_EDGE ( 'NONE', *, *, #358, .F. ) ;
#85 = ORIENTED_EDGE ( 'NONE', *, *, #1773, .F. ) ;
#86 = DIRECTION ( 'NONE',  ( 0.0000000000000000000, 0.0000000000000000000, 1.000000000000000000 ) ) ;
#87 = EDGE_LOOP ( 'NONE', ( #1975, #2487, #3528, #1331 ) ) ;
#88 = VERTEX_POINT ( 'NONE', #2043 ) ;
#89 = ORIENTED_EDGE ( 'NONE', *, *, #942, .T. ) ;
#90 = DIRECTION ( 'NONE',  ( 0.0000000000000000000, -0.0000000000000000000, 1.000000000000000000 ) ) ;
#91 = CARTESIAN_POINT ( 'NONE',  ( -2.105000000000000000, -1.289999999999999800, 0.0000000000000000000 ) ) ;
#92 = LINE ( 'NONE', #2324, #9 ) ;
#93 = ADVANCED_FACE ( 'NONE', ( #730 ), #394, .T. ) ;
#94 = LINE ( 'NONE', #849, #2883 ) ;
#95 = ORIENTED_EDGE ( 'NONE', *, *, #1641, .T. ) ;
#96 = CARTESIAN_POINT ( 'NONE',  ( -1.705000000000001000, -2.875000000000000000, 1.000000000000000000 ) ) ;
#97 = CARTESIAN_POINT ( 'NONE',  ( -2.449999999999999700, -2.875000000000000000, 0.2799999999999731000 ) ) ;
#98 = EDGE_CURVE ( 'NONE', #2463, #1459, #906, .T. ) ;
#99 = VECTOR ( 'NONE', #3571, 1000.000000000000000 ) ;
#101 = EDGE_LOOP ( 'NONE', ( #956, #3547, #984, #2579, #563 ) ) ;
#100 = PLANE ( 'NONE',  #2669 ) ;
#102 = CARTESIAN_POINT ( 'NONE',  ( -0.8350000000000006300, 2.400000000000000400, 0.0000000000000000000 ) ) ;
#103 = CARTESIAN_POINT ( 'NONE',  ( -2.450000000000000600, 2.875000000000000000, 1.000000000000000000 ) ) ;
#104 = EDGE_CURVE ( 'NONE', #610, #1156, #3054, .T. ) ;
#105 = EDGE_CURVE ( 'NONE', #2917, #1465, #2557, .T. ) ;
#106 = DIRECTION ( 'NONE',  ( -1.000000000000000000, -1.084202172485507000E-015, 0.0000000000000000000 ) ) ;
#107 = FACE_OUTER_BOUND ( 'NONE', #2958, .T. ) ;
#108 = DIRECTION ( 'NONE',  ( 8.816950660323364700E-017, 0.9961946980917458800, -0.08715574274765483500 ) ) ;
#109 = DIRECTION ( 'NONE',  ( -0.0000000000000000000, -0.0000000000000000000, -1.000000000000000000 ) ) ;
#110 = DIRECTION ( 'NONE',  ( -1.030120828964850000E-016, -1.000000000000000000, 0.0000000000000000000 ) ) ;
#111 = ADVANCED_FACE ( 'NONE', ( #2867 ), #2592, .F. ) ;
#112 = DIRECTION ( 'NONE',  ( 1.000000000000000000, 0.0000000000000000000, 0.0000000000000000000 ) ) ;
#113 = CARTESIAN_POINT ( 'NONE',  ( -0.8350000000000001900, 3.050000000000000300, 0.2800000000000000300 ) ) ;
#114 = EDGE_CURVE ( 'NONE', #2878, #1718, #2288, .T. ) ;
#115 = FACE_OUTER_BOUND ( 'NONE', #3028, .T. ) ;
#116 = AXIS2_PLACEMENT_3D ( 'NONE', #2839, #2216, #2501 ) ;
#117 = VECTOR ( 'NONE', #2840, 1000.000000000000000 ) ;
#118 = DIRECTION ( 'NONE',  ( 0.0000000000000000000, 0.0000000000000000000, -1.000000000000000000 ) ) ;
#119 = VERTEX_POINT ( 'NONE', #2628 ) ;
#120 = ORIENTED_EDGE ( 'NONE', *, *, #224, .F. ) ;
#121 = VECTOR ( 'NONE', #3468, 1000.000000000000000 ) ;
#122 = DIRECTION ( 'NONE',  ( 1.000000000000000000, -1.668003342285391500E-015, 0.0000000000000000000 ) ) ;
#123 = ORIENTED_EDGE ( 'NONE', *, *, #2084, .F. ) ;
#124 = ORIENTED_EDGE ( 'NONE', *, *, #283, .T. ) ;
#125 = DIRECTION ( 'NONE',  ( -1.000000000000000000, -1.024417946814024500E-015, -0.0000000000000000000 ) ) ;
#126 = ORIENTED_EDGE ( 'NONE', *, *, #3234, .T. ) ;
#127 = ORIENTED_EDGE ( 'NONE', *, *, #171, .F. ) ;
#128 = ORIENTED_EDGE ( 'NONE', *, *, #1614, .F. ) ;
#129 = ORIENTED_EDGE ( 'NONE', *, *, #2714, .T. ) ;
#130 = ORIENTED_EDGE ( 'NONE', *, *, #2049, .T. ) ;
#131 = CARTESIAN_POINT ( 'NONE',  ( 1.704999999999998700, -3.049999999999999800, -0.0000000000000000000 ) ) ;
#132 = DIRECTION ( 'NONE',  ( 1.668003342285391500E-015, 1.000000000000000000, 0.0000000000000000000 ) ) ;
#133 = CARTESIAN_POINT ( 'NONE',  ( 2.105000000000000000, -1.290000000000000300, 0.2800000000000000300 ) ) ;
#134 = LINE ( 'NONE', #602, #2082 ) ;
#135 = CARTESIAN_POINT ( 'NONE',  ( -2.105000000000000000, -2.489999999999999800, 0.2800000000000000300 ) ) ;
#136 = AXIS2_PLACEMENT_3D ( 'NONE', #2849, #1690, #49 ) ;
#137 = AXIS2_PLACEMENT_3D ( 'NONE', #880, #1994, #3400 ) ;
#138 = ORIENTED_EDGE ( 'NONE', *, *, #777, .F. ) ;
#139 = ORIENTED_EDGE ( 'NONE', *, *, #3578, .F. ) ;
#140 = PLANE ( 'NONE',  #1380 ) ;
#141 = VECTOR ( 'NONE', #2772, 1000.000000000000000 ) ;
#142 = ORIENTED_EDGE ( 'NONE', *, *, #82, .F. ) ;
#143 = CARTESIAN_POINT ( 'NONE',  ( -0.4350000000000000500, 2.400000000000000400, 0.2800000000000000300 ) ) ;
#144 = EDGE_CURVE ( 'NONE', #345, #2089, #816, .T. ) ;
#145 = FILL_AREA_STYLE ('',( #2625 ) ) ;
#146 = ADVANCED_FACE ( 'NONE', ( #79 ), #2931, .T. ) ;
#147 = CARTESIAN_POINT ( 'NONE',  ( -2.575000000000000200, -0.3500000000000002000, 0.2800000000000000300 ) ) ;
#148 = LINE ( 'NONE', #2111, #318 ) ;
#149 = DIRECTION ( 'NONE',  ( -1.000000000000000000, 0.0000000000000000000, 0.0000000000000000000 ) ) ;
#150 = EDGE_CURVE ( 'NONE', #661, #2878, #3354, .T. ) ;
#151 = LINE ( 'NONE', #2338, #2318 ) ;
#152 = EDGE_CURVE ( 'NONE', #2337, #797, #2600, .T. ) ;
#153 = CARTESIAN_POINT ( 'NONE',  ( 1.704999999999998700, 0.0000000000000000000, -0.0000000000000000000 ) ) ;
#154 = FACE_OUTER_BOUND ( 'NONE', #3063, .T. ) ;
#155 = FILL_AREA_STYLE_COLOUR ( '', #895 ) ;
#156 = CARTESIAN_POINT ( 'NONE',  ( 2.310410196624968800, -0.1499999999999994100, 0.2800000000000000300 ) ) ;
#157 = PRESENTATION_STYLE_ASSIGNMENT (( #2631 ) ) ;
#158 = FACE_OUTER_BOUND ( 'NONE', #184, .T. ) ;
#159 = DIRECTION ( 'NONE',  ( 0.0000000000000000000, 0.0000000000000000000, -1.000000000000000000 ) ) ;
#160 = LINE ( 'NONE', #3373, #3091 ) ;
#161 = ORIENTED_EDGE ( 'NONE', *, *, #959, .T. ) ;
#162 = EDGE_CURVE ( 'NONE', #1333, #3572, #341, .T. ) ;
#163 = ORIENTED_EDGE ( 'NONE', *, *, #1715, .F. ) ;
#164 = LINE ( 'NONE', #1076, #987 ) ;
#165 = AXIS2_PLACEMENT_3D ( 'NONE', #3034, #3579, #1894 ) ;
#166 = ORIENTED_EDGE ( 'NONE', *, *, #488, .F. ) ;
#167 = FACE_OUTER_BOUND ( 'NONE', #1000, .T. ) ;
#168 = PLANE ( 'NONE',  #1294 ) ;
#169 = CARTESIAN_POINT ( 'NONE',  ( -0.8350000000000039600, -3.049999999999999400, 0.2800000000000000300 ) ) ;
#170 = CARTESIAN_POINT ( 'NONE',  ( -2.105000000000000000, -3.049999999999999800, 0.2800000000000000300 ) ) ;
#171 = EDGE_CURVE ( 'NONE', #2961, #1721, #946, .T. ) ;
#172 = PLANE ( 'NONE',  #765 ) ;
#173 = EDGE_LOOP ( 'NONE', ( #2440, #432, #3486, #3130, #3138, #3570, #3311, #3194, #2562, #1449, #1306, #953 ) ) ;
#174 = EDGE_LOOP ( 'NONE', ( #2610, #527, #161, #3407 ) ) ;
#175 = DIRECTION ( 'NONE',  ( -1.084202172485499900E-015, -1.000000000000000000, 0.0000000000000000000 ) ) ;
#176 = CARTESIAN_POINT ( 'NONE',  ( -0.4350000000000000500, 2.875000000000000000, 1.000000000000000000 ) ) ;
#177 = EDGE_CURVE ( 'NONE', #3161, #1718, #1194, .T. ) ;
#178 = EDGE_LOOP ( 'NONE', ( #3516, #617, #1617, #912 ) ) ;
#179 = LINE ( 'NONE', #923, #2569 ) ;
#180 = DIRECTION ( 'NONE',  ( -0.0000000000000000000, -0.0000000000000000000, -1.000000000000000000 ) ) ;
#181 = DIRECTION ( 'NONE',  ( -1.000000000000000000, 0.0000000000000000000, 0.0000000000000000000 ) ) ;
#182 = LINE ( 'NONE', #2580, #1990 ) ;
#183 =( NAMED_UNIT ( * ) SI_UNIT ( $, .STERADIAN. ) SOLID_ANGLE_UNIT ( ) );
#184 = EDGE_LOOP ( 'NONE', ( #2520, #995, #1727, #1590 ) ) ;
#185 = CARTESIAN_POINT ( 'NONE',  ( 2.449999999999999700, 2.874999999999999600, 0.2799999999999729900 ) ) ;
#186 = DIRECTION ( 'NONE',  ( 0.0000000000000000000, 0.0000000000000000000, -1.000000000000000000 ) ) ;
#187 = VECTOR ( 'NONE', #606, 1000.000000000000000 ) ;
#188 = ORIENTED_EDGE ( 'NONE', *, *, #402, .T. ) ;
#189 = AXIS2_PLACEMENT_3D ( 'NONE', #2065, #122, #132 ) ;
#190 = LINE ( 'NONE', #2764, #363 ) ;
#191 = CARTESIAN_POINT ( 'NONE',  ( 1.704999999999998700, 2.399999999999999900, 0.2800000000000000300 ) ) ;
#192 = DIRECTION ( 'NONE',  ( 0.0000000000000000000, -0.0000000000000000000, 1.000000000000000000 ) ) ;
#193 = DIRECTION ( 'NONE',  ( -0.08682659386424457200, 0.08682659386424548800, -0.9924325091389676300 ) ) ;
#194 = VECTOR ( 'NONE', #1444, 1000.000000000000000 ) ;
#195 = CARTESIAN_POINT ( 'NONE',  ( -0.8350000000000003000, 2.875000000000000000, 0.0000000000000000000 ) ) ;
#196 = CARTESIAN_POINT ( 'NONE',  ( -1.975000000000000100, -0.2500000000000000000, 0.2800000000000000300 ) ) ;
#197 = DIRECTION ( 'NONE',  ( -1.000000000000000000, 0.0000000000000000000, -0.0000000000000000000 ) ) ;
#198 = LINE ( 'NONE', #2475, #2320 ) ;
#199 = EDGE_CURVE ( 'NONE', #3525, #2157, #2776, .T. ) ;
#200 = VECTOR ( 'NONE', #1199, 1000.000000000000000 ) ;
#201 = LINE ( 'NONE', #2413, #2595 ) ;
#202 = CARTESIAN_POINT ( 'NONE',  ( -2.450000000000000600, 2.875000000000000000, 0.0000000000000000000 ) ) ;
#203 = VECTOR ( 'NONE', #1585, 1000.000000000000000 ) ;
#204 = DIRECTION ( 'NONE',  ( 1.000000000000000000, 0.0000000000000000000, 0.0000000000000000000 ) ) ;
#205 = EDGE_LOOP ( 'NONE', ( #356, #14, #2786, #315 ) ) ;
#206 = CARTESIAN_POINT ( 'NONE',  ( -2.449999999999999700, -2.875000000000000000, 0.0000000000000000000 ) ) ;
#207 = ORIENTED_EDGE ( 'NONE', *, *, #569, .T. ) ;
#208 = DIRECTION ( 'NONE',  ( 0.0000000000000000000, 0.0000000000000000000, 1.000000000000000000 ) ) ;
#209 = AXIS2_PLACEMENT_3D ( 'NONE', #501, #1881, #1042 ) ;
#210 = ORIENTED_EDGE ( 'NONE', *, *, #3211, .T. ) ;
#211 = ORIENTED_EDGE ( 'NONE', *, *, #1989, .T. ) ;
#212 = ORIENTED_EDGE ( 'NONE', *, *, #481, .T. ) ;
#213 = CARTESIAN_POINT ( 'NONE',  ( -0.4350000000000000500, -2.489999999999999300, 0.2800000000000000300 ) ) ;
#214 = EDGE_CURVE ( 'NONE', #2433, #1453, #3444, .T. ) ;
#215 = ORIENTED_EDGE ( 'NONE', *, *, #2064, .T. ) ;
#216 = CARTESIAN_POINT ( 'NONE',  ( 0.4349999999999964500, -2.489999999999999800, 0.2800000000000000300 ) ) ;
#217 = ORIENTED_EDGE ( 'NONE', *, *, #1989, .F. ) ;
#218 = ORIENTED_EDGE ( 'NONE', *, *, #1824, .T. ) ;
#219 = DIRECTION ( 'NONE',  ( -0.0000000000000000000, -1.000000000000000000, -0.0000000000000000000 ) ) ;
#220 = EDGE_CURVE ( 'NONE', #1537, #784, #1070, .T. ) ;
#221 = DIRECTION ( 'NONE',  ( -1.000000000000000000, 0.0000000000000000000, 0.0000000000000000000 ) ) ;
#222 = CARTESIAN_POINT ( 'NONE',  ( 0.4349999999999994400, 2.399999999999999900, 0.2800000000000000300 ) ) ;
#223 = CARTESIAN_POINT ( 'NONE',  ( -0.8350000000000006300, 2.400000000000000400, 0.2800000000000000300 ) ) ;
#224 = EDGE_CURVE ( 'NONE', #2564, #3270, #989, .T. ) ;
#225 = LINE ( 'NONE', #2317, #3376 ) ;
#226 = ORIENTED_EDGE ( 'NONE', *, *, #2215, .F. ) ;
#227 = ORIENTED_EDGE ( 'NONE', *, *, #2859, .F. ) ;
#228 = EDGE_CURVE ( 'NONE', #119, #2109, #468, .T. ) ;
#229 = LINE ( 'NONE', #3593, #446 ) ;
#230 = ORIENTED_EDGE ( 'NONE', *, *, #1575, .F. ) ;
#231 = PLANE ( 'NONE',  #1468 ) ;
#232 = CARTESIAN_POINT ( 'NONE',  ( 2.449999999999999700, 2.874999999999999600, 1.000000000000000000 ) ) ;
#233 = CARTESIAN_POINT ( 'NONE',  ( 0.8350000000000000800, 2.399999999999999900, 0.0000000000000000000 ) ) ;
#234 = AXIS2_PLACEMENT_3D ( 'NONE', #3276, #175, #3254 ) ;
#235 = DIRECTION ( 'NONE',  ( 3.872150616019656900E-016, 1.000000000000000000, 0.0000000000000000000 ) ) ;
#236 = FACE_OUTER_BOUND ( 'NONE', #2283, .T. ) ;
#237 = CARTESIAN_POINT ( 'NONE',  ( 2.105000000000000400, 3.068525803401838700E-016, 0.0000000000000000000 ) ) ;
#238 = CARTESIAN_POINT ( 'NONE',  ( 2.449999999999999700, 2.874999999999999600, 0.0000000000000000000 ) ) ;
#239 = CARTESIAN_POINT ( 'NONE',  ( -1.705000000000001000, 2.400000000000000400, 0.2800000000000000300 ) ) ;
#240 = DIRECTION ( 'NONE',  ( 0.0000000000000000000, 0.0000000000000000000, 1.000000000000000000 ) ) ;
#241 = LINE ( 'NONE', #1720, #630 ) ;
#242 = LINE ( 'NONE', #1869, #2280 ) ;
#243 = ORIENTED_EDGE ( 'NONE', *, *, #2899, .F. ) ;
#244 = VERTEX_POINT ( 'NONE', #3265 ) ;
#245 = ORIENTED_EDGE ( 'NONE', *, *, #299, .T. ) ;
#246 = VECTOR ( 'NONE', #51, 1000.000000000000000 ) ;
#247 = ORIENTED_EDGE ( 'NONE', *, *, #2240, .T. ) ;
#248 = FACE_OUTER_BOUND ( 'NONE', #3017, .T. ) ;
#249 = ORIENTED_EDGE ( 'NONE', *, *, #1882, .F. ) ;
#250 = DIRECTION ( 'NONE',  ( 0.0000000000000000000, 0.0000000000000000000, 1.000000000000000000 ) ) ;
#251 = CARTESIAN_POINT ( 'NONE',  ( -2.105000000000000000, -3.049999999999999800, 0.2800000000000000300 ) ) ;
#252 = CARTESIAN_POINT ( 'NONE',  ( -1.705000000000001000, 2.400000000000000400, 0.2800000000000000300 ) ) ;
#253 = DIRECTION ( 'NONE',  ( -1.668003342285391600E-015, -1.000000000000000000, -0.0000000000000000000 ) ) ;
#254 = AXIS2_PLACEMENT_3D ( 'NONE', #3355, #2497, #3329 ) ;
#255 = DIRECTION ( 'NONE',  ( 7.542275982507857100E-017, -1.000000000000000000, 0.0000000000000000000 ) ) ;
#256 = STYLED_ITEM ( 'NONE', ( #2507 ), #592 ) ;
#257 = ADVANCED_FACE ( 'NONE', ( #553 ), #2393, .T. ) ;
#258 = EDGE_LOOP ( 'NONE', ( #2532, #1756, #2934, #598 ) ) ;
#259 = VERTEX_POINT ( 'NONE', #3233 ) ;
#260 = EDGE_LOOP ( 'NONE', ( #2920, #2426, #3608, #1407 ) ) ;
#261 = EDGE_CURVE ( 'NONE', #1378, #119, #1161, .T. ) ;
#262 = LINE ( 'NONE', #2615, #2882 ) ;
#263 = CARTESIAN_POINT ( 'NONE',  ( -1.705000000000001000, 2.400000000000000400, 0.2800000000000000300 ) ) ;
#264 = UNCERTAINTY_MEASURE_WITH_UNIT (LENGTH_MEASURE( 1.000000000000000100E-005 ), #2635, 'distance_accuracy_value', 'NONE');
#265 = DIRECTION ( 'NONE',  ( -0.0000000000000000000, -1.000000000000000000, -0.0000000000000000000 ) ) ;
#266 = CARTESIAN_POINT ( 'NONE',  ( -2.575000000000000200, -0.1500000000000002400, 0.0000000000000000000 ) ) ;
#267 = DIRECTION ( 'NONE',  ( 0.0000000000000000000, 0.0000000000000000000, -1.000000000000000000 ) ) ;
#268 = CARTESIAN_POINT ( 'NONE',  ( -2.105000000000000000, -2.489999999999999800, 0.2800000000000000300 ) ) ;
#269 = ORIENTED_EDGE ( 'NONE', *, *, #261, .F. ) ;
#270 = EDGE_CURVE ( 'NONE', #2461, #2553, #1114, .T. ) ;
#271 = FACE_OUTER_BOUND ( 'NONE', #769, .T. ) ;
#272 = ORIENTED_EDGE ( 'NONE', *, *, #3150, .F. ) ;
#273 = LINE ( 'NONE', #3260, #18 ) ;
#274 = ADVANCED_FACE ( 'NONE', ( #2679 ), #2106, .T. ) ;
#275 = CARTESIAN_POINT ( 'NONE',  ( -0.8350000000000039600, -3.049999999999999400, 0.2800000000000000300 ) ) ;
#276 =( GEOMETRIC_REPRESENTATION_CONTEXT ( 3 ) GLOBAL_UNCERTAINTY_ASSIGNED_CONTEXT ( ( #2926 ) ) GLOBAL_UNIT_ASSIGNED_CONTEXT ( ( #1481, #3473, #1730 ) ) REPRESENTATION_CONTEXT ( 'NONE', 'WORKASPACE' ) );
#277 = DIRECTION ( 'NONE',  ( 0.0000000000000000000, 0.0000000000000000000, -1.000000000000000000 ) ) ;
#278 = DIRECTION ( 'NONE',  ( -1.000000000000000000, 4.984837574646000400E-016, 0.0000000000000000000 ) ) ;
#279 = PLANE ( 'NONE',  #3550 ) ;
#280 = DIRECTION ( 'NONE',  ( 1.000000000000000000, -4.984837574646000400E-016, 0.0000000000000000000 ) ) ;
#281 = CARTESIAN_POINT ( 'NONE',  ( -2.450000000000000600, -0.3500000000000000900, 0.0000000000000000000 ) ) ;
#282 = LINE ( 'NONE', #2273, #3511 ) ;
#283 = EDGE_CURVE ( 'NONE', #44, #661, #2334, .T. ) ;
#284 = LINE ( 'NONE', #434, #2057 ) ;
#285 = EDGE_CURVE ( 'NONE', #3064, #2396, #2641, .T. ) ;
#286 = VECTOR ( 'NONE', #1024, 1000.000000000000000 ) ;
#287 = DIRECTION ( 'NONE',  ( 1.000000000000000000, 0.0000000000000000000, 0.0000000000000000000 ) ) ;
#288 = PLANE ( 'NONE',  #2005 ) ;
#289 = CARTESIAN_POINT ( 'NONE',  ( -0.8350000000000006300, 2.400000000000000400, 0.0000000000000000000 ) ) ;
#290 = EDGE_CURVE ( 'NONE', #2433, #2126, #3397, .T. ) ;
#291 = LINE ( 'NONE', #369, #807 ) ;
#292 = DIRECTION ( 'NONE',  ( 0.0000000000000000000, 0.0000000000000000000, -1.000000000000000000 ) ) ;
#293 = DIRECTION ( 'NONE',  ( 0.0000000000000000000, 0.0000000000000000000, -1.000000000000000000 ) ) ;
#294 = ADVANCED_FACE ( 'NONE', ( #1443 ), #2653, .F. ) ;
#295 = EDGE_LOOP ( 'NONE', ( #2828, #1810, #2169, #1063 ) ) ;
#296 = VECTOR ( 'NONE', #186, 1000.000000000000000 ) ;
#297 = VERTEX_POINT ( 'NONE', #480 ) ;
#298 = ORIENTED_EDGE ( 'NONE', *, *, #1328, .T. ) ;
#299 = EDGE_CURVE ( 'NONE', #1078, #3408, #2864, .T. ) ;
#300 = ORIENTED_EDGE ( 'NONE', *, *, #757, .T. ) ;
#302 = ORIENTED_EDGE ( 'NONE', *, *, #2263, .F. ) ;
#301 = CARTESIAN_POINT ( 'NONE',  ( 0.8349999999999998500, 2.874999999999999600, 1.000000000000000000 ) ) ;
#303 = DIRECTION ( 'NONE',  ( 0.0000000000000000000, 0.0000000000000000000, -1.000000000000000000 ) ) ;
#304 = DIRECTION ( 'NONE',  ( -1.000000000000000000, 0.0000000000000000000, 0.0000000000000000000 ) ) ;
#305 = ORIENTED_EDGE ( 'NONE', *, *, #700, .T. ) ;
#306 = ORIENTED_EDGE ( 'NONE', *, *, #2189, .T. ) ;
#307 = CARTESIAN_POINT ( 'NONE',  ( 2.105000000000000000, -1.290000000000000300, 0.2800000000000000300 ) ) ;
#308 = ORIENTED_EDGE ( 'NONE', *, *, #3455, .T. ) ;
#309 = LINE ( 'NONE', #1276, #698 ) ;
#310 = VECTOR ( 'NONE', #3523, 1000.000000000000000 ) ;
#311 = ORIENTED_EDGE ( 'NONE', *, *, #788, .F. ) ;
#312 = ORIENTED_EDGE ( 'NONE', *, *, #47, .T. ) ;
#313 = DIRECTION ( 'NONE',  ( 0.0000000000000000000, 0.0000000000000000000, -1.000000000000000000 ) ) ;
#314 = LINE ( 'NONE', #458, #1687 ) ;
#315 = ORIENTED_EDGE ( 'NONE', *, *, #2402, .F. ) ;
#316 = DIRECTION ( 'NONE',  ( -0.0000000000000000000, 1.000000000000000000, 0.0000000000000000000 ) ) ;
#317 = DIRECTION ( 'NONE',  ( 1.000000000000000000, 6.146507680884146000E-016, 0.0000000000000000000 ) ) ;
#318 = VECTOR ( 'NONE', #748, 1000.000000000000000 ) ;
#319 = AXIS2_PLACEMENT_3D ( 'NONE', #2237, #567, #2528 ) ;
#320 = AXIS2_PLACEMENT_3D ( 'NONE', #1230, #1460, #3185 ) ;
#321 = AXIS2_PLACEMENT_3D ( 'NONE', #2581, #1697, #357 ) ;
#322 = PLANE ( 'NONE',  #1441 ) ;
#323 = VECTOR ( 'NONE', #534, 1000.000000000000000 ) ;
#324 = CARTESIAN_POINT ( 'NONE',  ( -1.975000000000000100, -0.2500000000000000000, 0.2800000000000000300 ) ) ;
#325 = SURFACE_STYLE_USAGE ( .BOTH. , #1422 ) ;
#326 = ADVANCED_FACE ( 'NONE', ( #427 ), #1013, .T. ) ;
#327 = VECTOR ( 'NONE', #3531, 1000.000000000000000 ) ;
#328 = EDGE_CURVE ( 'NONE', #869, #1163, #336, .T. ) ;
#329 = CARTESIAN_POINT ( 'NONE',  ( -0.4350000000000000500, -2.875000000000000000, 0.2799999999999731000 ) ) ;
#330 = SURFACE_STYLE_FILL_AREA ( #145 ) ;
#331 = ORIENTED_EDGE ( 'NONE', *, *, #2886, .F. ) ;
#332 = ORIENTED_EDGE ( 'NONE', *, *, #1426, .F. ) ;
#333 = EDGE_CURVE ( 'NONE', #1978, #3246, #466, .T. ) ;
#334 = VERTEX_POINT ( 'NONE', #2427 ) ;
#335 = CARTESIAN_POINT ( 'NONE',  ( 0.4349999999999964500, -2.489999999999999800, 0.2800000000000000300 ) ) ;
#336 = LINE ( 'NONE', #3278, #1888 ) ;
#337 = CARTESIAN_POINT ( 'NONE',  ( -1.705000000000001000, -3.049999999999999400, 0.0000000000000000000 ) ) ;
#338 = EDGE_CURVE ( 'NONE', #1591, #1241, #551, .T. ) ;
#339 = ORIENTED_EDGE ( 'NONE', *, *, #2596, .F. ) ;
#340 =( NAMED_UNIT ( * ) SI_UNIT ( $, .STERADIAN. ) SOLID_ANGLE_UNIT ( ) );
#341 = LINE ( 'NONE', #2881, #2962 ) ;
#342 = ORIENTED_EDGE ( 'NONE', *, *, #1127, .T. ) ;
#343 = CARTESIAN_POINT ( 'NONE',  ( -0.9744968257872558300, -1.899496825787255500, 1.000000000000000000 ) ) ;
#344 = DIRECTION ( 'NONE',  ( 6.065140421686077500E-016, 1.000000000000000000, 0.0000000000000000000 ) ) ;
#345 = VERTEX_POINT ( 'NONE', #1895 ) ;
#346 = ORIENTED_EDGE ( 'NONE', *, *, #771, .T. ) ;
#347 = EDGE_CURVE ( 'NONE', #735, #901, #3602, .T. ) ;
#348 = ADVANCED_FACE ( 'NONE', ( #810 ), #3023, .T. ) ;
#349 = AXIS2_PLACEMENT_3D ( 'NONE', #3167, #593, #1151 ) ;
#350 = DIRECTION ( 'NONE',  ( -6.065140421686077500E-016, -1.000000000000000000, -0.0000000000000000000 ) ) ;
#351 = DIRECTION ( 'NONE',  ( -0.0000000000000000000, -1.000000000000000000, -0.0000000000000000000 ) ) ;
#352 = VECTOR ( 'NONE', #626, 1000.000000000000000 ) ;
#353 = DIRECTION ( 'NONE',  ( -1.000000000000000000, 0.0000000000000000000, -0.0000000000000000000 ) ) ;
#354 = LINE ( 'NONE', #147, #964 ) ;
#355 = VERTEX_POINT ( 'NONE', #2708 ) ;
#356 = ORIENTED_EDGE ( 'NONE', *, *, #1273, .F. ) ;
#357 = DIRECTION ( 'NONE',  ( 1.000000000000000000, -1.030120828964850000E-016, 0.0000000000000000000 ) ) ;
#358 = EDGE_CURVE ( 'NONE', #2961, #2428, #2376, .T. ) ;
#359 = VECTOR ( 'NONE', #1904, 1000.000000000000000 ) ;
#360 = ORIENTED_EDGE ( 'NONE', *, *, #1139, .F. ) ;
#361 = EDGE_CURVE ( 'NONE', #3572, #2309, #2194, .T. ) ;
#362 = CARTESIAN_POINT ( 'NONE',  ( 2.575000000000000200, -0.3500000000000008700, 0.2800000000000000300 ) ) ;
#363 = VECTOR ( 'NONE', #798, 1000.000000000000000 ) ;
#364 = CARTESIAN_POINT ( 'NONE',  ( -0.4350000000000000500, 2.400000000000000400, 0.2800000000000000300 ) ) ;
#365 = CARTESIAN_POINT ( 'NONE',  ( -0.8350000000000037400, -2.489999999999999300, 0.0000000000000000000 ) ) ;
#366 = ADVANCED_FACE ( 'NONE', ( #510 ), #1589, .T. ) ;
#367 = CARTESIAN_POINT ( 'NONE',  ( -1.705000000000001000, 2.400000000000000400, 0.0000000000000000000 ) ) ;
#368 = LINE ( 'NONE', #2059, #1310 ) ;
#369 = CARTESIAN_POINT ( 'NONE',  ( -1.705000000000001000, -3.049999999999999400, 0.2800000000000000300 ) ) ;
#370 = PRESENTATION_LAYER_ASSIGNMENT (  '', '', ( #2415 ) ) ;
#371 = LINE ( 'NONE', #760, #1696 ) ;
#372 = AXIS2_PLACEMENT_3D ( 'NONE', #3498, #3519, #1842 ) ;
#373 = DIRECTION ( 'NONE',  ( 1.000000000000000000, 6.146507680884146000E-016, 0.0000000000000000000 ) ) ;
#374 = LINE ( 'NONE', #1202, #3261 ) ;
#375 = FACE_OUTER_BOUND ( 'NONE', #1544, .T. ) ;
#376 = PLANE ( 'NONE',  #3611 ) ;
#377 = LINE ( 'NONE', #1180, #940 ) ;
#378 = CARTESIAN_POINT ( 'NONE',  ( 0.4349999999999998300, 3.050000000000000300, 0.2800000000000000300 ) ) ;
#379 = ORIENTED_EDGE ( 'NONE', *, *, #3384, .T. ) ;
#380 = VECTOR ( 'NONE', #2257, 1000.000000000000000 ) ;
#381 = ADVANCED_FACE ( 'NONE', ( #2014 ), #2177, .T. ) ;
#382 = ORIENTED_EDGE ( 'NONE', *, *, #36, .F. ) ;
#383 = CARTESIAN_POINT ( 'NONE',  ( 2.449999999999999700, 2.874999999999999600, 0.0000000000000000000 ) ) ;
#384 = EDGE_CURVE ( 'NONE', #836, #2961, #726, .T. ) ;
#385 = CARTESIAN_POINT ( 'NONE',  ( 0.0000000000000000000, 0.0000000000000000000, 0.0000000000000000000 ) ) ;
#386 = ORIENTED_EDGE ( 'NONE', *, *, #2583, .T. ) ;
#387 = DIRECTION ( 'NONE',  ( -1.000000000000000000, 5.838011697998866200E-016, 0.0000000000000000000 ) ) ;
#388 = EDGE_LOOP ( 'NONE', ( #1033, #2087, #3479, #1634, #3146, #852, #2344, #7, #1450, #1603, #1921, #2795 ) ) ;
#389 = CARTESIAN_POINT ( 'NONE',  ( -2.575000000000000200, -0.1500000000000002400, 0.0000000000000000000 ) ) ;
#390 = EDGE_LOOP ( 'NONE', ( #207, #1420, #1413, #1937 ) ) ;
#391 = ORIENTED_EDGE ( 'NONE', *, *, #2751, .T. ) ;
#392 = VERTEX_POINT ( 'NONE', #766 ) ;
#393 = CARTESIAN_POINT ( 'NONE',  ( -0.4350000000000000500, -2.489999999999999300, 0.0000000000000000000 ) ) ;
#394 = PLANE ( 'NONE',  #2394 ) ;
#395 = AXIS2_PLACEMENT_3D ( 'NONE', #2488, #1653, #575 ) ;
#396 = AXIS2_PLACEMENT_3D ( 'NONE', #1924, #293, #1648 ) ;
#397 = VECTOR ( 'NONE', #2757, 1000.000000000000000 ) ;
#398 = EDGE_LOOP ( 'NONE', ( #2168, #3365, #1750, #1963 ) ) ;
#399 = DIRECTION ( 'NONE',  ( -1.084202172485507000E-015, 1.000000000000000000, 0.0000000000000000000 ) ) ;
#400 = APPLICATION_CONTEXT ( 'automotive_design' ) ;
#401 = CARTESIAN_POINT ( 'NONE',  ( -1.705000000000001000, -2.489999999999999300, 0.2800000000000000300 ) ) ;
#402 = EDGE_CURVE ( 'NONE', #2573, #3031, #2063, .T. ) ;
#404 = ORIENTED_EDGE ( 'NONE', *, *, #788, .T. ) ;
#403 = CARTESIAN_POINT ( 'NONE',  ( 2.387008162261334800, -2.812008162261335500, 1.000000000000000000 ) ) ;
#405 = DIRECTION ( 'NONE',  ( -6.065140421686081400E-016, 1.000000000000000000, 0.0000000000000000000 ) ) ;
#406 = CIRCLE ( 'NONE', #5, 0.3500000000000000300 ) ;
#407 = ORIENTED_EDGE ( 'NONE', *, *, #1554, .F. ) ;
#408 = EDGE_CURVE ( 'NONE', #1378, #687, #1157, .T. ) ;
#409 = EDGE_CURVE ( 'NONE', #867, #685, #3563, .T. ) ;
#410 = DIRECTION ( 'NONE',  ( -1.000000000000000000, 0.0000000000000000000, 0.0000000000000000000 ) ) ;
#411 = LINE ( 'NONE', #2949, #1872 ) ;
#412 = PLANE ( 'NONE',  #2108 ) ;
#413 = CIRCLE ( 'NONE', #136, 0.3500000000000000300 ) ;
#414 = CARTESIAN_POINT ( 'NONE',  ( -2.105000000000000000, 3.050000000000000300, 0.2800000000000000300 ) ) ;
#415 = DIRECTION ( 'NONE',  ( 1.508455196501571200E-016, -1.000000000000000000, -0.0000000000000000000 ) ) ;
#416 = CARTESIAN_POINT ( 'NONE',  ( -2.449999999999999700, -2.875000000000000000, 1.000000000000000000 ) ) ;
#417 = EDGE_CURVE ( 'NONE', #3270, #2469, #164, .T. ) ;
#418 = LINE ( 'NONE', #2315, #2630 ) ;
#419 = VECTOR ( 'NONE', #789, 1000.000000000000000 ) ;
#420 = LINE ( 'NONE', #38, #70 ) ;
#421 = ADVANCED_FACE ( 'NONE', ( #3312 ), #2721, .T. ) ;
#422 = DIRECTION ( 'NONE',  ( 6.672013369141566200E-016, 1.000000000000000000, 0.0000000000000000000 ) ) ;
#423 = VERTEX_POINT ( 'NONE', #3008 ) ;
#424 = VERTEX_POINT ( 'NONE', #3581 ) ;
#425 = ORIENTED_EDGE ( 'NONE', *, *, #228, .T. ) ;
#426 = DIRECTION ( 'NONE',  ( -1.000000000000000000, 8.850629979473506000E-017, 0.0000000000000000000 ) ) ;
#427 = FACE_OUTER_BOUND ( 'NONE', #2725, .T. ) ;
#428 = ORIENTED_EDGE ( 'NONE', *, *, #516, .F. ) ;
#429 = EDGE_LOOP ( 'NONE', ( #2969, #1546, #2685, #900 ) ) ;
#430 = FILL_AREA_STYLE ('',( #2083 ) ) ;
#431 = ORIENTED_EDGE ( 'NONE', *, *, #2120, .T. ) ;
#432 = ORIENTED_EDGE ( 'NONE', *, *, #524, .F. ) ;
#433 = DIRECTION ( 'NONE',  ( 0.0000000000000000000, 0.0000000000000000000, -1.000000000000000000 ) ) ;
#434 = CARTESIAN_POINT ( 'NONE',  ( -0.8350000000000001900, 3.050000000000000300, 0.2800000000000000300 ) ) ;
#435 = CARTESIAN_POINT ( 'NONE',  ( -0.4350000000000000500, -3.049999999999999400, 0.2800000000000000300 ) ) ;
#436 = VECTOR ( 'NONE', #2, 1000.000000000000000 ) ;
#437 = CARTESIAN_POINT ( 'NONE',  ( -1.705000000000001000, 2.400000000000000400, 0.0000000000000000000 ) ) ;
#438 = MECHANICAL_DESIGN_GEOMETRIC_PRESENTATION_REPRESENTATION (  '', ( #2868 ), #2741 ) ;
#439 = DIRECTION ( 'NONE',  ( 0.0000000000000000000, 0.0000000000000000000, -1.000000000000000000 ) ) ;
#440 = AXIS2_PLACEMENT_3D ( 'NONE', #2648, #1818, #2354 ) ;
#441 = AXIS2_PLACEMENT_3D ( 'NONE', #1414, #891, #607 ) ;
#442 = VECTOR ( 'NONE', #2042, 1000.000000000000000 ) ;
#443 = ORIENTED_EDGE ( 'NONE', *, *, #36, .T. ) ;
#444 = EDGE_LOOP ( 'NONE', ( #2022, #1188, #1495, #1138 ) ) ;
#445 = CARTESIAN_POINT ( 'NONE',  ( 0.8350000000000000800, -2.489999999999999800, 0.2800000000000000300 ) ) ;
#446 = VECTOR ( 'NONE', #1053, 1000.000000000000000 ) ;
#447 = ORIENTED_EDGE ( 'NONE', *, *, #1144, .F. ) ;
#448 = CARTESIAN_POINT ( 'NONE',  ( -0.8350000000000006300, 2.400000000000000400, 0.2800000000000000300 ) ) ;
#449 = EDGE_CURVE ( 'NONE', #2245, #747, #2770, .T. ) ;
#450 = CARTESIAN_POINT ( 'NONE',  ( -1.975000000000000100, -0.2500000000000000000, 0.2800000000000000300 ) ) ;
#451 = VECTOR ( 'NONE', #1319, 1000.000000000000000 ) ;
#452 = CARTESIAN_POINT ( 'NONE',  ( -2.449999999999999700, -2.875000000000000000, 0.2799999999999731000 ) ) ;
#453 = CARTESIAN_POINT ( 'NONE',  ( -2.365808833712599300, -2.790808833712600000, 1.242309434095472800 ) ) ;
#454 = LINE ( 'NONE', #3369, #2003 ) ;
#455 = EDGE_CURVE ( 'NONE', #2515, #467, #1621, .T. ) ;
#456 = CIRCLE ( 'NONE', #1012, 0.5000000000000001100 ) ;
#457 = CARTESIAN_POINT ( 'NONE',  ( 1.704999999999998700, -2.490000000000000200, 0.2800000000000000300 ) ) ;
#458 = CARTESIAN_POINT ( 'NONE',  ( -0.4350000000000000500, 2.400000000000000400, 0.0000000000000000000 ) ) ;
#459 = VECTOR ( 'NONE', #2788, 1000.000000000000000 ) ;
#460 = CARTESIAN_POINT ( 'NONE',  ( -0.4350000000000000500, 2.400000000000000400, 0.2800000000000000300 ) ) ;
#461 = VECTOR ( 'NONE', #1936, 1000.000000000000000 ) ;
#462 = DIRECTION ( 'NONE',  ( 1.000000000000000000, 0.0000000000000000000, 0.0000000000000000000 ) ) ;
#463 = VERTEX_POINT ( 'NONE', #1087 ) ;
#464 = AXIS2_PLACEMENT_3D ( 'NONE', #1250, #576, #665 ) ;
#465 = CARTESIAN_POINT ( 'NONE',  ( 0.0000000000000000000, 0.0000000000000000000, 0.0000000000000000000 ) ) ;
#466 = LINE ( 'NONE', #1028, #1923 ) ;
#467 = VERTEX_POINT ( 'NONE', #1358 ) ;
#468 = LINE ( 'NONE', #1002, #1712 ) ;
#469 = DIRECTION ( 'NONE',  ( -1.000000000000000000, 0.0000000000000000000, -0.0000000000000000000 ) ) ;
#470 = EDGE_CURVE ( 'NONE', #797, #1665, #1534, .T. ) ;
#471 = DIRECTION ( 'NONE',  ( 3.872150616019656900E-016, 1.000000000000000000, 0.0000000000000000000 ) ) ;
#472 = VERTEX_POINT ( 'NONE', #3393 ) ;
#473 = ORIENTED_EDGE ( 'NONE', *, *, #2594, .F. ) ;
#474 = CARTESIAN_POINT ( 'NONE',  ( -2.105000000000000000, -2.489999999999999800, 0.2800000000000000300 ) ) ;
#475 = CARTESIAN_POINT ( 'NONE',  ( -0.4350000000000000500, -2.875000000000000000, 1.000000000000000000 ) ) ;
#476 = EDGE_CURVE ( 'NONE', #1852, #3574, #2107, .T. ) ;
#477 = ORIENTED_EDGE ( 'NONE', *, *, #2699, .T. ) ;
#478 = EDGE_LOOP ( 'NONE', ( #601, #1886, #632, #1065 ) ) ;
#479 = DIRECTION ( 'NONE',  ( 0.0000000000000000000, 0.0000000000000000000, -1.000000000000000000 ) ) ;
#480 = CARTESIAN_POINT ( 'NONE',  ( 2.105000000000000400, -3.050000000000000300, -0.0000000000000000000 ) ) ;
#481 = EDGE_CURVE ( 'NONE', #3488, #1233, #3350, .T. ) ;
#482 = ORIENTED_EDGE ( 'NONE', *, *, #285, .F. ) ;
#483 = ORIENTED_EDGE ( 'NONE', *, *, #1023, .T. ) ;
#484 = ORIENTED_EDGE ( 'NONE', *, *, #2991, .F. ) ;
#485 = CARTESIAN_POINT ( 'NONE',  ( -2.105000000000000000, -3.049999999999999800, 0.0000000000000000000 ) ) ;
#486 = FILL_AREA_STYLE_COLOUR ( '', #1396 ) ;
#487 = VECTOR ( 'NONE', #3371, 1000.000000000000000 ) ;
#488 = EDGE_CURVE ( 'NONE', #1591, #2469, #2464, .T. ) ;
#489 = PLANE ( 'NONE',  #554 ) ;
#490 = AXIS2_PLACEMENT_3D ( 'NONE', #1123, #1421, #3080 ) ;
#491 = VECTOR ( 'NONE', #2626, 1000.000000000000000 ) ;
#492 = VERTEX_POINT ( 'NONE', #1136 ) ;
#493 = AXIS2_PLACEMENT_3D ( 'NONE', #2731, #754, #2137 ) ;
#494 = LINE ( 'NONE', #2052, #1176 ) ;
#495 = VERTEX_POINT ( 'NONE', #3346 ) ;
#496 = CARTESIAN_POINT ( 'NONE',  ( -2.105000000000000400, 0.07496153618543829900, 0.2800000000000000300 ) ) ;
#497 = CARTESIAN_POINT ( 'NONE',  ( -1.705000000000001000, -3.049999999999999400, 0.2800000000000000300 ) ) ;
#498 = LINE ( 'NONE', #485, #972 ) ;
#499 = DIRECTION ( 'NONE',  ( -0.0000000000000000000, -0.0000000000000000000, -1.000000000000000000 ) ) ;
#500 = DIRECTION ( 'NONE',  ( -1.000000000000000000, 0.0000000000000000000, 0.0000000000000000000 ) ) ;
#501 = CARTESIAN_POINT ( 'NONE',  ( -0.8350000000000001900, 3.050000000000000300, 0.2800000000000000300 ) ) ;
#502 = LINE ( 'NONE', #2702, #976 ) ;
#503 = FACE_OUTER_BOUND ( 'NONE', #2922, .T. ) ;
#504 = CYLINDRICAL_SURFACE ( 'NONE', #674, 0.5000000000000001100 ) ;
#505 = ORIENTED_EDGE ( 'NONE', *, *, #3218, .F. ) ;
#506 = DIRECTION ( 'NONE',  ( 0.0000000000000000000, 1.000000000000000000, 0.0000000000000000000 ) ) ;
#507 = EDGE_LOOP ( 'NONE', ( #1704, #3464, #3442, #1867 ) ) ;
#508 = DIRECTION ( 'NONE',  ( -7.542275982507857100E-017, 1.000000000000000000, 0.0000000000000000000 ) ) ;
#509 = VERTEX_POINT ( 'NONE', #3072 ) ;
#510 = FACE_OUTER_BOUND ( 'NONE', #1864, .T. ) ;
#511 = CARTESIAN_POINT ( 'NONE',  ( 2.310410196624968800, -0.3500000000000005900, 0.2800000000000000300 ) ) ;
#512 = CARTESIAN_POINT ( 'NONE',  ( 2.450000000000000200, -0.1499999999999995200, 1.000000000000000000 ) ) ;
#513 = DIRECTION ( 'NONE',  ( 1.000000000000000000, -8.850629979473504800E-017, 0.0000000000000000000 ) ) ;
#514 = ORIENTED_EDGE ( 'NONE', *, *, #569, .F. ) ;
#515 = ORIENTED_EDGE ( 'NONE', *, *, #1575, .T. ) ;
#516 = EDGE_CURVE ( 'NONE', #3307, #492, #74, .T. ) ;
#517 = ORIENTED_EDGE ( 'NONE', *, *, #470, .F. ) ;
#518 = ORIENTED_EDGE ( 'NONE', *, *, #3100, .T. ) ;
#519 = ORIENTED_EDGE ( 'NONE', *, *, #782, .T. ) ;
#520 = DIRECTION ( 'NONE',  ( 1.000000000000000000, 0.0000000000000000000, 0.0000000000000000000 ) ) ;
#521 = EDGE_CURVE ( 'NONE', #2249, #2550, #3518, .T. ) ;
#522 = CARTESIAN_POINT ( 'NONE',  ( -1.705000000000000300, 2.875000000000000000, 1.000000000000000000 ) ) ;
#523 = DIRECTION ( 'NONE',  ( 1.000000000000000000, 0.0000000000000000000, 0.0000000000000000000 ) ) ;
#524 = EDGE_CURVE ( 'NONE', #495, #1255, #1363, .T. ) ;
#525 = LINE ( 'NONE', #1301, #1594 ) ;
#526 = FACE_OUTER_BOUND ( 'NONE', #2966, .T. ) ;
#527 = ORIENTED_EDGE ( 'NONE', *, *, #919, .F. ) ;
#528 = ORIENTED_EDGE ( 'NONE', *, *, #3469, .T. ) ;
#529 = ADVANCED_FACE ( 'NONE', ( #2959 ), #6, .T. ) ;
#530 = PLANE ( 'NONE',  #254 ) ;
#531 = EDGE_CURVE ( 'NONE', #605, #1233, #2675, .T. ) ;
#532 = LINE ( 'NONE', #2224, #1092 ) ;
#533 = ORIENTED_EDGE ( 'NONE', *, *, #1442, .T. ) ;
#534 = DIRECTION ( 'NONE',  ( 0.0000000000000000000, 1.000000000000000000, 0.0000000000000000000 ) ) ;
#535 = PLANE ( 'NONE',  #814 ) ;
#536 = AXIS2_PLACEMENT_3D ( 'NONE', #3035, #1075, #3302 ) ;
#537 = DIRECTION ( 'NONE',  ( -1.000000000000000000, 0.0000000000000000000, -0.0000000000000000000 ) ) ;
#538 = VECTOR ( 'NONE', #675, 1000.000000000000000 ) ;
#539 = EDGE_CURVE ( 'NONE', #1196, #3108, #35, .T. ) ;
#540 = DIRECTION ( 'NONE',  ( -1.000000000000000000, -0.0000000000000000000, -0.0000000000000000000 ) ) ;
#541 = LINE ( 'NONE', #452, #1313 ) ;
#542 = CARTESIAN_POINT ( 'NONE',  ( 1.705000000000000100, 3.049999999999999800, 0.2800000000000000300 ) ) ;
#543 = EDGE_CURVE ( 'NONE', #1246, #3141, #2726, .T. ) ;
#544 = DIRECTION ( 'NONE',  ( 1.000000000000000000, -1.024417946814024500E-015, 0.0000000000000000000 ) ) ;
#545 = DIRECTION ( 'NONE',  ( -3.872150616019656900E-016, -1.000000000000000000, 0.0000000000000000000 ) ) ;
#546 = CARTESIAN_POINT ( 'NONE',  ( 2.105000000000000400, 0.07496153618543829900, 0.2800000000000000300 ) ) ;
#547 = ADVANCED_FACE ( 'NONE', ( #1488 ), #2773, .F. ) ;
#548 = VECTOR ( 'NONE', #520, 1000.000000000000000 ) ;
#549 = VECTOR ( 'NONE', #3548, 1000.000000000000000 ) ;
#550 = ORIENTED_EDGE ( 'NONE', *, *, #1882, .T. ) ;
#551 = LINE ( 'NONE', #1302, #3480 ) ;
#552 = ORIENTED_EDGE ( 'NONE', *, *, #583, .F. ) ;
#553 = FACE_OUTER_BOUND ( 'NONE', #1197, .T. ) ;
#554 = AXIS2_PLACEMENT_3D ( 'NONE', #3007, #500, #2151 ) ;
#555 = DIRECTION ( 'NONE',  ( -1.000000000000000000, 1.024417946814024500E-015, -0.0000000000000000000 ) ) ;
#556 = DIRECTION ( 'NONE',  ( 0.0000000000000000000, 0.0000000000000000000, -1.000000000000000000 ) ) ;
#557 = DIRECTION ( 'NONE',  ( -0.0000000000000000000, -0.0000000000000000000, -1.000000000000000000 ) ) ;
#558 = ORIENTED_EDGE ( 'NONE', *, *, #2459, .F. ) ;
#559 = VERTEX_POINT ( 'NONE', #281 ) ;
#560 = ORIENTED_EDGE ( 'NONE', *, *, #2071, .T. ) ;
#561 = EDGE_LOOP ( 'NONE', ( #1336, #2599, #3573, #952 ) ) ;
#562 = ORIENTED_EDGE ( 'NONE', *, *, #521, .T. ) ;
#563 = ORIENTED_EDGE ( 'NONE', *, *, #2623, .T. ) ;
#564 = ORIENTED_EDGE ( 'NONE', *, *, #516, .T. ) ;
#565 = ADVANCED_FACE ( 'NONE', ( #1404 ), #1940, .T. ) ;
#566 = CARTESIAN_POINT ( 'NONE',  ( 0.4349999999999964500, -2.489999999999999800, 0.2800000000000000300 ) ) ;
#567 = DIRECTION ( 'NONE',  ( -1.000000000000000000, -6.065140421686081400E-016, 0.0000000000000000000 ) ) ;
#568 = FACE_BOUND ( 'NONE', #1980, .T. ) ;
#569 = EDGE_CURVE ( 'NONE', #392, #1233, #420, .T. ) ;
#570 = VECTOR ( 'NONE', #857, 1000.000000000000000 ) ;
#571 = VERTEX_POINT ( 'NONE', #2803 ) ;
#572 = LINE ( 'NONE', #2713, #2535 ) ;
#573 = EDGE_LOOP ( 'NONE', ( #1897, #3607, #138, #2066 ) ) ;
#574 = DIRECTION ( 'NONE',  ( -0.0000000000000000000, -0.0000000000000000000, -1.000000000000000000 ) ) ;
#575 = DIRECTION ( 'NONE',  ( 1.000000000000000000, 1.084202172485507000E-015, 0.0000000000000000000 ) ) ;
#576 = DIRECTION ( 'NONE',  ( 0.0000000000000000000, 0.0000000000000000000, -1.000000000000000000 ) ) ;
#577 = PLANE ( 'NONE',  #671 ) ;
#578 = VECTOR ( 'NONE', #1644, 1000.000000000000000 ) ;
#579 = ADVANCED_FACE ( 'NONE', ( #684 ), #1664, .T. ) ;
#580 = EDGE_CURVE ( 'NONE', #2553, #708, #3129, .T. ) ;
#581 = LINE ( 'NONE', #1618, #2408 ) ;
#582 = LINE ( 'NONE', #365, #2545 ) ;
#583 = EDGE_CURVE ( 'NONE', #1852, #1378, #160, .T. ) ;
#584 = EDGE_CURVE ( 'NONE', #1762, #3116, #3000, .T. ) ;
#585 = COLOUR_RGB ( '',1.000000000000000000, 1.000000000000000000, 1.000000000000000000 ) ;
#586 = VECTOR ( 'NONE', #3119, 1000.000000000000000 ) ;
#587 = CARTESIAN_POINT ( 'NONE',  ( 1.705000000000000100, 3.049999999999999800, 0.0000000000000000000 ) ) ;
#588 = DIRECTION ( 'NONE',  ( 1.457731973112511900E-016, 1.000000000000000000, 0.0000000000000000000 ) ) ;
#589 = ORIENTED_EDGE ( 'NONE', *, *, #2623, .F. ) ;
#590 = ORIENTED_EDGE ( 'NONE', *, *, #2335, .T. ) ;
#591 = LINE ( 'NONE', #2526, #719 ) ;
#592 = MANIFOLD_SOLID_BREP ( 'Mold', #2651 ) ;
#593 = DIRECTION ( 'NONE',  ( 8.850629979473504800E-017, 1.000000000000000000, -0.0000000000000000000 ) ) ;
#594 = ORIENTED_EDGE ( 'NONE', *, *, #2779, .F. ) ;
#595 = ORIENTED_EDGE ( 'NONE', *, *, #1691, .T. ) ;
#596 = EDGE_CURVE ( 'NONE', #3492, #869, #1616, .T. ) ;
#597 = ADVANCED_FACE ( 'NONE', ( #898 ), #1483, .T. ) ;
#598 = ORIENTED_EDGE ( 'NONE', *, *, #3267, .F. ) ;
#599 = ORIENTED_EDGE ( 'NONE', *, *, #3144, .F. ) ;
#600 = DIRECTION ( 'NONE',  ( 0.0000000000000000000, 0.0000000000000000000, -1.000000000000000000 ) ) ;
#601 = ORIENTED_EDGE ( 'NONE', *, *, #455, .F. ) ;
#602 = CARTESIAN_POINT ( 'NONE',  ( -2.575000000000000200, -0.3500000000000002000, 0.0000000000000000000 ) ) ;
#603 = ORIENTED_EDGE ( 'NONE', *, *, #2431, .F. ) ;
#604 =( NAMED_UNIT ( * ) PLANE_ANGLE_UNIT ( ) SI_UNIT ( $, .RADIAN. ) );
#605 = VERTEX_POINT ( 'NONE', #2549 ) ;
#606 = DIRECTION ( 'NONE',  ( -0.0000000000000000000, -1.000000000000000000, -0.0000000000000000000 ) ) ;
#607 = DIRECTION ( 'NONE',  ( -1.000000000000000000, 8.850629979473506000E-017, 0.0000000000000000000 ) ) ;
#608 = LINE ( 'NONE', #27, #1943 ) ;
#609 = LINE ( 'NONE', #2292, #1945 ) ;
#610 = VERTEX_POINT ( 'NONE', #2278 ) ;
#611 = PLANE ( 'NONE',  #3022 ) ;
#612 = ORIENTED_EDGE ( 'NONE', *, *, #2258, .F. ) ;
#613 = DIRECTION ( 'NONE',  ( 0.0000000000000000000, 0.0000000000000000000, -1.000000000000000000 ) ) ;
#614 = DIRECTION ( 'NONE',  ( -1.000000000000000000, 0.0000000000000000000, 0.0000000000000000000 ) ) ;
#615 = FACE_OUTER_BOUND ( 'NONE', #1487, .T. ) ;
#617 = ORIENTED_EDGE ( 'NONE', *, *, #290, .F. ) ;
#616 = CARTESIAN_POINT ( 'NONE',  ( 0.0000000000000000000, 0.0000000000000000000, 0.0000000000000000000 ) ) ;
#618 = ADVANCED_FACE ( 'NONE', ( #1660 ), #1437, .F. ) ;
#619 = CARTESIAN_POINT ( 'NONE',  ( 2.105000000000000400, -3.050000000000000300, 0.2800000000000000300 ) ) ;
#620 = DIRECTION ( 'NONE',  ( -1.000000000000000000, 6.672013369141566200E-016, 0.0000000000000000000 ) ) ;
#621 = LINE ( 'NONE', #1309, #1951 ) ;
#622 = CARTESIAN_POINT ( 'NONE',  ( -2.450000000000000600, 2.875000000000000000, 0.2799999999999729900 ) ) ;
#623 = AXIS2_PLACEMENT_3D ( 'NONE', #2732, #2436, #221 ) ;
#624 = CARTESIAN_POINT ( 'NONE',  ( 0.4349999999999994400, 2.399999999999999900, 0.2800000000000000300 ) ) ;
#625 = LINE ( 'NONE', #1969, #194 ) ;
#626 = DIRECTION ( 'NONE',  ( -0.0000000000000000000, -1.000000000000000000, -0.0000000000000000000 ) ) ;
#627 = EDGE_CURVE ( 'NONE', #3246, #2517, #2905, .T. ) ;
#628 = DIRECTION ( 'NONE',  ( 1.000000000000000000, 0.0000000000000000000, 0.0000000000000000000 ) ) ;
#629 = DIRECTION ( 'NONE',  ( 4.984837574646000400E-016, 1.000000000000000000, -0.0000000000000000000 ) ) ;
#630 = VECTOR ( 'NONE', #2013, 1000.000000000000000 ) ;
#631 = LINE ( 'NONE', #3320, #721 ) ;
#632 = ORIENTED_EDGE ( 'NONE', *, *, #1029, .T. ) ;
#633 = CARTESIAN_POINT ( 'NONE',  ( -2.310410196624968800, -0.1500000000000000200, 0.0000000000000000000 ) ) ;
#634 = ADVANCED_FACE ( 'NONE', ( #3560 ), #3109, .F. ) ;
#635 = VECTOR ( 'NONE', #513, 1000.000000000000000 ) ;
#636 = CARTESIAN_POINT ( 'NONE',  ( -2.310410196624968800, -0.1500000000000000200, 0.2800000000000000300 ) ) ;
#637 = EDGE_CURVE ( 'NONE', #463, #472, #2456, .T. ) ;
#638 = VERTEX_POINT ( 'NONE', #2846 ) ;
#639 = DIRECTION ( 'NONE',  ( -0.0000000000000000000, -0.0000000000000000000, -1.000000000000000000 ) ) ;
#640 = CARTESIAN_POINT ( 'NONE',  ( 0.8350000000000000800, 2.399999999999999900, 0.2800000000000000300 ) ) ;
#641 = VERTEX_POINT ( 'NONE', #1710 ) ;
#642 = DIRECTION ( 'NONE',  ( 0.0000000000000000000, 0.0000000000000000000, -1.000000000000000000 ) ) ;
#643 = ORIENTED_EDGE ( 'NONE', *, *, #19, .T. ) ;
#644 = ORIENTED_EDGE ( 'NONE', *, *, #1077, .T. ) ;
#645 = DIRECTION ( 'NONE',  ( 0.0000000000000000000, -0.0000000000000000000, 1.000000000000000000 ) ) ;
#646 = EDGE_LOOP ( 'NONE', ( #916, #3569, #1796, #124 ) ) ;
#647 = ORIENTED_EDGE ( 'NONE', *, *, #2632, .T. ) ;
#648 = ORIENTED_EDGE ( 'NONE', *, *, #3539, .T. ) ;
#649 = EDGE_LOOP ( 'NONE', ( #2552, #447, #1115, #1586 ) ) ;
#650 = VERTEX_POINT ( 'NONE', #1735 ) ;
#651 = VECTOR ( 'NONE', #3186, 1000.000000000000000 ) ;
#652 = EDGE_CURVE ( 'NONE', #3541, #2067, #2236, .T. ) ;
#653 = CARTESIAN_POINT ( 'NONE',  ( -2.449999999999999700, -2.875000000000000000, 0.0000000000000000000 ) ) ;
#654 = ADVANCED_FACE ( 'NONE', ( #2058 ), #2016, .F. ) ;
#655 = LINE ( 'NONE', #3321, #397 ) ;
#656 = CARTESIAN_POINT ( 'NONE',  ( -0.8350000000000001900, 3.050000000000000300, 0.2800000000000000300 ) ) ;
#657 = ORIENTED_EDGE ( 'NONE', *, *, #2709, .F. ) ;
#658 = CARTESIAN_POINT ( 'NONE',  ( -0.8350000000000039600, -3.049999999999999400, 0.0000000000000000000 ) ) ;
#659 = EDGE_CURVE ( 'NONE', #2961, #913, #1841, .T. ) ;
#660 = CIRCLE ( 'NONE', #2919, 0.3500000000000000300 ) ;
#661 = VERTEX_POINT ( 'NONE', #91 ) ;
#662 = EDGE_CURVE ( 'NONE', #355, #2355, #1962, .T. ) ;
#663 = VECTOR ( 'NONE', #3533, 1000.000000000000000 ) ;
#664 = CARTESIAN_POINT ( 'NONE',  ( 2.575000000000000200, -0.3500000000000008700, 0.2800000000000000300 ) ) ;
#665 = DIRECTION ( 'NONE',  ( -1.000000000000000000, 0.0000000000000000000, 0.0000000000000000000 ) ) ;
#666 =( NAMED_UNIT ( * ) SI_UNIT ( $, .STERADIAN. ) SOLID_ANGLE_UNIT ( ) );
#667 = PLANE ( 'NONE',  #1041 ) ;
#668 = VECTOR ( 'NONE', #2621, 1000.000000000000000 ) ;
#669 = DIRECTION ( 'NONE',  ( -6.146507680884146000E-016, 1.000000000000000000, 0.0000000000000000000 ) ) ;
#670 = EDGE_CURVE ( 'NONE', #72, #2433, #291, .T. ) ;
#671 = AXIS2_PLACEMENT_3D ( 'NONE', #860, #2514, #3381 ) ;
#672 = ADVANCED_FACE ( 'NONE', ( #3475 ), #2004, .T. ) ;
#673 = SURFACE_STYLE_FILL_AREA ( #2968 ) ;
#674 = AXIS2_PLACEMENT_3D ( 'NONE', #1010, #1321, #2460 ) ;
#675 = DIRECTION ( 'NONE',  ( 0.0000000000000000000, 1.000000000000000000, 0.0000000000000000000 ) ) ;
#676 = VECTOR ( 'NONE', #3285, 1000.000000000000000 ) ;
#677 = APPLICATION_CONTEXT ( 'automotive_design' ) ;
#678 = CARTESIAN_POINT ( 'NONE',  ( 0.8350000000000000800, -2.489999999999999800, 0.2800000000000000300 ) ) ;
#679 = PLANE ( 'NONE',  #1357 ) ;
#680 = CARTESIAN_POINT ( 'NONE',  ( 2.105000000000000000, -1.290000000000000300, 0.2800000000000000300 ) ) ;
#681 = ORIENTED_EDGE ( 'NONE', *, *, #2271, .F. ) ;
#682 = CARTESIAN_POINT ( 'NONE',  ( 0.4349999999999994400, 2.399999999999999900, 0.0000000000000000000 ) ) ;
#683 = ORIENTED_EDGE ( 'NONE', *, *, #908, .F. ) ;
#684 = FACE_OUTER_BOUND ( 'NONE', #2262, .T. ) ;
#685 = VERTEX_POINT ( 'NONE', #2856 ) ;
#686 = ORIENTED_EDGE ( 'NONE', *, *, #328, .T. ) ;
#687 = VERTEX_POINT ( 'NONE', #2568 ) ;
#688 = DIRECTION ( 'NONE',  ( 1.000000000000000000, -8.850629979473504800E-017, 0.0000000000000000000 ) ) ;
#689 = EDGE_LOOP ( 'NONE', ( #2205, #1970, #3483, #966 ) ) ;
#690 = ORIENTED_EDGE ( 'NONE', *, *, #831, .T. ) ;
#691 =( NAMED_UNIT ( * ) SI_UNIT ( $, .STERADIAN. ) SOLID_ANGLE_UNIT ( ) );
#692 = VERTEX_POINT ( 'NONE', #77 ) ;
#693 = ORIENTED_EDGE ( 'NONE', *, *, #2021, .F. ) ;
#694 = ADVANCED_FACE ( 'NONE', ( #2372 ), #2865, .T. ) ;
#695 = DIRECTION ( 'NONE',  ( 0.0000000000000000000, -0.0000000000000000000, 1.000000000000000000 ) ) ;
#696 = CARTESIAN_POINT ( 'NONE',  ( -1.705000000000001000, -2.489999999999999300, 0.2800000000000000300 ) ) ;
#697 = AXIS2_PLACEMENT_3D ( 'NONE', #2977, #3507, #1828 ) ;
#698 = VECTOR ( 'NONE', #2128, 1000.000000000000000 ) ;
#699 = DIRECTION ( 'NONE',  ( 6.672013369141566200E-016, 1.000000000000000000, 0.0000000000000000000 ) ) ;
#700 = EDGE_CURVE ( 'NONE', #2067, #2355, #1318, .T. ) ;
#702 = ORIENTED_EDGE ( 'NONE', *, *, #2095, .T. ) ;
#701 = DIRECTION ( 'NONE',  ( 0.0000000000000000000, 0.0000000000000000000, -1.000000000000000000 ) ) ;
#703 = ORIENTED_EDGE ( 'NONE', *, *, #2377, .F. ) ;
#704 = SURFACE_STYLE_USAGE ( .BOTH. , #981 ) ;
#705 = CARTESIAN_POINT ( 'NONE',  ( -0.4350000000000000500, 2.400000000000000400, 0.0000000000000000000 ) ) ;
#706 = DIRECTION ( 'NONE',  ( -0.0000000000000000000, -1.000000000000000000, -0.0000000000000000000 ) ) ;
#707 = CYLINDRICAL_SURFACE ( 'NONE', #996, 0.3500000000000000300 ) ;
#708 = VERTEX_POINT ( 'NONE', #866 ) ;
#709 = EDGE_CURVE ( 'NONE', #3574, #119, #377, .T. ) ;
#710 = EDGE_CURVE ( 'NONE', #2309, #3307, #3391, .T. ) ;
#711 = CARTESIAN_POINT ( 'NONE',  ( -2.105000000000000400, 0.07496153618543829900, 0.2800000000000000300 ) ) ;
#712 = LINE ( 'NONE', #1297, #1954 ) ;
#713 = DIRECTION ( 'NONE',  ( 1.000000000000000000, 0.0000000000000000000, 0.0000000000000000000 ) ) ;
#714 = LINE ( 'NONE', #3389, #932 ) ;
#715 = PLANE ( 'NONE',  #3458 ) ;
#716 = CARTESIAN_POINT ( 'NONE',  ( -1.474496825787255900, -1.899496825787255500, 1.000000000000000000 ) ) ;
#717 = AXIS2_PLACEMENT_3D ( 'NONE', #2102, #2134, #1140 ) ;
#718 = EDGE_CURVE ( 'NONE', #1156, #1511, #2191, .T. ) ;
#719 = VECTOR ( 'NONE', #3188, 1000.000000000000000 ) ;
#720 = VECTOR ( 'NONE', #1424, 1000.000000000000000 ) ;
#721 = VECTOR ( 'NONE', #2424, 1000.000000000000000 ) ;
#722 = CARTESIAN_POINT ( 'NONE',  ( -0.8350000000000039600, -2.875000000000000000, 1.000000000000000000 ) ) ;
#723 = ORIENTED_EDGE ( 'NONE', *, *, #2991, .T. ) ;
#724 = DIRECTION ( 'NONE',  ( 0.0000000000000000000, 0.0000000000000000000, 1.000000000000000000 ) ) ;
#725 = DIRECTION ( 'NONE',  ( 0.0000000000000000000, 0.0000000000000000000, -1.000000000000000000 ) ) ;
#726 = LINE ( 'NONE', #3604, #635 ) ;
#727 = EDGE_CURVE ( 'NONE', #3010, #44, #851, .T. ) ;
#728 = CARTESIAN_POINT ( 'NONE',  ( 1.704999999999998700, -2.490000000000000200, 0.2800000000000000300 ) ) ;
#729 = ORIENTED_EDGE ( 'NONE', *, *, #3535, .F. ) ;
#730 = FACE_OUTER_BOUND ( 'NONE', #2778, .T. ) ;
#731 = CARTESIAN_POINT ( 'NONE',  ( 0.8350000000000000800, 2.399999999999999900, 0.0000000000000000000 ) ) ;
#732 = CARTESIAN_POINT ( 'NONE',  ( -2.105000000000000000, 3.050000000000000300, 0.2800000000000000300 ) ) ;
#733 = EDGE_CURVE ( 'NONE', #2908, #1200, #1110, .T. ) ;
#734 = ORIENTED_EDGE ( 'NONE', *, *, #2916, .T. ) ;
#735 = VERTEX_POINT ( 'NONE', #2449 ) ;
#736 = VERTEX_POINT ( 'NONE', #1348 ) ;
#737 = DIRECTION ( 'NONE',  ( 0.0000000000000000000, 1.000000000000000000, 0.0000000000000000000 ) ) ;
#738 = VERTEX_POINT ( 'NONE', #239 ) ;
#739 = ORIENTED_EDGE ( 'NONE', *, *, #2706, .F. ) ;
#741 = ORIENTED_EDGE ( 'NONE', *, *, #963, .F. ) ;
#740 = CARTESIAN_POINT ( 'NONE',  ( -0.4350000000000000500, 2.874999999999997300, 0.2800000000000000300 ) ) ;
#742 = DIRECTION ( 'NONE',  ( 1.000000000000000000, -4.984837574646000400E-016, 0.0000000000000000000 ) ) ;
#743 = LINE ( 'NONE', #3092, #436 ) ;
#744 = DIRECTION ( 'NONE',  ( 0.0000000000000000000, 0.0000000000000000000, -1.000000000000000000 ) ) ;
#745 = AXIS2_PLACEMENT_3D ( 'NONE', #450, #2658, #1535 ) ;
#746 = LINE ( 'NONE', #3071, #2617 ) ;
#747 = VERTEX_POINT ( 'NONE', #3033 ) ;
#748 = DIRECTION ( 'NONE',  ( 1.000000000000000000, -8.850629979473506000E-017, 0.0000000000000000000 ) ) ;
#749 = LINE ( 'NONE', #301, #3115 ) ;
#750 = ORIENTED_EDGE ( 'NONE', *, *, #3299, .T. ) ;
#751 = DIRECTION ( 'NONE',  ( -1.000000000000000000, 6.146507680884146000E-016, 0.0000000000000000000 ) ) ;
#752 = CARTESIAN_POINT ( 'NONE',  ( 0.4349999999999994400, 2.399999999999999900, 0.0000000000000000000 ) ) ;
#753 = LINE ( 'NONE', #237, #1649 ) ;
#754 = DIRECTION ( 'NONE',  ( 1.000000000000000000, -0.0000000000000000000, 0.0000000000000000000 ) ) ;
#755 = DIRECTION ( 'NONE',  ( 0.0000000000000000000, 0.0000000000000000000, -1.000000000000000000 ) ) ;
#756 = LINE ( 'NONE', #2598, #3552 ) ;
#757 = EDGE_CURVE ( 'NONE', #1241, #2863, #3306, .T. ) ;
#758 = PLANE ( 'NONE',  #2612 ) ;
#759 = VECTOR ( 'NONE', #742, 1000.000000000000000 ) ;
#760 = CARTESIAN_POINT ( 'NONE',  ( 0.8350000000000000800, -3.049999999999999800, 0.2800000000000000300 ) ) ;
#761 = CARTESIAN_POINT ( 'NONE',  ( 1.704999999999998700, -3.049999999999999800, 0.2800000000000000300 ) ) ;
#762 = VECTOR ( 'NONE', #2051, 1000.000000000000000 ) ;
#763 = CARTESIAN_POINT ( 'NONE',  ( 2.105000000000000400, -2.490000000000000200, 0.2800000000000000300 ) ) ;
#764 = DIRECTION ( 'NONE',  ( -1.000000000000000000, 1.024417946814024500E-015, -0.0000000000000000000 ) ) ;
#765 = AXIS2_PLACEMENT_3D ( 'NONE', #2403, #2939, #2379 ) ;
#766 = CARTESIAN_POINT ( 'NONE',  ( -2.105000000000000000, 2.875000000000000000, 0.0000000000000000000 ) ) ;
#767 = VECTOR ( 'NONE', #57, 1000.000000000000000 ) ;
#768 = ORIENTED_EDGE ( 'NONE', *, *, #152, .T. ) ;
#769 = EDGE_LOOP ( 'NONE', ( #3180, #3394, #3315, #85 ) ) ;
#770 = VECTOR ( 'NONE', #792, 1000.000000000000000 ) ;
#771 = EDGE_CURVE ( 'NONE', #605, #1333, #242, .T. ) ;
#772 = ORIENTED_EDGE ( 'NONE', *, *, #476, .T. ) ;
#773 = ORIENTED_EDGE ( 'NONE', *, *, #2021, .T. ) ;
#774 = VERTEX_POINT ( 'NONE', #3301 ) ;
#775 = CARTESIAN_POINT ( 'NONE',  ( 1.975000000000000100, -0.2500000000000000000, 0.2800000000000000300 ) ) ;
#776 = CARTESIAN_POINT ( 'NONE',  ( -1.975000000000000100, -0.2500000000000000000, 0.0000000000000000000 ) ) ;
#777 = EDGE_CURVE ( 'NONE', #1246, #2913, #1529, .T. ) ;
#778 = DIRECTION ( 'NONE',  ( 1.000000000000000000, 1.084202172485507000E-015, 0.0000000000000000000 ) ) ;
#779 = VERTEX_POINT ( 'NONE', #1338 ) ;
#780 = ORIENTED_EDGE ( 'NONE', *, *, #2332, .T. ) ;
#781 = CARTESIAN_POINT ( 'NONE',  ( 1.704999999999998700, 2.399999999999999900, 0.0000000000000000000 ) ) ;
#782 = EDGE_CURVE ( 'NONE', #2245, #1762, #982, .T. ) ;
#783 = VERTEX_POINT ( 'NONE', #2992 ) ;
#784 = VERTEX_POINT ( 'NONE', #1596 ) ;
#785 = ORIENTED_EDGE ( 'NONE', *, *, #1646, .F. ) ;
#786 = CYLINDRICAL_SURFACE ( 'NONE', #2720, 0.3500000000000000300 ) ;
#787 = CARTESIAN_POINT ( 'NONE',  ( -2.575000000000000200, -0.1500000000000002400, 0.2800000000000000300 ) ) ;
#788 = EDGE_CURVE ( 'NONE', #3281, #822, #1153, .T. ) ;
#789 = DIRECTION ( 'NONE',  ( -1.668003342285391500E-015, -1.000000000000000000, 0.0000000000000000000 ) ) ;
#790 = CARTESIAN_POINT ( 'NONE',  ( 2.105000000000000000, 2.874999999999997300, 0.2800000000000000300 ) ) ;
#791 = AXIS2_PLACEMENT_3D ( 'NONE', #716, #208, #1822 ) ;
#792 = DIRECTION ( 'NONE',  ( 1.000000000000000000, 6.146507680884146000E-016, 0.0000000000000000000 ) ) ;
#793 = VECTOR ( 'NONE', #1178, 1000.000000000000000 ) ;
#794 = EDGE_LOOP ( 'NONE', ( #1406, #2823, #648, #2933 ) ) ;
#795 = EDGE_LOOP ( 'NONE', ( #43, #3521, #1707, #1205 ) ) ;
#796 = LINE ( 'NONE', #2445, #13 ) ;
#797 = VERTEX_POINT ( 'NONE', #3273 ) ;
#798 = DIRECTION ( 'NONE',  ( -1.000000000000000000, 8.850629979473506000E-017, 0.0000000000000000000 ) ) ;
#799 = CARTESIAN_POINT ( 'NONE',  ( 0.4349999999999961100, -3.049999999999999800, 0.2800000000000000300 ) ) ;
#800 = CARTESIAN_POINT ( 'NONE',  ( 0.8350000000000000800, 2.399999999999999900, 0.2800000000000000300 ) ) ;
#801 = CARTESIAN_POINT ( 'NONE',  ( 2.450000000000000200, -0.1499999999999994900, 0.0000000000000000000 ) ) ;
#802 = CARTESIAN_POINT ( 'NONE',  ( 2.450000000000000200, -2.875000000000000400, 0.2799999999999729900 ) ) ;
#803 = CARTESIAN_POINT ( 'NONE',  ( -2.575000000000000200, -0.3500000000000002000, 0.2800000000000000300 ) ) ;
#804 = LINE ( 'NONE', #2321, #3430 ) ;
#805 = ADVANCED_FACE ( 'NONE', ( #3175 ), #1573, .T. ) ;
#806 = LINE ( 'NONE', #2303, #459 ) ;
#807 = VECTOR ( 'NONE', #2830, 1000.000000000000000 ) ;
#808 = ORIENTED_EDGE ( 'NONE', *, *, #3118, .F. ) ;
#809 = CARTESIAN_POINT ( 'NONE',  ( -0.8350000000000037400, -2.489999999999999300, 0.2800000000000000300 ) ) ;
#810 = FACE_OUTER_BOUND ( 'NONE', #3318, .T. ) ;
#811 = DIRECTION ( 'NONE',  ( 5.838011697998866200E-016, 1.000000000000000000, 0.0000000000000000000 ) ) ;
#812 = CARTESIAN_POINT ( 'NONE',  ( -0.4350000000000000500, 2.400000000000000400, 0.0000000000000000000 ) ) ;
#813 = DIRECTION ( 'NONE',  ( 0.0000000000000000000, 0.0000000000000000000, -1.000000000000000000 ) ) ;
#814 = AXIS2_PLACEMENT_3D ( 'NONE', #1902, #2186, #278 ) ;
#815 = VERTEX_POINT ( 'NONE', #2163 ) ;
#816 = LINE ( 'NONE', #2070, #1890 ) ;
#817 = EDGE_CURVE ( 'NONE', #2461, #3141, #201, .T. ) ;
#818 = ORIENTED_EDGE ( 'NONE', *, *, #531, .T. ) ;
#819 = ADVANCED_FACE ( 'NONE', ( #2103 ), #1361, .F. ) ;
#820 = ORIENTED_EDGE ( 'NONE', *, *, #637, .T. ) ;
#822 = VERTEX_POINT ( 'NONE', #3043 ) ;
#821 = CARTESIAN_POINT ( 'NONE',  ( -1.474496825787255900, -1.899496825787255500, 0.9000000000000000200 ) ) ;
#823 = CARTESIAN_POINT ( 'NONE',  ( 2.310410196624968800, -0.1499999999999994100, 0.2800000000000000300 ) ) ;
#824 = CARTESIAN_POINT ( 'NONE',  ( 2.105000000000000400, 0.07496153618543829900, 0.2800000000000000300 ) ) ;
#825 = ORIENTED_EDGE ( 'NONE', *, *, #2916, .F. ) ;
#826 = DIRECTION ( 'NONE',  ( -1.024417946814024500E-015, -1.000000000000000000, 0.0000000000000000000 ) ) ;
#827 = DIRECTION ( 'NONE',  ( -1.000000000000000000, 3.872150616019656900E-016, 0.0000000000000000000 ) ) ;
#828 = ORIENTED_EDGE ( 'NONE', *, *, #1763, .F. ) ;
#829 = DIRECTION ( 'NONE',  ( -0.0000000000000000000, -0.0000000000000000000, -1.000000000000000000 ) ) ;
#830 = ORIENTED_EDGE ( 'NONE', *, *, #1504, .F. ) ;
#831 = EDGE_CURVE ( 'NONE', #2827, #2515, #1275, .T. ) ;
#832 = FACE_OUTER_BOUND ( 'NONE', #2636, .T. ) ;
#833 = VERTEX_POINT ( 'NONE', #195 ) ;
#834 = DIRECTION ( 'NONE',  ( 5.808225924029485800E-016, 1.000000000000000000, 0.0000000000000000000 ) ) ;
#835 = VECTOR ( 'NONE', #574, 1000.000000000000000 ) ;
#836 = VERTEX_POINT ( 'NONE', #790 ) ;
#837 = DIRECTION ( 'NONE',  ( 1.000000000000000000, 0.0000000000000000000, 0.0000000000000000000 ) ) ;
#838 = PLANE ( 'NONE',  #1611 ) ;
#839 = DIRECTION ( 'NONE',  ( 1.000000000000000000, -8.850629979473504800E-017, 0.0000000000000000000 ) ) ;
#840 = DIRECTION ( 'NONE',  ( 1.000000000000000000, 1.457731973112512100E-016, 0.0000000000000000000 ) ) ;
#841 = ADVANCED_FACE ( 'NONE', ( #2414 ), #1878, .T. ) ;
#842 = EDGE_CURVE ( 'NONE', #1030, #509, #1659, .T. ) ;
#843 = ORIENTED_EDGE ( 'NONE', *, *, #583, .T. ) ;
#844 = FACE_OUTER_BOUND ( 'NONE', #1169, .T. ) ;
#845 = EDGE_CURVE ( 'NONE', #56, #3574, #939, .T. ) ;
#846 = CARTESIAN_POINT ( 'NONE',  ( 0.8349999999999998500, -2.875000000000000400, 0.2799999999999731000 ) ) ;
#847 = VECTOR ( 'NONE', #159, 1000.000000000000000 ) ;
#848 = EDGE_CURVE ( 'NONE', #1293, #859, #631, .T. ) ;
#849 = CARTESIAN_POINT ( 'NONE',  ( 2.449999999999999700, 2.874999999999999600, 0.2799999999999729900 ) ) ;
#850 = LINE ( 'NONE', #401, #1959 ) ;
#851 = LINE ( 'NONE', #3557, #3220 ) ;
#852 = ORIENTED_EDGE ( 'NONE', *, *, #1307, .F. ) ;
#853 = EDGE_CURVE ( 'NONE', #334, #2602, #3085, .T. ) ;
#854 = ADVANCED_FACE ( 'NONE', ( #1439 ), #3070, .F. ) ;
#855 = EDGE_LOOP ( 'NONE', ( #1484, #612, #2619, #1932 ) ) ;
#856 = LINE ( 'NONE', #3426, #3140 ) ;
#857 = DIRECTION ( 'NONE',  ( 1.000000000000000000, -8.850629979473504800E-017, 0.0000000000000000000 ) ) ;
#858 = DIRECTION ( 'NONE',  ( -1.000000000000000000, 0.0000000000000000000, -0.0000000000000000000 ) ) ;
#859 = VERTEX_POINT ( 'NONE', #1367 ) ;
#860 = CARTESIAN_POINT ( 'NONE',  ( 0.0000000000000000000, 0.0000000000000000000, 1.000000000000000000 ) ) ;
#861 = CARTESIAN_POINT ( 'NONE',  ( -0.8350000000000037400, -2.489999999999999300, 0.2800000000000000300 ) ) ;
#862 = ORIENTED_EDGE ( 'NONE', *, *, #2761, .F. ) ;
#863 = ORIENTED_EDGE ( 'NONE', *, *, #2138, .T. ) ;
#864 = ORIENTED_EDGE ( 'NONE', *, *, #3352, .T. ) ;
#865 = CLOSED_SHELL ( 'NONE', ( #3446, #694, #579, #597, #274, #1625, #1103, #805, #529, #1143, #2537, #2890, #326, #3083, #3132, #915, #2069, #348, #3351, #2516, #2310, #2835, #1068, #1694, #93, #892, #381, #1209, #1916, #1929 ) ) ;
#866 = CARTESIAN_POINT ( 'NONE',  ( 0.4349999999999997200, 2.875000000000000000, 0.0000000000000000000 ) ) ;
#867 = VERTEX_POINT ( 'NONE', #566 ) ;
#868 = VERTEX_POINT ( 'NONE', #3079 ) ;
#869 = VERTEX_POINT ( 'NONE', #1620 ) ;
#870 = DIRECTION ( 'NONE',  ( 1.000000000000000000, -0.0000000000000000000, 0.0000000000000000000 ) ) ;
#871 = CARTESIAN_POINT ( 'NONE',  ( -1.974496825787255900, -1.899496825787255500, 0.9000000000000000200 ) ) ;
#872 = FILL_AREA_STYLE_COLOUR ( '', #1020 ) ;
#873 = VECTOR ( 'NONE', #2490, 1000.000000000000000 ) ;
#874 = DIRECTION ( 'NONE',  ( -1.000000000000000000, 1.030120828964849800E-016, 0.0000000000000000000 ) ) ;
#875 = ADVANCED_FACE ( 'NONE', ( #3515 ), #838, .T. ) ;
#876 = PRESENTATION_STYLE_ASSIGNMENT (( #1240 ) ) ;
#877 = ORIENTED_EDGE ( 'NONE', *, *, #1903, .F. ) ;
#878 = DIRECTION ( 'NONE',  ( -1.000000000000000000, 2.001604010742469700E-015, 0.0000000000000000000 ) ) ;
#879 = ORIENTED_EDGE ( 'NONE', *, *, #3234, .F. ) ;
#880 = CARTESIAN_POINT ( 'NONE',  ( -2.450000000000000600, 2.875000000000000000, 1.000000000000000000 ) ) ;
#881 = LINE ( 'NONE', #2023, #2842 ) ;
#882 = ORIENTED_EDGE ( 'NONE', *, *, #1836, .F. ) ;
#883 = AXIS2_PLACEMENT_3D ( 'NONE', #3123, #3409, #2265 ) ;
#884 = DIRECTION ( 'NONE',  ( 1.000000000000000000, 0.0000000000000000000, 0.0000000000000000000 ) ) ;
#885 = DIRECTION ( 'NONE',  ( -0.0000000000000000000, -0.0000000000000000000, -1.000000000000000000 ) ) ;
#886 = FILL_AREA_STYLE ('',( #872 ) ) ;
#887 = LINE ( 'NONE', #722, #2270 ) ;
#888 = EDGE_CURVE ( 'NONE', #836, #3222, #2861, .T. ) ;
#889 = DIRECTION ( 'NONE',  ( -2.001604010742469700E-015, -1.000000000000000000, 0.0000000000000000000 ) ) ;
#890 = LINE ( 'NONE', #2560, #1650 ) ;
#891 = DIRECTION ( 'NONE',  ( 8.850629979473506000E-017, 1.000000000000000000, -0.0000000000000000000 ) ) ;
#892 = ADVANCED_FACE ( 'NONE', ( #1919 ), #3613, .T. ) ;
#893 = LINE ( 'NONE', #1840, #1435 ) ;
#894 = EDGE_CURVE ( 'NONE', #1246, #1500, #1746, .T. ) ;
#895 = COLOUR_RGB ( '',1.000000000000000000, 1.000000000000000000, 1.000000000000000000 ) ;
#896 = EDGE_CURVE ( 'NONE', #783, #392, #3598, .T. ) ;
#897 = CIRCLE ( 'NONE', #2176, 0.3500000000000000300 ) ;
#898 = FACE_OUTER_BOUND ( 'NONE', #855, .T. ) ;
#899 = CARTESIAN_POINT ( 'NONE',  ( 0.4349999999999994400, 2.399999999999999900, 0.2800000000000000300 ) ) ;
#900 = ORIENTED_EDGE ( 'NONE', *, *, #1139, .T. ) ;
#901 = VERTEX_POINT ( 'NONE', #289 ) ;
#902 = VECTOR ( 'NONE', #240, 1000.000000000000000 ) ;
#903 = PLANE ( 'NONE',  #48 ) ;
#904 = ORIENTED_EDGE ( 'NONE', *, *, #1328, .F. ) ;
#905 = ORIENTED_EDGE ( 'NONE', *, *, #1095, .F. ) ;
#906 = LINE ( 'NONE', #682, #2644 ) ;
#907 = AXIS2_PLACEMENT_3D ( 'NONE', #799, #2768, #1901 ) ;
#908 = EDGE_CURVE ( 'NONE', #2172, #56, #1105, .T. ) ;
#909 = MECHANICAL_DESIGN_GEOMETRIC_PRESENTATION_REPRESENTATION (  '', ( #2415 ), #1774 ) ;
#910 = DIRECTION ( 'NONE',  ( -0.0000000000000000000, -0.0000000000000000000, -1.000000000000000000 ) ) ;
#911 = DIRECTION ( 'NONE',  ( 1.000000000000000000, 1.084202172485507000E-015, 0.0000000000000000000 ) ) ;
#912 = ORIENTED_EDGE ( 'NONE', *, *, #3575, .T. ) ;
#913 = VERTEX_POINT ( 'NONE', #1446 ) ;
#914 = CARTESIAN_POINT ( 'NONE',  ( 2.310410196624968800, -0.3500000000000005300, 0.2800000000000000300 ) ) ;
#915 = ADVANCED_FACE ( 'NONE', ( #375 ), #535, .T. ) ;
#916 = ORIENTED_EDGE ( 'NONE', *, *, #150, .T. ) ;
#917 = EDGE_CURVE ( 'NONE', #822, #259, #1838, .T. ) ;
#918 = LINE ( 'NONE', #664, #352 ) ;
#919 = EDGE_CURVE ( 'NONE', #2518, #992, #1016, .T. ) ;
#920 = LINE ( 'NONE', #1170, #53 ) ;
#921 = PLANE ( 'NONE',  #22 ) ;
#922 = ORIENTED_EDGE ( 'NONE', *, *, #1018, .F. ) ;
#923 = CARTESIAN_POINT ( 'NONE',  ( -2.105000000000000000, -3.049999999999999800, 0.2800000000000000300 ) ) ;
#924 = CARTESIAN_POINT ( 'NONE',  ( 2.310410196624968800, -0.1499999999999994100, -0.0000000000000000000 ) ) ;
#925 = LINE ( 'NONE', #2735, #2749 ) ;
#927 = ORIENTED_EDGE ( 'NONE', *, *, #1479, .F. ) ;
#926 = DIRECTION ( 'NONE',  ( 1.000000000000000000, 0.0000000000000000000, 0.0000000000000000000 ) ) ;
#928 = CARTESIAN_POINT ( 'NONE',  ( 2.310410196624968800, -0.1499999999999994100, 0.2800000000000000300 ) ) ;
#929 = ADVANCED_FACE ( 'NONE', ( #1663 ), #2801, .F. ) ;
#930 = STYLED_ITEM ( 'NONE', ( #3546 ), #2419 ) ;
#931 = DIRECTION ( 'NONE',  ( -1.000000000000000000, 5.808225924029485800E-016, 0.0000000000000000000 ) ) ;
#932 = VECTOR ( 'NONE', #350, 1000.000000000000000 ) ;
#933 = CARTESIAN_POINT ( 'NONE',  ( -2.488804374343436800E-016, -2.812008162261335100, 1.000000000000000000 ) ) ;
#934 = DIRECTION ( 'NONE',  ( -1.000000000000000000, 1.457731973112511900E-016, 0.0000000000000000000 ) ) ;
#935 = PLANE ( 'NONE',  #2540 ) ;
#936 = LINE ( 'NONE', #3089, #1786 ) ;
#937 = DIRECTION ( 'NONE',  ( -1.000000000000000000, -0.0000000000000000000, -0.0000000000000000000 ) ) ;
#938 = CARTESIAN_POINT ( 'NONE',  ( 2.449999999999999700, 2.874999999999999600, 1.000000000000000000 ) ) ;
#939 = CIRCLE ( 'NONE', #2946, 0.3500000000000000300 ) ;
#940 = VECTOR ( 'NONE', #3385, 1000.000000000000000 ) ;
#941 = VERTEX_POINT ( 'NONE', #26 ) ;
#942 = EDGE_CURVE ( 'NONE', #692, #3452, #3348, .T. ) ;
#943 = ORIENTED_EDGE ( 'NONE', *, *, #2133, .T. ) ;
#944 = DIRECTION ( 'NONE',  ( 0.0000000000000000000, 0.0000000000000000000, -1.000000000000000000 ) ) ;
#945 = CARTESIAN_POINT ( 'NONE',  ( -1.705000000000001000, -2.489999999999999300, 0.0000000000000000000 ) ) ;
#946 = LINE ( 'NONE', #938, #1365 ) ;
#947 = ADVANCED_FACE ( 'NONE', ( #2416 ), #2489, .T. ) ;
#948 = ORIENTED_EDGE ( 'NONE', *, *, #290, .T. ) ;
#949 = ORIENTED_EDGE ( 'NONE', *, *, #1210, .F. ) ;
#950 = SURFACE_SIDE_STYLE ('',( #2353 ) ) ;
#951 = DIRECTION ( 'NONE',  ( 8.850629979473506000E-017, 1.000000000000000000, -0.0000000000000000000 ) ) ;
#952 = ORIENTED_EDGE ( 'NONE', *, *, #2899, .T. ) ;
#953 = ORIENTED_EDGE ( 'NONE', *, *, #700, .F. ) ;
#954 = VERTEX_POINT ( 'NONE', #1393 ) ;
#955 = ORIENTED_EDGE ( 'NONE', *, *, #1583, .T. ) ;
#956 = ORIENTED_EDGE ( 'NONE', *, *, #896, .F. ) ;
#957 = DIRECTION ( 'NONE',  ( -1.000000000000000000, 0.0000000000000000000, 0.0000000000000000000 ) ) ;
#958 = DIRECTION ( 'NONE',  ( -5.838011697998866200E-016, -1.000000000000000000, 0.0000000000000000000 ) ) ;
#959 = EDGE_CURVE ( 'NONE', #2518, #2158, #591, .T. ) ;
#960 =( NAMED_UNIT ( * ) PLANE_ANGLE_UNIT ( ) SI_UNIT ( $, .RADIAN. ) );
#961 = LINE ( 'NONE', #1099, #3286 ) ;
#962 = CARTESIAN_POINT ( 'NONE',  ( 2.575000000000000200, -0.1499999999999995800, 0.2800000000000000300 ) ) ;
#963 = EDGE_CURVE ( 'NONE', #1465, #3246, #582, .T. ) ;
#964 = VECTOR ( 'NONE', #2914, 1000.000000000000000 ) ;
#965 = ORIENTED_EDGE ( 'NONE', *, *, #3325, .T. ) ;
#966 = ORIENTED_EDGE ( 'NONE', *, *, #449, .F. ) ;
#967 = EDGE_CURVE ( 'NONE', #1631, #467, #1314, .T. ) ;
#968 = VECTOR ( 'NONE', #193, 999.9999999999998900 ) ;
#969 = ORIENTED_EDGE ( 'NONE', *, *, #358, .T. ) ;
#970 = SURFACE_STYLE_USAGE ( .BOTH. , #1187 ) ;
#971 = DIRECTION ( 'NONE',  ( 0.0000000000000000000, 0.0000000000000000000, -1.000000000000000000 ) ) ;
#972 = VECTOR ( 'NONE', #2998, 1000.000000000000000 ) ;
#973 = DIRECTION ( 'NONE',  ( -1.000000000000000000, 8.850629979473506000E-017, 0.0000000000000000000 ) ) ;
#974 = EDGE_CURVE ( 'NONE', #1930, #1853, #2098, .T. ) ;
#975 = UNCERTAINTY_MEASURE_WITH_UNIT (LENGTH_MEASURE( 1.000000000000000100E-005 ), #3489, 'distance_accuracy_value', 'NONE');
#976 = VECTOR ( 'NONE', #3555, 1000.000000000000000 ) ;
#977 = DIRECTION ( 'NONE',  ( 7.542275982507857100E-017, -1.000000000000000000, 0.0000000000000000000 ) ) ;
#978 = VECTOR ( 'NONE', #3508, 1000.000000000000000 ) ;
#979 = DIRECTION ( 'NONE',  ( 0.0000000000000000000, 0.0000000000000000000, -1.000000000000000000 ) ) ;
#980 = VECTOR ( 'NONE', #2342, 1000.000000000000000 ) ;
#981 = SURFACE_SIDE_STYLE ('',( #673 ) ) ;
#982 = LINE ( 'NONE', #3568, #286 ) ;
#983 = DIRECTION ( 'NONE',  ( 0.0000000000000000000, 0.0000000000000000000, 1.000000000000000000 ) ) ;
#984 = ORIENTED_EDGE ( 'NONE', *, *, #1739, .F. ) ;
#985 = ORIENTED_EDGE ( 'NONE', *, *, #114, .F. ) ;
#986 = ORIENTED_EDGE ( 'NONE', *, *, #2335, .F. ) ;
#987 = VECTOR ( 'NONE', #235, 1000.000000000000000 ) ;
#988 = ORIENTED_EDGE ( 'NONE', *, *, #3299, .F. ) ;
#989 = LINE ( 'NONE', #2985, #3522 ) ;
#990 = ORIENTED_EDGE ( 'NONE', *, *, #1999, .T. ) ;
#991 = PLANE ( 'NONE',  #697 ) ;
#992 = VERTEX_POINT ( 'NONE', #2587 ) ;
#993 = EDGE_LOOP ( 'NONE', ( #1051, #2831, #2025, #1685 ) ) ;
#994 = CARTESIAN_POINT ( 'NONE',  ( 1.975000000000000100, -0.2500000000000000000, -0.0000000000000000000 ) ) ;
#995 = ORIENTED_EDGE ( 'NONE', *, *, #733, .F. ) ;
#996 = AXIS2_PLACEMENT_3D ( 'NONE', #3055, #1931, #2730 ) ;
#997 = VECTOR ( 'NONE', #3151, 1000.000000000000000 ) ;
#998 = FACE_OUTER_BOUND ( 'NONE', #3098, .T. ) ;
#999 = CARTESIAN_POINT ( 'NONE',  ( 0.0000000000000000000, 0.0000000000000000000, 0.0000000000000000000 ) ) ;
#1000 = EDGE_LOOP ( 'NONE', ( #130, #2687, #306, #3224 ) ) ;
#1001 = CARTESIAN_POINT ( 'NONE',  ( 2.310410196624968800, -0.1499999999999994100, -0.0000000000000000000 ) ) ;
#1002 = CARTESIAN_POINT ( 'NONE',  ( -2.105000000000000000, 3.050000000000000300, 0.0000000000000000000 ) ) ;
#1003 = LINE ( 'NONE', #2175, #1515 ) ;
#1004 = ORIENTED_EDGE ( 'NONE', *, *, #220, .F. ) ;
#1005 = LINE ( 'NONE', #2633, #2894 ) ;
#1006 = EDGE_CURVE ( 'NONE', #3113, #3377, #3304, .T. ) ;
#1007 = DIRECTION ( 'NONE',  ( 6.146507680884146000E-016, 1.000000000000000000, 0.0000000000000000000 ) ) ;
#1008 = CARTESIAN_POINT ( 'NONE',  ( 0.8350000000000000800, 2.399999999999999900, 0.2800000000000000300 ) ) ;
#1009 = FACE_OUTER_BOUND ( 'NONE', #794, .T. ) ;
#1010 = CARTESIAN_POINT ( 'NONE',  ( -1.474496825787255900, -1.899496825787255500, 0.9000000000000000200 ) ) ;
#1011 = DIRECTION ( 'NONE',  ( 1.000000000000000000, 0.0000000000000000000, 0.0000000000000000000 ) ) ;
#1012 = AXIS2_PLACEMENT_3D ( 'NONE', #1912, #2498, #837 ) ;
#1013 = PLANE ( 'NONE',  #1562 ) ;
#1014 = MANIFOLD_SOLID_BREP ( 'Lead4', #2918 ) ;
#1015 = LINE ( 'NONE', #2447, #2279 ) ;
#1016 = LINE ( 'NONE', #542, #1185 ) ;
#1017 = CARTESIAN_POINT ( 'NONE',  ( 1.704999999999998700, -2.874999999999997800, 0.2800000000000000300 ) ) ;
#1018 = EDGE_CURVE ( 'NONE', #708, #1032, #3512, .T. ) ;
#1019 = DIRECTION ( 'NONE',  ( -0.0000000000000000000, 1.000000000000000000, 0.0000000000000000000 ) ) ;
#1020 = COLOUR_RGB ( '',0.0000000000000000000, 0.0000000000000000000, 1.000000000000000000 ) ;
#1021 = DIRECTION ( 'NONE',  ( -1.000000000000000000, 0.0000000000000000000, -0.0000000000000000000 ) ) ;
#1022 = CARTESIAN_POINT ( 'NONE',  ( -2.450000000000000600, 2.875000000000000000, 1.000000000000000000 ) ) ;
#1023 = EDGE_CURVE ( 'NONE', #650, #2863, #2814, .T. ) ;
#1024 = DIRECTION ( 'NONE',  ( -1.000000000000000000, 1.024417946814024500E-015, 0.0000000000000000000 ) ) ;
#1025 = EDGE_LOOP ( 'NONE', ( #484, #3481, #3565, #247 ) ) ;
#1026 = FACE_OUTER_BOUND ( 'NONE', #2159, .T. ) ;
#1027 = CARTESIAN_POINT ( 'NONE',  ( 0.0000000000000000000, 0.0000000000000000000, 0.2800000000000000300 ) ) ;
#1028 = CARTESIAN_POINT ( 'NONE',  ( -0.4350000000000000500, -2.489999999999999300, 0.2800000000000000300 ) ) ;
#1029 = EDGE_CURVE ( 'NONE', #1093, #2564, #1700, .T. ) ;
#1030 = VERTEX_POINT ( 'NONE', #640 ) ;
#1031 = ORIENTED_EDGE ( 'NONE', *, *, #524, .T. ) ;
#1032 = VERTEX_POINT ( 'NONE', #2925 ) ;
#1033 = ORIENTED_EDGE ( 'NONE', *, *, #659, .F. ) ;
#1034 = DIRECTION ( 'NONE',  ( -1.457731973112511900E-016, -1.000000000000000000, 0.0000000000000000000 ) ) ;
#1035 = ORIENTED_EDGE ( 'NONE', *, *, #853, .F. ) ;
#1036 = VERTEX_POINT ( 'NONE', #678 ) ;
#1038 = ORIENTED_EDGE ( 'NONE', *, *, #2253, .F. ) ;
#1037 = CARTESIAN_POINT ( 'NONE',  ( 1.704999999999998700, -3.049999999999999800, 0.2800000000000000300 ) ) ;
#1039 = AXIS2_PLACEMENT_3D ( 'NONE', #622, #1699, #1165 ) ;
#1040 = DIRECTION ( 'NONE',  ( 0.0000000000000000000, 0.0000000000000000000, -1.000000000000000000 ) ) ;
#1041 = AXIS2_PLACEMENT_3D ( 'NONE', #1524, #3206, #2618 ) ;
#1042 = DIRECTION ( 'NONE',  ( 0.0000000000000000000, -0.0000000000000000000, 1.000000000000000000 ) ) ;
#1043 = AXIS2_PLACEMENT_3D ( 'NONE', #3297, #2198, #1920 ) ;
#1044 = DIRECTION ( 'NONE',  ( 8.850629979473506000E-017, 1.000000000000000000, -0.0000000000000000000 ) ) ;
#1045 = LINE ( 'NONE', #2002, #793 ) ;
#1046 = ORIENTED_EDGE ( 'NONE', *, *, #2982, .T. ) ;
#1047 = EDGE_LOOP ( 'NONE', ( #2244, #2374 ) ) ;
#1048 = CARTESIAN_POINT ( 'NONE',  ( 2.105000000000000400, -3.050000000000000300, -0.0000000000000000000 ) ) ;
#1049 = PRODUCT_DEFINITION_CONTEXT ( 'detailed design', #677, 'design' ) ;
#1050 = VECTOR ( 'NONE', #2080, 1000.000000000000000 ) ;
#1051 = ORIENTED_EDGE ( 'NONE', *, *, #627, .F. ) ;
#1052 = CARTESIAN_POINT ( 'NONE',  ( -1.705000000000001000, 2.400000000000000400, 0.0000000000000000000 ) ) ;
#1053 = DIRECTION ( 'NONE',  ( 0.0000000000000000000, 0.0000000000000000000, -1.000000000000000000 ) ) ;
#1054 = DIRECTION ( 'NONE',  ( 7.542275982507857100E-017, -1.000000000000000000, 0.0000000000000000000 ) ) ;
#1055 = LINE ( 'NONE', #24, #323 ) ;
#1056 = PLANE ( 'NONE',  #2369 ) ;
#1057 = PLANE ( 'NONE',  #1981 ) ;
#1058 = FACE_OUTER_BOUND ( 'NONE', #2156, .T. ) ;
#1059 = DIRECTION ( 'NONE',  ( -1.000000000000000000, 8.850629979473504800E-017, 0.0000000000000000000 ) ) ;
#1060 = PLANE ( 'NONE',  #2655 ) ;
#1061 = AXIS2_PLACEMENT_3D ( 'NONE', #1893, #2462, #3310 ) ;
#1062 = FACE_OUTER_BOUND ( 'NONE', #3223, .T. ) ;
#1063 = ORIENTED_EDGE ( 'NONE', *, *, #3590, .T. ) ;
#1064 = ORIENTED_EDGE ( 'NONE', *, *, #718, .F. ) ;
#1065 = ORIENTED_EDGE ( 'NONE', *, *, #3470, .F. ) ;
#1066 = VECTOR ( 'NONE', #2811, 1000.000000000000000 ) ;
#1067 = EDGE_CURVE ( 'NONE', #1362, #2878, #418, .T. ) ;
#1068 = ADVANCED_FACE ( 'NONE', ( #1058 ), #1461, .T. ) ;
#1069 = ORIENTED_EDGE ( 'NONE', *, *, #338, .T. ) ;
#1070 = CIRCLE ( 'NONE', #2767, 0.3500000000000000300 ) ;
#1071 = ORIENTED_EDGE ( 'NONE', *, *, #384, .T. ) ;
#1072 = CARTESIAN_POINT ( 'NONE',  ( 1.704999999999998700, 2.399999999999999900, 0.2800000000000000300 ) ) ;
#1073 = CARTESIAN_POINT ( 'NONE',  ( 0.0000000000000000000, 0.0000000000000000000, 0.0000000000000000000 ) ) ;
#1074 = CARTESIAN_POINT ( 'NONE',  ( 2.105000000000000400, 0.07496153618543835400, 0.2800000000000000300 ) ) ;
#1075 = DIRECTION ( 'NONE',  ( 1.000000000000000000, -1.668003342285391500E-015, 0.0000000000000000000 ) ) ;
#1076 = CARTESIAN_POINT ( 'NONE',  ( -0.8350000000000027400, 3.233245764376424600E-016, 0.0000000000000000000 ) ) ;
#1077 = EDGE_CURVE ( 'NONE', #1405, #2908, #2143, .T. ) ;
#1078 = VERTEX_POINT ( 'NONE', #1768 ) ;
#1079 = VERTEX_POINT ( 'NONE', #2887 ) ;
#1080 = FACE_OUTER_BOUND ( 'NONE', #173, .T. ) ;
#1081 = AXIS2_PLACEMENT_3D ( 'NONE', #1701, #61, #1983 ) ;
#1082 = EDGE_CURVE ( 'NONE', #3349, #1766, #2054, .T. ) ;
#1083 = CARTESIAN_POINT ( 'NONE',  ( 0.4349999999999961100, -3.049999999999999800, -0.0000000000000000000 ) ) ;
#1084 = DIRECTION ( 'NONE',  ( 2.001604010742469700E-015, 1.000000000000000000, 0.0000000000000000000 ) ) ;
#1085 = DIRECTION ( 'NONE',  ( -1.000000000000000000, 0.0000000000000000000, 0.0000000000000000000 ) ) ;
#1086 = AXIS2_PLACEMENT_3D ( 'NONE', #1252, #2891, #3177 ) ;
#1087 = CARTESIAN_POINT ( 'NONE',  ( 2.105000000000000400, -2.490000000000000200, 0.2800000000000000300 ) ) ;
#1088 = LINE ( 'NONE', #2603, #1683 ) ;
#1089 = ORIENTED_EDGE ( 'NONE', *, *, #2006, .T. ) ;
#1090 = ORIENTED_EDGE ( 'NONE', *, *, #408, .F. ) ;
#1091 = ADVANCED_FACE ( 'NONE', ( #503 ), #2616, .F. ) ;
#1092 = VECTOR ( 'NONE', #3086, 1000.000000000000000 ) ;
#1093 = VERTEX_POINT ( 'NONE', #945 ) ;
#1094 = VECTOR ( 'NONE', #540, 1000.000000000000000 ) ;
#1095 = EDGE_CURVE ( 'NONE', #2515, #1093, #850, .T. ) ;
#1096 = PLANE ( 'NONE',  #3135 ) ;
#1097 = DIRECTION ( 'NONE',  ( -1.000000000000000000, 0.0000000000000000000, -0.0000000000000000000 ) ) ;
#1098 = EDGE_CURVE ( 'NONE', #1255, #2249, #3387, .T. ) ;
#1099 = CARTESIAN_POINT ( 'NONE',  ( 2.450000000000000200, -0.3500000000000004800, 1.000000000000000000 ) ) ;
#1100 = CARTESIAN_POINT ( 'NONE',  ( -2.450000000000000600, 2.875000000000000000, 1.000000000000000000 ) ) ;
#1101 = LINE ( 'NONE', #1565, #2136 ) ;
#1102 = LINE ( 'NONE', #1354, #1835 ) ;
#1103 = ADVANCED_FACE ( 'NONE', ( #3216 ), #2674, .T. ) ;
#1104 = VECTOR ( 'NONE', #2091, 1000.000000000000000 ) ;
#1105 = LINE ( 'NONE', #266, #2011 ) ;
#1106 = CARTESIAN_POINT ( 'NONE',  ( -2.449999999999999700, -2.875000000000000000, 0.2799999999999731000 ) ) ;
#1107 = AXIS2_PLACEMENT_3D ( 'NONE', #1326, #3603, #1085 ) ;
#1108 = DIRECTION ( 'NONE',  ( 0.0000000000000000000, 1.000000000000000000, 0.0000000000000000000 ) ) ;
#1109 = CARTESIAN_POINT ( 'NONE',  ( 0.0000000000000000000, 0.0000000000000000000, 0.2800000000000000300 ) ) ;
#1110 = LINE ( 'NONE', #763, #2328 ) ;
#1111 = DIRECTION ( 'NONE',  ( 1.000000000000000000, 1.024417946814024500E-015, 0.0000000000000000000 ) ) ;
#1112 = CARTESIAN_POINT ( 'NONE',  ( 2.449999999999999700, 2.874999999999999600, 0.2799999999999729900 ) ) ;
#1113 = ORIENTED_EDGE ( 'NONE', *, *, #2838, .T. ) ;
#1114 = LINE ( 'NONE', #176, #3181 ) ;
#1115 = ORIENTED_EDGE ( 'NONE', *, *, #1183, .T. ) ;
#1116 = ORIENTED_EDGE ( 'NONE', *, *, #1813, .F. ) ;
#1117 = ORIENTED_EDGE ( 'NONE', *, *, #105, .T. ) ;
#1119 = ORIENTED_EDGE ( 'NONE', *, *, #1877, .F. ) ;
#1118 = DIRECTION ( 'NONE',  ( 1.000000000000000000, 1.508455196501571400E-016, -0.0000000000000000000 ) ) ;
#1120 = CARTESIAN_POINT ( 'NONE',  ( 0.8350000000000000800, -3.049999999999999800, 0.2800000000000000300 ) ) ;
#1121 = DIRECTION ( 'NONE',  ( 0.0000000000000000000, 0.0000000000000000000, -1.000000000000000000 ) ) ;
#1122 = VERTEX_POINT ( 'NONE', #3239 ) ;
#1123 = CARTESIAN_POINT ( 'NONE',  ( -2.387008162261334800, -3.600694866454776600E-016, 1.000000000000000000 ) ) ;
#1124 = ORIENTED_EDGE ( 'NONE', *, *, #1127, .F. ) ;
#1125 = DIRECTION ( 'NONE',  ( 0.0000000000000000000, 0.0000000000000000000, 1.000000000000000000 ) ) ;
#1126 = VERTEX_POINT ( 'NONE', #2389 ) ;
#1127 = EDGE_CURVE ( 'NONE', #1122, #3051, #2233, .T. ) ;
#1128 = ADVANCED_FACE ( 'NONE', ( #29 ), #1817, .F. ) ;
#1129 = LINE ( 'NONE', #3313, #3197 ) ;
#1130 = PLANE ( 'NONE',  #2348 ) ;
#1131 = AXIS2_PLACEMENT_3D ( 'NONE', #2978, #1019, #2099 ) ;
#1132 = AXIS2_PLACEMENT_3D ( 'NONE', #1370, #1680, #313 ) ;
#1133 = FACE_OUTER_BOUND ( 'NONE', #3562, .T. ) ;
#1134 = VERTEX_POINT ( 'NONE', #169 ) ;
#1135 = CARTESIAN_POINT ( 'NONE',  ( 0.8350000000000000800, 2.399999999999999900, 0.2800000000000000300 ) ) ;
#1136 = CARTESIAN_POINT ( 'NONE',  ( -2.310410196624968800, -0.1500000000000000200, 0.0000000000000000000 ) ) ;
#1137 = VECTOR ( 'NONE', #3001, 1000.000000000000000 ) ;
#1138 = ORIENTED_EDGE ( 'NONE', *, *, #1925, .T. ) ;
#1139 = EDGE_CURVE ( 'NONE', #2155, #1163, #893, .T. ) ;
#1140 = DIRECTION ( 'NONE',  ( 0.0000000000000000000, 0.0000000000000000000, -1.000000000000000000 ) ) ;
#1141 = FACE_OUTER_BOUND ( 'NONE', #1780, .T. ) ;
#1142 = DIRECTION ( 'NONE',  ( -1.000000000000000000, 5.808225924029485800E-016, 0.0000000000000000000 ) ) ;
#1143 = ADVANCED_FACE ( 'NONE', ( #1876 ), #2090, .T. ) ;
#1144 = EDGE_CURVE ( 'NONE', #3402, #779, #2997, .T. ) ;
#1145 = DIRECTION ( 'NONE',  ( 0.0000000000000000000, 0.0000000000000000000, -1.000000000000000000 ) ) ;
#1146 = FACE_OUTER_BOUND ( 'NONE', #507, .T. ) ;
#1147 = EDGE_CURVE ( 'NONE', #2461, #1196, #2454, .T. ) ;
#1148 = DIRECTION ( 'NONE',  ( 0.0000000000000000000, 0.0000000000000000000, -1.000000000000000000 ) ) ;
#1149 = DIRECTION ( 'NONE',  ( 1.000000000000000000, -8.850629979473504800E-017, 0.0000000000000000000 ) ) ;
#1150 = FACE_OUTER_BOUND ( 'NONE', #3423, .T. ) ;
#1151 = DIRECTION ( 'NONE',  ( -1.000000000000000000, 8.850629979473504800E-017, 0.0000000000000000000 ) ) ;
#1152 = LINE ( 'NONE', #1570, #69 ) ;
#1153 = LINE ( 'NONE', #1844, #203 ) ;
#1154 = ORIENTED_EDGE ( 'NONE', *, *, #3478, .T. ) ;
#1155 = ORIENTED_EDGE ( 'NONE', *, *, #408, .T. ) ;
#1156 = VERTEX_POINT ( 'NONE', #2657 ) ;
#1157 = LINE ( 'NONE', #2438, #2554 ) ;
#1158 = AXIS2_PLACEMENT_3D ( 'NONE', #324, #292, #2539 ) ;
#1159 = ORIENTED_EDGE ( 'NONE', *, *, #2902, .F. ) ;
#1160 = CARTESIAN_POINT ( 'NONE',  ( 0.8350000000000000800, -3.049999999999999800, 0.2800000000000000300 ) ) ;
#1161 = LINE ( 'NONE', #732, #296 ) ;
#1162 = ADVANCED_FACE ( 'NONE', ( #115 ), #2079, .F. ) ;
#1163 = VERTEX_POINT ( 'NONE', #2688 ) ;
#1164 = ORIENTED_EDGE ( 'NONE', *, *, #3037, .F. ) ;
#1165 = DIRECTION ( 'NONE',  ( -1.000000000000000000, 8.850629979473504800E-017, 0.0000000000000000000 ) ) ;
#1166 = CARTESIAN_POINT ( 'NONE',  ( -0.8350000000000037400, -2.489999999999999300, 0.2800000000000000300 ) ) ;
#1167 = LINE ( 'NONE', #2577, #997 ) ;
#1168 = CARTESIAN_POINT ( 'NONE',  ( -2.105000000000000000, -1.289999999999999800, 0.2800000000000000300 ) ) ;
#1169 = EDGE_LOOP ( 'NONE', ( #1557, #3527, #3183, #1388 ) ) ;
#1170 = CARTESIAN_POINT ( 'NONE',  ( 0.8350000000000000800, 3.050000000000000300, 0.2800000000000000300 ) ) ;
#1171 = ORIENTED_EDGE ( 'NONE', *, *, #2632, .F. ) ;
#1172 = CARTESIAN_POINT ( 'NONE',  ( -2.387008162261334800, -3.600694866454776600E-016, 1.000000000000000000 ) ) ;
#1173 = LINE ( 'NONE', #812, #99 ) ;
#1174 = ORIENTED_EDGE ( 'NONE', *, *, #2181, .T. ) ;
#1175 = ADVANCED_FACE ( 'NONE', ( #154 ), #2990, .F. ) ;
#1176 = VECTOR ( 'NONE', #2938, 1000.000000000000000 ) ;
#1177 = DIRECTION ( 'NONE',  ( 0.0000000000000000000, -1.000000000000000000, 0.0000000000000000000 ) ) ;
#1178 = DIRECTION ( 'NONE',  ( -0.0000000000000000000, -0.0000000000000000000, -1.000000000000000000 ) ) ;
#1179 = VECTOR ( 'NONE', #2808, 1000.000000000000000 ) ;
#1180 = CARTESIAN_POINT ( 'NONE',  ( -2.105000000000000400, 0.07496153618543829900, 0.0000000000000000000 ) ) ;
#1181 = FACE_OUTER_BOUND ( 'NONE', #561, .T. ) ;
#1182 = DIRECTION ( 'NONE',  ( -5.808225924029485800E-016, -1.000000000000000000, 0.0000000000000000000 ) ) ;
#1183 = EDGE_CURVE ( 'NONE', #3402, #80, #2277, .T. ) ;
#1184 = FACE_OUTER_BOUND ( 'NONE', #2937, .T. ) ;
#1185 = VECTOR ( 'NONE', #556, 1000.000000000000000 ) ;
#1186 = DIRECTION ( 'NONE',  ( 0.0000000000000000000, 0.0000000000000000000, -1.000000000000000000 ) ) ;
#1187 = SURFACE_SIDE_STYLE ('',( #3125 ) ) ;
#1188 = ORIENTED_EDGE ( 'NONE', *, *, #2142, .F. ) ;
#1189 = CARTESIAN_POINT ( 'NONE',  ( 0.8350000000000000800, 2.399999999999999900, 0.0000000000000000000 ) ) ;
#1190 = ADVANCED_FACE ( 'NONE', ( #1150 ), #1804, .T. ) ;
#1191 = VECTOR ( 'NONE', #2405, 1000.000000000000000 ) ;
#1192 = CARTESIAN_POINT ( 'NONE',  ( -1.705000000000001000, 2.400000000000000400, 0.2800000000000000300 ) ) ;
#1193 = ORIENTED_EDGE ( 'NONE', *, *, #3509, .T. ) ;
#1194 = LINE ( 'NONE', #1207, #2110 ) ;
#1195 = AXIS2_PLACEMENT_3D ( 'NONE', #2367, #2129, #1823 ) ;
#1196 = VERTEX_POINT ( 'NONE', #2409 ) ;
#1197 = EDGE_LOOP ( 'NONE', ( #1038, #1004, #1629, #32, #943 ) ) ;
#1198 = ORIENTED_EDGE ( 'NONE', *, *, #3096, .T. ) ;
#1199 = DIRECTION ( 'NONE',  ( -1.000000000000000000, 8.850629979473506000E-017, 0.0000000000000000000 ) ) ;
#1200 = VERTEX_POINT ( 'NONE', #3250 ) ;
#1201 = EDGE_CURVE ( 'NONE', #1631, #1591, #67, .T. ) ;
#1202 = CARTESIAN_POINT ( 'NONE',  ( 2.310410196624968800, -0.1499999999999994100, 0.2800000000000000300 ) ) ;
#1203 = ORIENTED_EDGE ( 'NONE', *, *, #1667, .T. ) ;
#1204 = ORIENTED_EDGE ( 'NONE', *, *, #3217, .T. ) ;
#1205 = ORIENTED_EDGE ( 'NONE', *, *, #919, .T. ) ;
#1206 = CARTESIAN_POINT ( 'NONE',  ( -2.449999999999998400, -3.695715231428846900E-016, 0.2800000000000000800 ) ) ;
#1207 = CARTESIAN_POINT ( 'NONE',  ( -2.310410196624968800, -0.3499999999999999200, 0.2800000000000000300 ) ) ;
#1208 = EDGE_CURVE ( 'NONE', #2373, #1713, #3595, .T. ) ;
#1209 = ADVANCED_FACE ( 'NONE', ( #3084 ), #2809, .T. ) ;
#1210 = EDGE_CURVE ( 'NONE', #559, #2249, #2185, .T. ) ;
#1211 = VECTOR ( 'NONE', #811, 1000.000000000000000 ) ;
#1212 = CARTESIAN_POINT ( 'NONE',  ( 0.8350000000000000800, 2.399999999999999900, 0.2800000000000000300 ) ) ;
#1213 = DIRECTION ( 'NONE',  ( 0.0000000000000000000, 1.000000000000000000, 0.0000000000000000000 ) ) ;
#1214 = LINE ( 'NONE', #2880, #3417 ) ;
#1215 = ORIENTED_EDGE ( 'NONE', *, *, #449, .T. ) ;
#1216 = DIRECTION ( 'NONE',  ( -0.0000000000000000000, 1.000000000000000000, 0.0000000000000000000 ) ) ;
#1217 = DIRECTION ( 'NONE',  ( -1.000000000000000000, 8.850629979473504800E-017, 0.0000000000000000000 ) ) ;
#1218 = AXIS2_PLACEMENT_3D ( 'NONE', #2620, #1142, #2020 ) ;
#1219 = VECTOR ( 'NONE', #1521, 1000.000000000000000 ) ;
#1220 = ORIENTED_EDGE ( 'NONE', *, *, #963, .T. ) ;
#1221 = AXIS2_PLACEMENT_3D ( 'NONE', #3124, #2853, #2289 ) ;
#1222 = CARTESIAN_POINT ( 'NONE',  ( -2.105000000000000000, 0.0000000000000000000, 0.0000000000000000000 ) ) ;
#1223 = LINE ( 'NONE', #1815, #1519 ) ;
#1224 = CIRCLE ( 'NONE', #1609, 0.3500000000000000300 ) ;
#1225 = EDGE_CURVE ( 'NONE', #59, #1036, #1567, .T. ) ;
#1226 = PLANE ( 'NONE',  #3235 ) ;
#1227 = CARTESIAN_POINT ( 'NONE',  ( -2.575000000000000200, -0.1500000000000002400, 0.2800000000000000300 ) ) ;
#1228 = VECTOR ( 'NONE', #3465, 1000.000000000000000 ) ;
#1229 = LINE ( 'NONE', #1584, #1528 ) ;
#1230 = CARTESIAN_POINT ( 'NONE',  ( 2.105000000000000400, 0.07496153618543829900, 0.2800000000000000300 ) ) ;
#1231 = ORIENTED_EDGE ( 'NONE', *, *, #1496, .F. ) ;
#1232 = VERTEX_POINT ( 'NONE', #2420 ) ;
#1233 = VERTEX_POINT ( 'NONE', #2144 ) ;
#1234 = CARTESIAN_POINT ( 'NONE',  ( 1.704999999999998700, -2.490000000000000200, 0.2800000000000000300 ) ) ;
#1235 = VECTOR ( 'NONE', #2468, 1000.000000000000000 ) ;
#1236 = SURFACE_STYLE_USAGE ( .BOTH. , #2927 ) ;
#1237 = ORIENTED_EDGE ( 'NONE', *, *, #2325, .T. ) ;
#1238 = EDGE_LOOP ( 'NONE', ( #1952, #3275, #2421, #515 ) ) ;
#1239 = ORIENTED_EDGE ( 'NONE', *, *, #2504, .T. ) ;
#1240 = SURFACE_STYLE_USAGE ( .BOTH. , #950 ) ;
#1241 = VERTEX_POINT ( 'NONE', #1829 ) ;
#1242 = PRESENTATION_LAYER_ASSIGNMENT (  '', '', ( #1747 ) ) ;
#1243 = AXIS2_PLACEMENT_3D ( 'NONE', #1109, #1948, #858 ) ;
#1244 = ORIENTED_EDGE ( 'NONE', *, *, #3367, .F. ) ;
#1245 = EDGE_LOOP ( 'NONE', ( #1117, #1220, #2678, #723 ) ) ;
#1246 = VERTEX_POINT ( 'NONE', #1865 ) ;
#1247 = DIRECTION ( 'NONE',  ( -1.000000000000000000, 0.0000000000000000000, -0.0000000000000000000 ) ) ;
#1248 = EDGE_CURVE ( 'NONE', #1342, #868, #502, .T. ) ;
#1249 = PLANE ( 'NONE',  #372 ) ;
#1250 = CARTESIAN_POINT ( 'NONE',  ( 1.975000000000000100, -0.2500000000000000000, 0.2800000000000000300 ) ) ;
#1251 = LINE ( 'NONE', #1052, #1415 ) ;
#1252 = CARTESIAN_POINT ( 'NONE',  ( 2.449999999999999700, 2.874999999999999600, 0.2799999999999729900 ) ) ;
#1253 = DIRECTION ( 'NONE',  ( -1.000000000000000000, -1.084202172485507000E-015, -0.0000000000000000000 ) ) ;
#1254 = VECTOR ( 'NONE', #2941, 1000.000000000000000 ) ;
#1255 = VERTEX_POINT ( 'NONE', #1856 ) ;
#1256 = ORIENTED_EDGE ( 'NONE', *, *, #1006, .F. ) ;
#1257 = EDGE_CURVE ( 'NONE', #1766, #941, #2008, .T. ) ;
#1258 = FACE_OUTER_BOUND ( 'NONE', #2207, .T. ) ;
#1259 = EDGE_LOOP ( 'NONE', ( #3530, #2345, #1493, #528 ) ) ;
#1260 = DIRECTION ( 'NONE',  ( 0.0000000000000000000, 0.0000000000000000000, -1.000000000000000000 ) ) ;
#1261 = LINE ( 'NONE', #3212, #1050 ) ;
#1262 = DIRECTION ( 'NONE',  ( 0.0000000000000000000, 0.0000000000000000000, -1.000000000000000000 ) ) ;
#1263 = PLANE ( 'NONE',  #3524 ) ;
#1264 = AXIS2_PLACEMENT_3D ( 'NONE', #1533, #3487, #3259 ) ;
#1265 = DIRECTION ( 'NONE',  ( -1.000000000000000000, 0.0000000000000000000, 0.0000000000000000000 ) ) ;
#1266 = AXIS2_PLACEMENT_3D ( 'NONE', #416, #951, #973 ) ;
#1267 = FACE_OUTER_BOUND ( 'NONE', #1304, .T. ) ;
#1268 = CARTESIAN_POINT ( 'NONE',  ( -1.975000000000000100, -0.2500000000000000000, 0.0000000000000000000 ) ) ;
#1269 = LINE ( 'NONE', #3253, #1742 ) ;
#1270 = DIRECTION ( 'NONE',  ( 0.0000000000000000000, 1.000000000000000000, 0.0000000000000000000 ) ) ;
#1271 = SURFACE_SIDE_STYLE ('',( #3378 ) ) ;
#1272 = LINE ( 'NONE', #761, #1745 ) ;
#1273 = EDGE_CURVE ( 'NONE', #1036, #2622, #371, .T. ) ;
#1274 = PLANE ( 'NONE',  #717 ) ;
#1275 = LINE ( 'NONE', #3004, #2323 ) ;
#1276 = CARTESIAN_POINT ( 'NONE',  ( -0.4350000000000000500, -2.489999999999999300, 0.2800000000000000300 ) ) ;
#1277 = ORIENTED_EDGE ( 'NONE', *, *, #2017, .T. ) ;
#1278 = CARTESIAN_POINT ( 'NONE',  ( -2.105000000000000000, -1.289999999999999800, 0.2800000000000000300 ) ) ;
#1279 = MANIFOLD_SOLID_BREP ( 'Lead3', #1887 ) ;
#1280 = EDGE_CURVE ( 'NONE', #1991, #3492, #1224, .T. ) ;
#1281 = VECTOR ( 'NONE', #2229, 1000.000000000000000 ) ;
#1282 = ORIENTED_EDGE ( 'NONE', *, *, #917, .T. ) ;
#1283 = LINE ( 'NONE', #2940, #1447 ) ;
#1284 = DIRECTION ( 'NONE',  ( -1.000000000000000000, -0.0000000000000000000, -0.0000000000000000000 ) ) ;
#1285 = ORIENTED_EDGE ( 'NONE', *, *, #2138, .F. ) ;
#1286 = CARTESIAN_POINT ( 'NONE',  ( 2.105000000000000000, 2.875000000000000000, 0.0000000000000000000 ) ) ;
#1287 = CARTESIAN_POINT ( 'NONE',  ( -1.705000000000005000, 2.843945698596600700E-015, -0.0000000000000000000 ) ) ;
#1288 = ORIENTED_EDGE ( 'NONE', *, *, #1210, .T. ) ;
#1289 = ORIENTED_EDGE ( 'NONE', *, *, #338, .F. ) ;
#1290 = DIRECTION ( 'NONE',  ( -1.000000000000000000, 0.0000000000000000000, 0.0000000000000000000 ) ) ;
#1291 = CARTESIAN_POINT ( 'NONE',  ( 0.8350000000000000800, -3.049999999999999800, 0.2800000000000000300 ) ) ;
#1292 = ORIENTED_EDGE ( 'NONE', *, *, #3578, .T. ) ;
#1293 = VERTEX_POINT ( 'NONE', #3240 ) ;
#1294 = AXIS2_PLACEMENT_3D ( 'NONE', #1268, #433, #469 ) ;
#1295 = ORIENTED_EDGE ( 'NONE', *, *, #709, .F. ) ;
#1296 = VERTEX_POINT ( 'NONE', #3213 ) ;
#1297 = CARTESIAN_POINT ( 'NONE',  ( 2.450000000000000200, -2.875000000000000400, 0.2799999999999729900 ) ) ;
#1298 = VECTOR ( 'NONE', #885, 1000.000000000000000 ) ;
#1299 = VERTEX_POINT ( 'NONE', #1549 ) ;
#1300 = CARTESIAN_POINT ( 'NONE',  ( 2.310410196624968800, -0.3500000000000005300, 0.0000000000000000000 ) ) ;
#1301 = CARTESIAN_POINT ( 'NONE',  ( 2.310410196624968800, -0.3500000000000005900, 0.2800000000000000300 ) ) ;
#1302 = CARTESIAN_POINT ( 'NONE',  ( -0.8350000000000037400, -2.489999999999999300, 0.2800000000000000300 ) ) ;
#1303 = FACE_OUTER_BOUND ( 'NONE', #1587, .T. ) ;
#1304 = EDGE_LOOP ( 'NONE', ( #2870, #2654, #1661, #772 ) ) ;
#1305 = FACE_OUTER_BOUND ( 'NONE', #3454, .T. ) ;
#1306 = ORIENTED_EDGE ( 'NONE', *, *, #662, .T. ) ;
#1307 = EDGE_CURVE ( 'NONE', #2461, #1032, #2668, .T. ) ;
#1308 = PLANE ( 'NONE',  #3372 ) ;
#1309 = CARTESIAN_POINT ( 'NONE',  ( 1.704999999999998700, -2.490000000000000200, -0.0000000000000000000 ) ) ;
#1310 = VECTOR ( 'NONE', #1507, 1000.000000000000000 ) ;
#1311 = CARTESIAN_POINT ( 'NONE',  ( 0.8350000000000000800, -2.489999999999999800, -0.0000000000000000000 ) ) ;
#1312 = DIRECTION ( 'NONE',  ( 1.000000000000000000, 0.0000000000000000000, 0.0000000000000000000 ) ) ;
#1313 = VECTOR ( 'NONE', #1808, 1000.000000000000000 ) ;
#1314 = LINE ( 'NONE', #97, #200 ) ;
#1315 = CARTESIAN_POINT ( 'NONE',  ( 2.105000000000000400, -3.050000000000000300, -0.0000000000000000000 ) ) ;
#1316 = EDGE_CURVE ( 'NONE', #1296, #2517, #2141, .T. ) ;
#1317 = FACE_OUTER_BOUND ( 'NONE', #993, .T. ) ;
#1318 = LINE ( 'NONE', #3157, #3049 ) ;
#1319 = DIRECTION ( 'NONE',  ( 1.000000000000000000, 1.084202172485507000E-015, 0.0000000000000000000 ) ) ;
#1320 = ORIENTED_EDGE ( 'NONE', *, *, #409, .T. ) ;
#1321 = DIRECTION ( 'NONE',  ( -0.0000000000000000000, -0.0000000000000000000, 1.000000000000000000 ) ) ;
#1322 = EDGE_CURVE ( 'NONE', #1853, #3395, #1269, .T. ) ;
#1323 = ORIENTED_EDGE ( 'NONE', *, *, #2684, .T. ) ;
#1324 = VECTOR ( 'NONE', #3382, 1000.000000000000000 ) ;
#1325 = CARTESIAN_POINT ( 'NONE',  ( -2.450000000000000600, 2.875000000000000000, 0.2799999999999728800 ) ) ;
#1326 = CARTESIAN_POINT ( 'NONE',  ( 1.975000000000000100, -0.2500000000000000000, 0.2800000000000000300 ) ) ;
#1327 = CARTESIAN_POINT ( 'NONE',  ( 0.0000000000000000000, 0.0000000000000000000, 0.2800000000000000300 ) ) ;
#1328 = EDGE_CURVE ( 'NONE', #2157, #1459, #3258, .T. ) ;
#1329 = ORIENTED_EDGE ( 'NONE', *, *, #417, .T. ) ;
#1330 = ORIENTED_EDGE ( 'NONE', *, *, #1372, .F. ) ;
#1331 = ORIENTED_EDGE ( 'NONE', *, *, #1942, .T. ) ;
#1332 = ORIENTED_EDGE ( 'NONE', *, *, #1183, .F. ) ;
#1333 = VERTEX_POINT ( 'NONE', #2928 ) ;
#1334 = ORIENTED_EDGE ( 'NONE', *, *, #845, .T. ) ;
#1335 = VERTEX_POINT ( 'NONE', #2092 ) ;
#1336 = ORIENTED_EDGE ( 'NONE', *, *, #2596, .T. ) ;
#1337 = DIRECTION ( 'NONE',  ( 5.838011697998866200E-016, 1.000000000000000000, 0.0000000000000000000 ) ) ;
#1338 = CARTESIAN_POINT ( 'NONE',  ( -0.8350000000000006300, 2.400000000000000400, 0.0000000000000000000 ) ) ;
#1339 = DIRECTION ( 'NONE',  ( 0.0000000000000000000, 0.0000000000000000000, -1.000000000000000000 ) ) ;
#1340 = CIRCLE ( 'NONE', #2538, 0.3500000000000000300 ) ;
#1341 = VECTOR ( 'NONE', #1312, 1000.000000000000000 ) ;
#1342 = VERTEX_POINT ( 'NONE', #3262 ) ;
#1343 = ORIENTED_EDGE ( 'NONE', *, *, #1147, .F. ) ;
#1344 = CARTESIAN_POINT ( 'NONE',  ( -1.705000000000001000, -2.875000000000000400, 0.0000000000000000000 ) ) ;
#1345 = FACE_OUTER_BOUND ( 'NONE', #1025, .T. ) ;
#1346 = ORIENTED_EDGE ( 'NONE', *, *, #1391, .F. ) ;
#1347 = DIRECTION ( 'NONE',  ( 1.000000000000000000, -0.0000000000000000000, 0.0000000000000000000 ) ) ;
#1348 = CARTESIAN_POINT ( 'NONE',  ( 2.575000000000000200, -0.1499999999999995800, 0.2800000000000000300 ) ) ;
#1349 = DIRECTION ( 'NONE',  ( 0.0000000000000000000, 0.0000000000000000000, -1.000000000000000000 ) ) ;
#1350 = CARTESIAN_POINT ( 'NONE',  ( -1.705000000000001000, -3.049999999999999400, 0.2800000000000000300 ) ) ;
#1351 = VECTOR ( 'NONE', #3149, 1000.000000000000000 ) ;
#1352 = ADVANCED_FACE ( 'NONE', ( #1478 ), #2677, .T. ) ;
#1353 = CARTESIAN_POINT ( 'NONE',  ( -0.4350000000000000500, 2.875000000000000000, 0.0000000000000000000 ) ) ;
#1354 = CARTESIAN_POINT ( 'NONE',  ( -2.450000000000000600, 2.874999999999997800, 0.2800000000000000300 ) ) ;
#1355 = CARTESIAN_POINT ( 'NONE',  ( -2.105000000000000400, 0.07496153618543829900, 0.0000000000000000000 ) ) ;
#1356 = CARTESIAN_POINT ( 'NONE',  ( -0.4350000000000000500, -2.489999999999999300, 0.0000000000000000000 ) ) ;
#1357 = AXIS2_PLACEMENT_3D ( 'NONE', #1769, #2378, #1260 ) ;
#1358 = CARTESIAN_POINT ( 'NONE',  ( -1.705000000000001000, -2.875000000000000000, 0.2799999999999731000 ) ) ;
#1359 = UNCERTAINTY_MEASURE_WITH_UNIT (LENGTH_MEASURE( 1.000000000000000100E-005 ), #2862, 'distance_accuracy_value', 'NONE');
#1360 = VECTOR ( 'NONE', #63, 1000.000000000000000 ) ;
#1361 = CYLINDRICAL_SURFACE ( 'NONE', #623, 0.3500000000000000300 ) ;
#1362 = VERTEX_POINT ( 'NONE', #3228 ) ;
#1363 = LINE ( 'NONE', #1400, #246 ) ;
#1364 = ORIENTED_EDGE ( 'NONE', *, *, #727, .F. ) ;
#1365 = VECTOR ( 'NONE', #2915, 1000.000000000000000 ) ;
#1366 = CARTESIAN_POINT ( 'NONE',  ( 1.704999999999998700, -3.049999999999999800, 0.2800000000000000300 ) ) ;
#1367 = CARTESIAN_POINT ( 'NONE',  ( 1.704999999999998700, 2.399999999999999900, 0.0000000000000000000 ) ) ;
#1368 = DIRECTION ( 'NONE',  ( 0.0000000000000000000, 0.0000000000000000000, -1.000000000000000000 ) ) ;
#1369 = DIRECTION ( 'NONE',  ( 1.000000000000000000, 1.508455196501571400E-016, -0.0000000000000000000 ) ) ;
#1370 = CARTESIAN_POINT ( 'NONE',  ( 2.105000000000000400, -3.050000000000000300, 0.2800000000000000300 ) ) ;
#1371 = ORIENTED_EDGE ( 'NONE', *, *, #652, .T. ) ;
#1372 = EDGE_CURVE ( 'NONE', #1196, #2879, #1917, .T. ) ;
#1373 = ADVANCED_FACE ( 'NONE', ( #2543 ), #172, .T. ) ;
#1374 = ORIENTED_EDGE ( 'NONE', *, *, #1942, .F. ) ;
#1375 = ORIENTED_EDGE ( 'NONE', *, *, #270, .T. ) ;
#1376 = ORIENTED_EDGE ( 'NONE', *, *, #2071, .F. ) ;
#1377 = ORIENTED_EDGE ( 'NONE', *, *, #2332, .F. ) ;
#1378 = VERTEX_POINT ( 'NONE', #414 ) ;
#1379 = VECTOR ( 'NONE', #83, 1000.000000000000000 ) ;
#1380 = AXIS2_PLACEMENT_3D ( 'NONE', #2614, #399, #106 ) ;
#1381 = PLANE ( 'NONE',  #907 ) ;
#1382 = DIRECTION ( 'NONE',  ( -1.000000000000000000, 0.0000000000000000000, -0.0000000000000000000 ) ) ;
#1383 = PLANE ( 'NONE',  #319 ) ;
#1384 = LINE ( 'NONE', #1607, #873 ) ;
#1385 = ORIENTED_EDGE ( 'NONE', *, *, #727, .T. ) ;
#1386 = EDGE_CURVE ( 'NONE', #2622, #650, #541, .T. ) ;
#1387 = FACE_OUTER_BOUND ( 'NONE', #3269, .T. ) ;
#1388 = ORIENTED_EDGE ( 'NONE', *, *, #1077, .F. ) ;
#1389 = LINE ( 'NONE', #1482, #1219 ) ;
#1390 = ADVANCED_FACE ( 'NONE', ( #1181 ), #715, .F. ) ;
#1391 = EDGE_CURVE ( 'NONE', #3296, #954, #3554, .T. ) ;
#1392 = CARTESIAN_POINT ( 'NONE',  ( -2.450000000000000600, 2.875000000000000000, 0.0000000000000000000 ) ) ;
#1393 = CARTESIAN_POINT ( 'NONE',  ( 2.105000000000000000, -1.290000000000000300, 0.2800000000000000300 ) ) ;
#1394 = EDGE_CURVE ( 'NONE', #1713, #88, #3343, .T. ) ;
#1395 = PLANE ( 'NONE',  #3368 ) ;
#1396 = COLOUR_RGB ( '',1.000000000000000000, 1.000000000000000000, 1.000000000000000000 ) ;
#1397 = AXIS2_PLACEMENT_3D ( 'NONE', #1227, #3449, #3207 ) ;
#1398 = VECTOR ( 'NONE', #2400, 1000.000000000000000 ) ;
#1399 = CARTESIAN_POINT ( 'NONE',  ( -0.8350000000000006300, 2.400000000000000400, 0.2800000000000000300 ) ) ;
#1400 = CARTESIAN_POINT ( 'NONE',  ( -2.449999999999999700, -2.875000000000000000, 0.2799999999999731000 ) ) ;
#1401 = ORIENTED_EDGE ( 'NONE', *, *, #2384, .T. ) ;
#1402 = ADVANCED_FACE ( 'NONE', ( #1146 ), #1274, .F. ) ;
#1403 = ORIENTED_EDGE ( 'NONE', *, *, #1082, .T. ) ;
#1404 = FACE_OUTER_BOUND ( 'NONE', #3543, .T. ) ;
#1405 = VERTEX_POINT ( 'NONE', #728 ) ;
#1406 = ORIENTED_EDGE ( 'NONE', *, *, #1431, .F. ) ;
#1407 = ORIENTED_EDGE ( 'NONE', *, *, #2761, .T. ) ;
#1408 = ORIENTED_EDGE ( 'NONE', *, *, #3179, .F. ) ;
#1409 = CARTESIAN_POINT ( 'NONE',  ( 2.105000000000000000, -1.290000000000000300, -0.0000000000000000000 ) ) ;
#1410 = ORIENTED_EDGE ( 'NONE', *, *, #199, .T. ) ;
#1411 = PLANE ( 'NONE',  #116 ) ;
#1412 = ORIENTED_EDGE ( 'NONE', *, *, #2284, .T. ) ;
#1413 = ORIENTED_EDGE ( 'NONE', *, *, #3057, .T. ) ;
#1414 = CARTESIAN_POINT ( 'NONE',  ( -2.449999999999999700, -2.875000000000000000, 1.000000000000000000 ) ) ;
#1415 = VECTOR ( 'NONE', #253, 1000.000000000000000 ) ;
#1416 = ADVANCED_FACE ( 'NONE', ( #2590 ), #3056, .T. ) ;
#1417 = AXIS2_PLACEMENT_3D ( 'NONE', #2964, #3225, #2375 ) ;
#1418 = LINE ( 'NONE', #3549, #1341 ) ;
#1419 = ORIENTED_EDGE ( 'NONE', *, *, #1257, .T. ) ;
#1420 = ORIENTED_EDGE ( 'NONE', *, *, #481, .F. ) ;
#1421 = DIRECTION ( 'NONE',  ( 0.9961946980917458800, 1.502715069063808100E-016, -0.08715574274765511300 ) ) ;
#1422 = SURFACE_SIDE_STYLE ('',( #2145 ) ) ;
#1423 = VECTOR ( 'NONE', #1900, 1000.000000000000000 ) ;
#1425 = EDGE_LOOP ( 'NONE', ( #2250, #2474, #1946, #564 ) ) ;
#1424 = DIRECTION ( 'NONE',  ( -0.0000000000000000000, -0.0000000000000000000, -1.000000000000000000 ) ) ;
#1426 = EDGE_CURVE ( 'NONE', #2150, #1032, #1102, .T. ) ;
#1427 = DIRECTION ( 'NONE',  ( -0.0000000000000000000, -1.000000000000000000, -0.0000000000000000000 ) ) ;
#1428 = LINE ( 'NONE', #2935, #2446 ) ;
#1429 = CARTESIAN_POINT ( 'NONE',  ( 1.704999999999998700, -2.490000000000000200, -0.0000000000000000000 ) ) ;
#1430 = LINE ( 'NONE', #131, #538 ) ;
#1431 = EDGE_CURVE ( 'NONE', #3377, #2907, #581, .T. ) ;
#1432 = CARTESIAN_POINT ( 'NONE',  ( -1.705000000000001000, 2.400000000000000400, 0.2800000000000000300 ) ) ;
#1433 = DIRECTION ( 'NONE',  ( 0.0000000000000000000, 0.0000000000000000000, -1.000000000000000000 ) ) ;
#1434 = ADVANCED_FACE ( 'NONE', ( #2995 ), #1381, .T. ) ;
#1435 = VECTOR ( 'NONE', #1790, 1000.000000000000000 ) ;
#1436 = DIRECTION ( 'NONE',  ( 0.0000000000000000000, 0.0000000000000000000, -1.000000000000000000 ) ) ;
#1437 = PLANE ( 'NONE',  #1934 ) ;
#1438 = LINE ( 'NONE', #206, #3514 ) ;
#1439 = FACE_OUTER_BOUND ( 'NONE', #258, .T. ) ;
#1440 = ORIENTED_EDGE ( 'NONE', *, *, #894, .F. ) ;
#1441 = AXIS2_PLACEMENT_3D ( 'NONE', #362, #870, #1145 ) ;
#1442 = EDGE_CURVE ( 'NONE', #2089, #3113, #1654, .T. ) ;
#1443 = FACE_OUTER_BOUND ( 'NONE', #205, .T. ) ;
#1444 = DIRECTION ( 'NONE',  ( 0.0000000000000000000, 0.0000000000000000000, -1.000000000000000000 ) ) ;
#1445 = EDGE_LOOP ( 'NONE', ( #2522, #828, #3184, #2118 ) ) ;
#1446 = CARTESIAN_POINT ( 'NONE',  ( 2.387008162261334400, 2.812008162261333800, 1.000000000000000000 ) ) ;
#1447 = VECTOR ( 'NONE', #874, 1000.000000000000000 ) ;
#1448 = PLANE ( 'NONE',  #2492 ) ;
#1449 = ORIENTED_EDGE ( 'NONE', *, *, #2576, .F. ) ;
#1450 = ORIENTED_EDGE ( 'NONE', *, *, #1806, .T. ) ;
#1451 = DIRECTION ( 'NONE',  ( 1.000000000000000000, -8.850629979473506000E-017, 0.0000000000000000000 ) ) ;
#1452 = EDGE_CURVE ( 'NONE', #571, #2210, #198, .T. ) ;
#1453 = VERTEX_POINT ( 'NONE', #251 ) ;
#1454 = EDGE_LOOP ( 'NONE', ( #1401, #407, #1330, #3009 ) ) ;
#1455 = ADVANCED_FACE ( 'NONE', ( #2231 ), #288, .T. ) ;
#1456 = EDGE_CURVE ( 'NONE', #774, #3268, #456, .T. ) ;
#1457 = ORIENTED_EDGE ( 'NONE', *, *, #3041, .F. ) ;
#1458 = ORIENTED_EDGE ( 'NONE', *, *, #1307, .T. ) ;
#1459 = VERTEX_POINT ( 'NONE', #2235 ) ;
#1460 = DIRECTION ( 'NONE',  ( 1.000000000000000000, 1.457731973112512100E-016, -0.0000000000000000000 ) ) ;
#1461 = PLANE ( 'NONE',  #3088 ) ;
#1462 = VECTOR ( 'NONE', #1729, 1000.000000000000000 ) ;
#1463 = VECTOR ( 'NONE', #2093, 999.9999999999998900 ) ;
#1464 = DIRECTION ( 'NONE',  ( -1.000000000000000000, 0.0000000000000000000, 0.0000000000000000000 ) ) ;
#1465 = VERTEX_POINT ( 'NONE', #2742 ) ;
#1466 = FACE_OUTER_BOUND ( 'NONE', #295, .T. ) ;
#1467 = VERTEX_POINT ( 'NONE', #1947 ) ;
#1468 = AXIS2_PLACEMENT_3D ( 'NONE', #1859, #2162, #2173 ) ;
#1469 = CARTESIAN_POINT ( 'NONE',  ( 1.704999999999998700, -3.049999999999999800, 0.2800000000000000300 ) ) ;
#1470 = FACE_OUTER_BOUND ( 'NONE', #2361, .T. ) ;
#1471 = CARTESIAN_POINT ( 'NONE',  ( -2.387008162261335300, 2.812008162261334200, 1.000000000000000000 ) ) ;
#1472 = CARTESIAN_POINT ( 'NONE',  ( -2.449999999999999700, -2.875000000000000000, 0.2799999999999731000 ) ) ;
#1473 = DIRECTION ( 'NONE',  ( 1.000000000000000000, -1.030120828964850000E-016, 0.0000000000000000000 ) ) ;
#1474 = ADVANCED_FACE ( 'NONE', ( #25 ), #1935, .T. ) ;
#1475 = DIRECTION ( 'NONE',  ( -0.0000000000000000000, -1.000000000000000000, -0.0000000000000000000 ) ) ;
#1476 = LINE ( 'NONE', #1222, #65 ) ;
#1477 = CARTESIAN_POINT ( 'NONE',  ( -2.575000000000000200, -0.3500000000000002000, 0.2800000000000000300 ) ) ;
#1478 = FACE_OUTER_BOUND ( 'NONE', #87, .T. ) ;
#1479 = EDGE_CURVE ( 'NONE', #1232, #1665, #936, .T. ) ;
#1480 = CARTESIAN_POINT ( 'NONE',  ( 0.8350000000000000800, -3.049999999999999800, -0.0000000000000000000 ) ) ;
#1481 =( LENGTH_UNIT ( ) NAMED_UNIT ( * ) SI_UNIT ( .MILLI., .METRE. ) );
#1482 = CARTESIAN_POINT ( 'NONE',  ( 1.704999999999998700, -2.490000000000000200, 0.2800000000000000300 ) ) ;
#1483 = CYLINDRICAL_SURFACE ( 'NONE', #2629, 0.3500000000000000300 ) ;
#1484 = ORIENTED_EDGE ( 'NONE', *, *, #1280, .F. ) ;
#1485 = AXIS2_PLACEMENT_3D ( 'NONE', #385, #724, #2050 ) ;
#1486 = PLANE ( 'NONE',  #1397 ) ;
#1487 = EDGE_LOOP ( 'NONE', ( #1329, #166, #2877, #3500 ) ) ;
#1488 = FACE_OUTER_BOUND ( 'NONE', #2805, .T. ) ;
#1489 = AXIS2_PLACEMENT_3D ( 'NONE', #803, #1905, #2479 ) ;
#1490 = ORIENTED_EDGE ( 'NONE', *, *, #3159, .F. ) ;
#1491 = ORIENTED_EDGE ( 'NONE', *, *, #2504, .F. ) ;
#1492 = DIRECTION ( 'NONE',  ( 0.0000000000000000000, -0.0000000000000000000, 1.000000000000000000 ) ) ;
#1493 = ORIENTED_EDGE ( 'NONE', *, *, #1861, .T. ) ;
#1494 = CARTESIAN_POINT ( 'NONE',  ( -1.705000000000001000, -3.049999999999999400, 0.0000000000000000000 ) ) ;
#1495 = ORIENTED_EDGE ( 'NONE', *, *, #30, .T. ) ;
#1496 = EDGE_CURVE ( 'NONE', #1453, #610, #1055, .T. ) ;
#1497 = CARTESIAN_POINT ( 'NONE',  ( 2.310410196624968800, -0.1499999999999994100, -0.0000000000000000000 ) ) ;
#1498 = ORIENTED_EDGE ( 'NONE', *, *, #2453, .T. ) ;
#1499 = ORIENTED_EDGE ( 'NONE', *, *, #1754, .T. ) ;
#1500 = VERTEX_POINT ( 'NONE', #3591 ) ;
#1501 =( NAMED_UNIT ( * ) PLANE_ANGLE_UNIT ( ) SI_UNIT ( $, .RADIAN. ) );
#1502 = DIRECTION ( 'NONE',  ( 0.0000000000000000000, 0.0000000000000000000, -1.000000000000000000 ) ) ;
#1503 = EDGE_CURVE ( 'NONE', #2944, #1467, #2452, .T. ) ;
#1504 = EDGE_CURVE ( 'NONE', #2907, #1991, #454, .T. ) ;
#1505 = ORIENTED_EDGE ( 'NONE', *, *, #177, .F. ) ;
#1506 = VECTOR ( 'NONE', #1084, 1000.000000000000000 ) ;
#1507 = DIRECTION ( 'NONE',  ( -1.000000000000000000, 8.850629979473506000E-017, 0.0000000000000000000 ) ) ;
#1508 = CARTESIAN_POINT ( 'NONE',  ( -1.975000000000000100, -0.2500000000000000000, 0.2800000000000000300 ) ) ;
#1509 = LINE ( 'NONE', #2358, #442 ) ;
#1510 = VERTEX_POINT ( 'NONE', #823 ) ;
#1511 = VERTEX_POINT ( 'NONE', #3078 ) ;
#1512 = DIRECTION ( 'NONE',  ( -0.0000000000000000000, -1.000000000000000000, -0.0000000000000000000 ) ) ;
#1513 = ADVANCED_FACE ( 'NONE', ( #2666 ), #2783, .F. ) ;
#1514 = EDGE_CURVE ( 'NONE', #3031, #1852, #413, .T. ) ;
#1515 = VECTOR ( 'NONE', #280, 1000.000000000000000 ) ;
#1516 = ORIENTED_EDGE ( 'NONE', *, *, #1452, .T. ) ;
#1517 = AXIS2_PLACEMENT_3D ( 'NONE', #1709, #316, #645 ) ;
#1518 = DIRECTION ( 'NONE',  ( 1.000000000000000000, -8.850629979473504800E-017, 0.0000000000000000000 ) ) ;
#1519 = VECTOR ( 'NONE', #2122, 1000.000000000000000 ) ;
#1520 = DIRECTION ( 'NONE',  ( 8.850629979473506000E-017, 1.000000000000000000, -0.0000000000000000000 ) ) ;
#1521 = DIRECTION ( 'NONE',  ( 0.0000000000000000000, 0.0000000000000000000, -1.000000000000000000 ) ) ;
#1522 = VECTOR ( 'NONE', #118, 1000.000000000000000 ) ;
#1523 = DIRECTION ( 'NONE',  ( -1.000000000000000000, 0.0000000000000000000, 0.0000000000000000000 ) ) ;
#1524 = CARTESIAN_POINT ( 'NONE',  ( -1.474496825787255900, -1.899496825787255500, 0.9000000000000000200 ) ) ;
#1525 = CARTESIAN_POINT ( 'NONE',  ( -1.705000000000001000, -3.049999999999999400, 0.2800000000000000300 ) ) ;
#1526 = VECTOR ( 'NONE', #699, 1000.000000000000000 ) ;
#1527 = EDGE_CURVE ( 'NONE', #88, #3010, #714, .T. ) ;
#1528 = VECTOR ( 'NONE', #3556, 1000.000000000000000 ) ;
#1529 = LINE ( 'NONE', #522, #3266 ) ;
#1530 = CARTESIAN_POINT ( 'NONE',  ( 1.704999999999998700, -2.490000000000000200, 0.2800000000000000300 ) ) ;
#1531 = VERTEX_POINT ( 'NONE', #2837 ) ;
#1532 = ORIENTED_EDGE ( 'NONE', *, *, #3144, .T. ) ;
#1533 = CARTESIAN_POINT ( 'NONE',  ( 2.310410196624968800, -0.1499999999999994100, 0.2800000000000000300 ) ) ;
#1534 = LINE ( 'NONE', #3046, #2597 ) ;
#1535 = DIRECTION ( 'NONE',  ( -1.000000000000000000, 0.0000000000000000000, 0.0000000000000000000 ) ) ;
#1536 = DIRECTION ( 'NONE',  ( -0.0000000000000000000, -0.0000000000000000000, -1.000000000000000000 ) ) ;
#1537 = VERTEX_POINT ( 'NONE', #2574 ) ;
#1538 = VECTOR ( 'NONE', #2584, 1000.000000000000000 ) ;
#1539 = DIRECTION ( 'NONE',  ( -1.000000000000000000, 5.838011697998866200E-016, 0.0000000000000000000 ) ) ;
#1540 = UNCERTAINTY_MEASURE_WITH_UNIT (LENGTH_MEASURE( 1.000000000000000100E-005 ), #2690, 'distance_accuracy_value', 'NONE');
#1541 = ORIENTED_EDGE ( 'NONE', *, *, #817, .F. ) ;
#1542 = ORIENTED_EDGE ( 'NONE', *, *, #199, .F. ) ;
#1543 = ORIENTED_EDGE ( 'NONE', *, *, #3243, .T. ) ;
#1544 = EDGE_LOOP ( 'NONE', ( #739, #1600, #1154, #2682 ) ) ;
#1545 = CARTESIAN_POINT ( 'NONE',  ( -0.8350000000000006300, 2.400000000000000400, 0.2800000000000000300 ) ) ;
#1546 = ORIENTED_EDGE ( 'NONE', *, *, #2812, .F. ) ;
#1548 = ORIENTED_EDGE ( 'NONE', *, *, #2519, .T. ) ;
#1547 = DIRECTION ( 'NONE',  ( 0.0000000000000000000, 0.0000000000000000000, -1.000000000000000000 ) ) ;
#1549 = CARTESIAN_POINT ( 'NONE',  ( 2.310410196624968800, -0.3500000000000005300, 0.2800000000000000300 ) ) ;
#1550 = LINE ( 'NONE', #1432, #2213 ) ;
#1551 = DIRECTION ( 'NONE',  ( -0.0000000000000000000, -0.0000000000000000000, -1.000000000000000000 ) ) ;
#1552 = FACE_OUTER_BOUND ( 'NONE', #1974, .T. ) ;
#1553 = ORIENTED_EDGE ( 'NONE', *, *, #1225, .T. ) ;
#1554 = EDGE_CURVE ( 'NONE', #2879, #1996, #2274, .T. ) ;
#1555 = CARTESIAN_POINT ( 'NONE',  ( -2.105000000000000000, -2.489999999999999800, 0.2800000000000000300 ) ) ;
#1556 = VECTOR ( 'NONE', #3077, 1000.000000000000000 ) ;
#1557 = ORIENTED_EDGE ( 'NONE', *, *, #2074, .F. ) ;
#1558 = DIRECTION ( 'NONE',  ( 0.0000000000000000000, 0.0000000000000000000, -1.000000000000000000 ) ) ;
#1559 = CARTESIAN_POINT ( 'NONE',  ( -2.575000000000000200, -0.1500000000000002400, 0.2800000000000000300 ) ) ;
#1560 = DIRECTION ( 'NONE',  ( -0.0000000000000000000, 1.000000000000000000, 0.0000000000000000000 ) ) ;
#1561 = AXIS2_PLACEMENT_3D ( 'NONE', #156, #1007, #751 ) ;
#1562 = AXIS2_PLACEMENT_3D ( 'NONE', #3538, #2383, #2695 ) ;
#1563 = ORIENTED_EDGE ( 'NONE', *, *, #652, .F. ) ;
#1564 = LINE ( 'NONE', #1788, #2898 ) ;
#1565 = CARTESIAN_POINT ( 'NONE',  ( -2.450000000000000600, 2.874999999999997800, 0.2800000000000000300 ) ) ;
#1566 = EDGE_CURVE ( 'NONE', #1511, #2126, #2855, .T. ) ;
#1567 = LINE ( 'NONE', #216, #2712 ) ;
#1568 = CARTESIAN_POINT ( 'NONE',  ( 1.704999999999999800, 2.874999999999999600, 1.000000000000000000 ) ) ;
#1569 =( NAMED_UNIT ( * ) PLANE_ANGLE_UNIT ( ) SI_UNIT ( $, .RADIAN. ) );
#1570 = CARTESIAN_POINT ( 'NONE',  ( -0.8350000000000001900, 3.050000000000000300, 0.0000000000000000000 ) ) ;
#1571 = EDGE_CURVE ( 'NONE', #3116, #2689, #3594, .T. ) ;
#1572 = DIRECTION ( 'NONE',  ( -0.0000000000000000000, -1.000000000000000000, -0.0000000000000000000 ) ) ;
#1573 = CYLINDRICAL_SURFACE ( 'NONE', #1061, 0.3500000000000000300 ) ;
#1574 = DIRECTION ( 'NONE',  ( 1.000000000000000000, -8.850629979473506000E-017, 0.0000000000000000000 ) ) ;
#1575 = EDGE_CURVE ( 'NONE', #1030, #3236, #2585, .T. ) ;
#1576 = EDGE_LOOP ( 'NONE', ( #2425, #3271, #1845, #3280 ) ) ;
#1577 = ORIENTED_EDGE ( 'NONE', *, *, #3590, .F. ) ;
#1578 = FACE_OUTER_BOUND ( 'NONE', #388, .T. ) ;
#1579 = PLANE ( 'NONE',  #1657 ) ;
#1580 = DIRECTION ( 'NONE',  ( 1.000000000000000000, 0.0000000000000000000, 0.0000000000000000000 ) ) ;
#1581 = ORIENTED_EDGE ( 'NONE', *, *, #1624, .F. ) ;
#1582 = DIRECTION ( 'NONE',  ( 0.0000000000000000000, 0.0000000000000000000, 1.000000000000000000 ) ) ;
#1583 = EDGE_CURVE ( 'NONE', #11, #559, #625, .T. ) ;
#1584 = CARTESIAN_POINT ( 'NONE',  ( -2.105000000000000000, -3.049999999999999800, 0.2800000000000000300 ) ) ;
#1585 = DIRECTION ( 'NONE',  ( -0.0000000000000000000, -1.000000000000000000, -0.0000000000000000000 ) ) ;
#1586 = ORIENTED_EDGE ( 'NONE', *, *, #3041, .T. ) ;
#1587 = EDGE_LOOP ( 'NONE', ( #1419, #249, #312, #1543 ) ) ;
#1588 = DIRECTION ( 'NONE',  ( -5.838011697998866200E-016, -1.000000000000000000, 0.0000000000000000000 ) ) ;
#1589 = PLANE ( 'NONE',  #23 ) ;
#1590 = ORIENTED_EDGE ( 'NONE', *, *, #3218, .T. ) ;
#1591 = VERTEX_POINT ( 'NONE', #1166 ) ;
#1592 = AXIS2_PLACEMENT_3D ( 'NONE', #1037, #3287, #1582 ) ;
#1593 = ORIENTED_EDGE ( 'NONE', *, *, #3455, .F. ) ;
#1594 = VECTOR ( 'NONE', #764, 1000.000000000000000 ) ;
#1595 = DIRECTION ( 'NONE',  ( 0.0000000000000000000, 0.0000000000000000000, -1.000000000000000000 ) ) ;
#1596 = CARTESIAN_POINT ( 'NONE',  ( 2.310410196624968800, -0.1499999999999994100, -0.0000000000000000000 ) ) ;
#1597 = DIRECTION ( 'NONE',  ( 3.872150616019656900E-016, 1.000000000000000000, 0.0000000000000000000 ) ) ;
#1598 = CARTESIAN_POINT ( 'NONE',  ( -1.975000000000000100, -0.2500000000000000000, 0.2800000000000000300 ) ) ;
#1599 = LINE ( 'NONE', #2329, #2932 ) ;
#1600 = ORIENTED_EDGE ( 'NONE', *, *, #2406, .F. ) ;
#1601 = EDGE_LOOP ( 'NONE', ( #2484, #879, #518, #1193 ) ) ;
#1602 = VECTOR ( 'NONE', #2268, 1000.000000000000000 ) ;
#1603 = ORIENTED_EDGE ( 'NONE', *, *, #531, .F. ) ;
#1604 = UNCERTAINTY_MEASURE_WITH_UNIT (LENGTH_MEASURE( 1.000000000000000100E-005 ), #3491, 'distance_accuracy_value', 'NONE');
#1605 = VECTOR ( 'NONE', #1518, 1000.000000000000000 ) ;
#1606 = CARTESIAN_POINT ( 'NONE',  ( -1.705000000000001000, -3.049999999999999400, 0.0000000000000000000 ) ) ;
#1607 = CARTESIAN_POINT ( 'NONE',  ( -2.450000000000000600, 2.875000000000000000, 0.0000000000000000000 ) ) ;
#1608 = CARTESIAN_POINT ( 'NONE',  ( 0.8350000000000000800, -3.049999999999999800, 0.2800000000000000300 ) ) ;
#1609 = AXIS2_PLACEMENT_3D ( 'NONE', #2649, #1262, #1523 ) ;
#1610 = DIRECTION ( 'NONE',  ( 0.0000000000000000000, 0.0000000000000000000, -1.000000000000000000 ) ) ;
#1611 = AXIS2_PLACEMENT_3D ( 'NONE', #3344, #1633, #1382 ) ;
#1612 = VECTOR ( 'NONE', #3121, 1000.000000000000000 ) ;
#1613 = VECTOR ( 'NONE', #979, 1000.000000000000000 ) ;
#1614 = EDGE_CURVE ( 'NONE', #2211, #1079, #2182, .T. ) ;
#1615 = LINE ( 'NONE', #2715, #548 ) ;
#1616 = LINE ( 'NONE', #1972, #117 ) ;
#1617 = ORIENTED_EDGE ( 'NONE', *, *, #214, .T. ) ;
#1618 = CARTESIAN_POINT ( 'NONE',  ( 2.575000000000000200, -0.3500000000000008700, -0.0000000000000000000 ) ) ;
#1619 = ORIENTED_EDGE ( 'NONE', *, *, #777, .T. ) ;
#1620 = CARTESIAN_POINT ( 'NONE',  ( 2.105000000000000000, -1.290000000000000300, -0.0000000000000000000 ) ) ;
#1621 = LINE ( 'NONE', #3314, #1968 ) ;
#1622 = DIRECTION ( 'NONE',  ( 0.0000000000000000000, -0.0000000000000000000, -1.000000000000000000 ) ) ;
#1623 = UNCERTAINTY_MEASURE_WITH_UNIT (LENGTH_MEASURE( 1.000000000000000100E-005 ), #1816, 'distance_accuracy_value', 'NONE');
#1624 = EDGE_CURVE ( 'NONE', #2553, #3108, #2364, .T. ) ;
#1625 = ADVANCED_FACE ( 'NONE', ( #1009 ), #322, .T. ) ;
#1626 = ORIENTED_EDGE ( 'NONE', *, *, #3358, .T. ) ;
#1627 = LINE ( 'NONE', #2893, #3230 ) ;
#1628 = ORIENTED_EDGE ( 'NONE', *, *, #1682, .T. ) ;
#1629 = ORIENTED_EDGE ( 'NONE', *, *, #2534, .F. ) ;
#1631 = VERTEX_POINT ( 'NONE', #2009 ) ;
#1630 = CARTESIAN_POINT ( 'NONE',  ( 1.705000000000000100, 3.049999999999999800, 0.2800000000000000300 ) ) ;
#1632 = AXIS2_PLACEMENT_3D ( 'NONE', #3520, #1560, #1784 ) ;
#1633 = DIRECTION ( 'NONE',  ( 0.0000000000000000000, 0.0000000000000000000, -1.000000000000000000 ) ) ;
#1634 = ORIENTED_EDGE ( 'NONE', *, *, #3352, .F. ) ;
#1635 = CARTESIAN_POINT ( 'NONE',  ( -0.8350000000000039600, -3.049999999999999400, 0.2800000000000000300 ) ) ;
#1636 = DIRECTION ( 'NONE',  ( -1.000000000000000000, 1.030120828964849800E-016, 0.0000000000000000000 ) ) ;
#1637 = LINE ( 'NONE', #96, #2121 ) ;
#1638 = LINE ( 'NONE', #1206, #2572 ) ;
#1639 = ORIENTED_EDGE ( 'NONE', *, *, #1431, .T. ) ;
#1640 = ADVANCED_FACE ( 'NONE', ( #2760 ), #611, .T. ) ;
#1641 = EDGE_CURVE ( 'NONE', #3395, #2105, #2096, .T. ) ;
#1642 = FACE_OUTER_BOUND ( 'NONE', #2777, .T. ) ;
#1643 = ORIENTED_EDGE ( 'NONE', *, *, #1739, .T. ) ;
#1644 = DIRECTION ( 'NONE',  ( -1.000000000000000000, 1.084202172485499900E-015, -0.0000000000000000000 ) ) ;
#1645 = DIRECTION ( 'NONE',  ( 1.457731973112512100E-016, -1.000000000000000000, -0.0000000000000000000 ) ) ;
#1646 = EDGE_CURVE ( 'NONE', #836, #2388, #2230, .T. ) ;
#1647 = DIRECTION ( 'NONE',  ( -1.000000000000000000, 0.0000000000000000000, 0.0000000000000000000 ) ) ;
#1648 = DIRECTION ( 'NONE',  ( -1.000000000000000000, 0.0000000000000000000, -0.0000000000000000000 ) ) ;
#1649 = VECTOR ( 'NONE', #3340, 1000.000000000000000 ) ;
#1650 = VECTOR ( 'NONE', #1716, 1000.000000000000000 ) ;
#1651 = CARTESIAN_POINT ( 'NONE',  ( -0.4350000000000000500, -3.049999999999999400, 0.0000000000000000000 ) ) ;
#1652 = AXIS2_PLACEMENT_3D ( 'NONE', #55, #878, #889 ) ;
#1653 = DIRECTION ( 'NONE',  ( 1.084202172485507000E-015, -1.000000000000000000, 0.0000000000000000000 ) ) ;
#1654 = CIRCLE ( 'NONE', #1675, 0.3500000000000000300 ) ;
#1655 = DIRECTION ( 'NONE',  ( 0.0000000000000000000, 0.0000000000000000000, -1.000000000000000000 ) ) ;
#1656 = CARTESIAN_POINT ( 'NONE',  ( 2.105000000000000400, 0.07496153618543835400, 0.2800000000000000300 ) ) ;
#1657 = AXIS2_PLACEMENT_3D ( 'NONE', #3553, #2711, #3014 ) ;
#1658 = ADVANCED_FACE ( 'NONE', ( #3039 ), #3405, .F. ) ;
#1659 = LINE ( 'NONE', #800, #549 ) ;
#1660 = FACE_OUTER_BOUND ( 'NONE', #1445, .T. ) ;
#1661 = ORIENTED_EDGE ( 'NONE', *, *, #1514, .T. ) ;
#1662 = EDGE_LOOP ( 'NONE', ( #3504, #1089, #404, #1282 ) ) ;
#1663 = FACE_OUTER_BOUND ( 'NONE', #478, .T. ) ;
#1664 = PLANE ( 'NONE',  #2511 ) ;
#1665 = VERTEX_POINT ( 'NONE', #2261 ) ;
#1666 = ORIENTED_EDGE ( 'NONE', *, *, #1955, .T. ) ;
#1667 = EDGE_CURVE ( 'NONE', #1335, #1465, #890, .T. ) ;
#1668 = EDGE_LOOP ( 'NONE', ( #1174, #2131, #2826, #1239 ) ) ;
#1669 = ORIENTED_EDGE ( 'NONE', *, *, #3470, .T. ) ;
#1670 = ORIENTED_EDGE ( 'NONE', *, *, #2377, .T. ) ;
#1671 = ORIENTED_EDGE ( 'NONE', *, *, #2049, .F. ) ;
#1672 = ORIENTED_EDGE ( 'NONE', *, *, #2325, .F. ) ;
#1673 = PRESENTATION_LAYER_ASSIGNMENT (  '', '', ( #2868 ) ) ;
#1674 = ADVANCED_FACE ( 'NONE', ( #2495 ), #3462, .T. ) ;
#1675 = AXIS2_PLACEMENT_3D ( 'NONE', #3356, #303, #2184 ) ;
#1676 = PRESENTATION_LAYER_ASSIGNMENT (  '', '', ( #256 ) ) ;
#1677 = DIRECTION ( 'NONE',  ( 1.000000000000000000, 0.0000000000000000000, 0.0000000000000000000 ) ) ;
#1678 = ORIENTED_EDGE ( 'NONE', *, *, #2313, .T. ) ;
#1679 = DIRECTION ( 'NONE',  ( -1.000000000000000000, 0.0000000000000000000, -0.0000000000000000000 ) ) ;
#1680 = DIRECTION ( 'NONE',  ( 1.000000000000000000, 0.0000000000000000000, 0.0000000000000000000 ) ) ;
#1681 = LINE ( 'NONE', #2139, #3414 ) ;
#1682 = EDGE_CURVE ( 'NONE', #3031, #56, #3081, .T. ) ;
#1683 = VECTOR ( 'NONE', #3214, 1000.000000000000000 ) ;
#1684 = ORIENTED_EDGE ( 'NONE', *, *, #2904, .F. ) ;
#1685 = ORIENTED_EDGE ( 'NONE', *, *, #1316, .T. ) ;
#1686 = DIRECTION ( 'NONE',  ( -0.0000000000000000000, 1.000000000000000000, 0.0000000000000000000 ) ) ;
#1687 = VECTOR ( 'NONE', #3272, 1000.000000000000000 ) ;
#1688 = ORIENTED_EDGE ( 'NONE', *, *, #3406, .F. ) ;
#1689 = EDGE_CURVE ( 'NONE', #472, #1930, #282, .T. ) ;
#1690 = DIRECTION ( 'NONE',  ( 0.0000000000000000000, 0.0000000000000000000, -1.000000000000000000 ) ) ;
#1691 = EDGE_CURVE ( 'NONE', #650, #59, #151, .T. ) ;
#1692 = CARTESIAN_POINT ( 'NONE',  ( -2.449999999999999700, -2.875000000000000000, 0.0000000000000000000 ) ) ;
#1693 = FACE_OUTER_BOUND ( 'NONE', #390, .T. ) ;
#1694 = ADVANCED_FACE ( 'NONE', ( #1267 ), #1738, .T. ) ;
#1695 = CARTESIAN_POINT ( 'NONE',  ( 1.704999999999998700, 2.399999999999999900, 0.2800000000000000300 ) ) ;
#1696 = VECTOR ( 'NONE', #1512, 1000.000000000000000 ) ;
#1697 = DIRECTION ( 'NONE',  ( -1.030120828964850000E-016, -1.000000000000000000, 0.0000000000000000000 ) ) ;
#1698 = EDGE_CURVE ( 'NONE', #3296, #3492, #804, .T. ) ;
#1699 = DIRECTION ( 'NONE',  ( 8.816950660323362300E-017, 0.9961946980917457700, 0.08715574274765601500 ) ) ;
#1700 = LINE ( 'NONE', #1494, #3174 ) ;
#1701 = CARTESIAN_POINT ( 'NONE',  ( 0.0000000000000000000, 0.0000000000000000000, 0.2800000000000000300 ) ) ;
#1702 = CYLINDRICAL_SURFACE ( 'NONE', #745, 0.3500000000000000300 ) ;
#1703 = VECTOR ( 'NONE', #2149, 1000.000000000000000 ) ;
#1704 = ORIENTED_EDGE ( 'NONE', *, *, #757, .F. ) ;
#1705 = CARTESIAN_POINT ( 'NONE',  ( 0.8350000000000000800, 2.874999999999997300, 0.2800000000000000300 ) ) ;
#1706 = ORIENTED_EDGE ( 'NONE', *, *, #2523, .F. ) ;
#1707 = ORIENTED_EDGE ( 'NONE', *, *, #2886, .T. ) ;
#1708 = VECTOR ( 'NONE', #2204, 1000.000000000000000 ) ;
#1709 = CARTESIAN_POINT ( 'NONE',  ( 0.8350000000000000800, 2.399999999999999900, 0.2800000000000000300 ) ) ;
#1710 = CARTESIAN_POINT ( 'NONE',  ( -2.105000000000000000, -3.049999999999999800, 0.0000000000000000000 ) ) ;
#1711 = ORIENTED_EDGE ( 'NONE', *, *, #3037, .T. ) ;
#1712 = VECTOR ( 'NONE', #3551, 1000.000000000000000 ) ;
#1713 = VERTEX_POINT ( 'NONE', #3163 ) ;
#1714 = ADVANCED_FACE ( 'NONE', ( #1915 ), #3484, .T. ) ;
#1715 = EDGE_CURVE ( 'NONE', #1531, #2483, #1430, .T. ) ;
#1716 = DIRECTION ( 'NONE',  ( 0.0000000000000000000, 0.0000000000000000000, -1.000000000000000000 ) ) ;
#1717 = DIRECTION ( 'NONE',  ( 1.000000000000000000, -8.850629979473506000E-017, 0.0000000000000000000 ) ) ;
#1718 = VERTEX_POINT ( 'NONE', #1749 ) ;
#1719 = EDGE_LOOP ( 'NONE', ( #3460, #1706, #227, #473 ) ) ;
#1720 = CARTESIAN_POINT ( 'NONE',  ( 2.105000000000000000, 3.049999999999999800, 0.2800000000000000300 ) ) ;
#1721 = VERTEX_POINT ( 'NONE', #383 ) ;
#1722 = CARTESIAN_POINT ( 'NONE',  ( 2.406651569938118600, -2.831651569938118800, 0.7754748228498950000 ) ) ;
#1723 = LINE ( 'NONE', #364, #1379 ) ;
#1724 =( GEOMETRIC_REPRESENTATION_CONTEXT ( 3 ) GLOBAL_UNCERTAINTY_ASSIGNED_CONTEXT ( ( #1359 ) ) GLOBAL_UNIT_ASSIGNED_CONTEXT ( ( #2862, #2963, #3485 ) ) REPRESENTATION_CONTEXT ( 'NONE', 'WORKASPACE' ) );
#1725 = DIRECTION ( 'NONE',  ( 6.672013369141566200E-016, 1.000000000000000000, 0.0000000000000000000 ) ) ;
#1726 = FACE_OUTER_BOUND ( 'NONE', #2683, .T. ) ;
#1727 = ORIENTED_EDGE ( 'NONE', *, *, #2960, .T. ) ;
#1728 = ORIENTED_EDGE ( 'NONE', *, *, #105, .F. ) ;
#1729 = DIRECTION ( 'NONE',  ( -1.000000000000000000, 1.030120828964849800E-016, 0.0000000000000000000 ) ) ;
#1730 =( NAMED_UNIT ( * ) SI_UNIT ( $, .STERADIAN. ) SOLID_ANGLE_UNIT ( ) );
#1731 = LINE ( 'NONE', #2234, #141 ) ;
#1733 = ORIENTED_EDGE ( 'NONE', *, *, #1029, .F. ) ;
#1732 = PLANE ( 'NONE',  #2349 ) ;
#1734 = ADVANCED_FACE ( 'NONE', ( #3339 ), #140, .F. ) ;
#1735 = CARTESIAN_POINT ( 'NONE',  ( 0.4349999999999962200, -2.874999999999997800, 0.2800000000000000300 ) ) ;
#1736 = VECTOR ( 'NONE', #3599, 1000.000000000000000 ) ;
#1737 = DIRECTION ( 'NONE',  ( -0.0000000000000000000, 1.000000000000000000, 0.0000000000000000000 ) ) ;
#1738 = CYLINDRICAL_SURFACE ( 'NONE', #3341, 0.3500000000000000300 ) ;
#1739 = EDGE_CURVE ( 'NONE', #3572, #492, #1831, .T. ) ;
#1740 = CARTESIAN_POINT ( 'NONE',  ( -2.105000000000000000, -2.489999999999999800, 0.0000000000000000000 ) ) ;
#1741 = DIRECTION ( 'NONE',  ( 1.000000000000000000, 0.0000000000000000000, 0.0000000000000000000 ) ) ;
#1742 = VECTOR ( 'NONE', #1536, 1000.000000000000000 ) ;
#1743 = PLANE ( 'NONE',  #2225 ) ;
#1744 = CARTESIAN_POINT ( 'NONE',  ( -1.975000000000000100, -0.2500000000000000000, 0.0000000000000000000 ) ) ;
#1745 = VECTOR ( 'NONE', #506, 1000.000000000000000 ) ;
#1746 = LINE ( 'NONE', #252, #2671 ) ;
#1747 = STYLED_ITEM ( 'NONE', ( #1956 ), #1279 ) ;
#1748 = ADVANCED_FACE ( 'NONE', ( #20 ), #2897, .F. ) ;
#1749 = CARTESIAN_POINT ( 'NONE',  ( -2.310410196624968800, -0.3499999999999999200, 0.0000000000000000000 ) ) ;
#1750 = ORIENTED_EDGE ( 'NONE', *, *, #974, .F. ) ;
#1751 = CARTESIAN_POINT ( 'NONE',  ( -2.105000000000000400, 0.07496153618543829900, 0.2800000000000000300 ) ) ;
#1752 = CARTESIAN_POINT ( 'NONE',  ( 0.4350000000000000500, 2.874999999999999600, 1.000000000000000000 ) ) ;
#1753 = LINE ( 'NONE', #2857, #3095 ) ;
#1754 = EDGE_CURVE ( 'NONE', #2550, #638, #1476, .T. ) ;
#1755 = DIRECTION ( 'NONE',  ( 0.0000000000000000000, 0.0000000000000000000, -1.000000000000000000 ) ) ;
#1756 = ORIENTED_EDGE ( 'NONE', *, *, #1861, .F. ) ;
#1757 = ORIENTED_EDGE ( 'NONE', *, *, #2240, .F. ) ;
#1758 = CARTESIAN_POINT ( 'NONE',  ( -1.705000000000001000, 2.400000000000000400, 0.0000000000000000000 ) ) ;
#1759 = CARTESIAN_POINT ( 'NONE',  ( 0.4349999999999961100, -3.049999999999999800, -0.0000000000000000000 ) ) ;
#1760 = EDGE_CURVE ( 'NONE', #467, #495, #368, .T. ) ;
#1761 = ORIENTED_EDGE ( 'NONE', *, *, #1689, .T. ) ;
#1762 = VERTEX_POINT ( 'NONE', #2078 ) ;
#1763 = EDGE_CURVE ( 'NONE', #735, #3141, #1564, .T. ) ;
#1764 = EDGE_LOOP ( 'NONE', ( #1499, #2112, #1809, #1408 ) ) ;
#1765 = ORIENTED_EDGE ( 'NONE', *, *, #3032, .F. ) ;
#1766 = VERTEX_POINT ( 'NONE', #3209 ) ;
#1767 = CARTESIAN_POINT ( 'NONE',  ( -1.975000000000000100, -0.2500000000000000000, 0.2800000000000000300 ) ) ;
#1768 = CARTESIAN_POINT ( 'NONE',  ( 0.8350000000000000800, -2.489999999999999800, 0.2800000000000000300 ) ) ;
#1769 = CARTESIAN_POINT ( 'NONE',  ( -0.4350000000000000500, -3.049999999999999400, 0.2800000000000000300 ) ) ;
#1770 = ADVANCED_FACE ( 'NONE', ( #107 ), #921, .T. ) ;
#1771 = VECTOR ( 'NONE', #3122, 1000.000000000000000 ) ;
#1772 = DIRECTION ( 'NONE',  ( 1.457731973112512100E-016, -1.000000000000000000, -0.0000000000000000000 ) ) ;
#1773 = EDGE_CURVE ( 'NONE', #3268, #2211, #3168, .T. ) ;
#1774 =( GEOMETRIC_REPRESENTATION_CONTEXT ( 3 ) GLOBAL_UNCERTAINTY_ASSIGNED_CONTEXT ( ( #264 ) ) GLOBAL_UNIT_ASSIGNED_CONTEXT ( ( #2635, #1501, #3232 ) ) REPRESENTATION_CONTEXT ( 'NONE', 'WORKASPACE' ) );
#1775 = VECTOR ( 'NONE', #112, 1000.000000000000000 ) ;
#1776 = ORIENTED_EDGE ( 'NONE', *, *, #171, .T. ) ;
#1777 = ORIENTED_EDGE ( 'NONE', *, *, #3367, .T. ) ;
#1778 = PLANE ( 'NONE',  #2247 ) ;
#1779 = LINE ( 'NONE', #263, #3506 ) ;
#1780 = EDGE_LOOP ( 'NONE', ( #1728, #1757, #1204, #1203 ) ) ;
#1781 = PRODUCT_CONTEXT ( 'NONE', #400, 'mechanical' ) ;
#1782 = DIRECTION ( 'NONE',  ( 0.0000000000000000000, 0.0000000000000000000, 1.000000000000000000 ) ) ;
#1783 = PRODUCT ( 'SOP Advance(N)', 'SOP Advance(N)', '', ( #1781 ) ) ;
#1784 = DIRECTION ( 'NONE',  ( 0.0000000000000000000, -0.0000000000000000000, 1.000000000000000000 ) ) ;
#1785 = LINE ( 'NONE', #445, #2942 ) ;
#1786 = VECTOR ( 'NONE', #2755, 1000.000000000000000 ) ;
#1787 = ADVANCED_FACE ( 'NONE', ( #844 ), #1778, .F. ) ;
#1788 = CARTESIAN_POINT ( 'NONE',  ( -0.8350000000000006300, 2.400000000000000400, 0.2800000000000000300 ) ) ;
#1789 = APPLICATION_PROTOCOL_DEFINITION ( 'draft international standard', 'automotive_design', 1998, #677 ) ;
#1790 = DIRECTION ( 'NONE',  ( 0.0000000000000000000, 0.0000000000000000000, -1.000000000000000000 ) ) ;
#1791 = LINE ( 'NONE', #2100, #980 ) ;
#1792 = CARTESIAN_POINT ( 'NONE',  ( 2.449999999999999700, 2.874999999999999600, 0.2799999999999729900 ) ) ;
#1793 = VERTEX_POINT ( 'NONE', #2311 ) ;
#1794 = AXIS2_PLACEMENT_3D ( 'NONE', #933, #108, #71 ) ;
#1795 = ORIENTED_EDGE ( 'NONE', *, *, #1452, .F. ) ;
#1796 = ORIENTED_EDGE ( 'NONE', *, *, #19, .F. ) ;
#1797 = VECTOR ( 'NONE', #255, 1000.000000000000000 ) ;
#1798 = MECHANICAL_DESIGN_GEOMETRIC_PRESENTATION_REPRESENTATION (  '', ( #930 ), #2297 ) ;
#1799 = AXIS2_PLACEMENT_3D ( 'NONE', #3357, #304, #3152 ) ;
#1800 = ORIENTED_EDGE ( 'NONE', *, *, #3428, .F. ) ;
#1801 = VECTOR ( 'NONE', #405, 1000.000000000000000 ) ;
#1802 = DIRECTION ( 'NONE',  ( -1.000000000000000000, 0.0000000000000000000, -0.0000000000000000000 ) ) ;
#1803 =( NAMED_UNIT ( * ) SI_UNIT ( $, .STERADIAN. ) SOLID_ANGLE_UNIT ( ) );
#1805 = CARTESIAN_POINT ( 'NONE',  ( -2.449999999999999700, -2.875000000000000000, 1.000000000000000000 ) ) ;
#1804 = PLANE ( 'NONE',  #1417 ) ;
#1806 = EDGE_CURVE ( 'NONE', #1246, #1233, #1101, .T. ) ;
#1807 = CARTESIAN_POINT ( 'NONE',  ( -2.310410196624968800, -0.3499999999999999200, 0.2800000000000000300 ) ) ;
#1808 = DIRECTION ( 'NONE',  ( -1.000000000000000000, 8.850629979473506000E-017, 0.0000000000000000000 ) ) ;
#1809 = ORIENTED_EDGE ( 'NONE', *, *, #2120, .F. ) ;
#1810 = ORIENTED_EDGE ( 'NONE', *, *, #2459, .T. ) ;
#1811 = CARTESIAN_POINT ( 'NONE',  ( -2.310410196624968800, -0.1500000000000000200, 0.2800000000000000300 ) ) ;
#1812 = CARTESIAN_POINT ( 'NONE',  ( 0.8350000000000000800, -3.049999999999999800, 0.2800000000000000300 ) ) ;
#1813 = EDGE_CURVE ( 'NONE', #3525, #2463, #756, .T. ) ;
#1814 = FACE_OUTER_BOUND ( 'NONE', #2976, .T. ) ;
#1815 = CARTESIAN_POINT ( 'NONE',  ( 2.105000000000000400, 0.07496153618543835400, 0.2800000000000000300 ) ) ;
#1816 =( LENGTH_UNIT ( ) NAMED_UNIT ( * ) SI_UNIT ( .MILLI., .METRE. ) );
#1817 = PLANE ( 'NONE',  #1264 ) ;
#1819 = ORIENTED_EDGE ( 'NONE', *, *, #2706, .T. ) ;
#1818 = DIRECTION ( 'NONE',  ( 0.0000000000000000000, 0.0000000000000000000, -1.000000000000000000 ) ) ;
#1820 = EDGE_LOOP ( 'NONE', ( #3534, #1292, #230, #729 ) ) ;
#1821 = CARTESIAN_POINT ( 'NONE',  ( 0.4349999999999998300, 3.050000000000000300, 0.2800000000000000300 ) ) ;
#1822 = DIRECTION ( 'NONE',  ( 1.000000000000000000, 0.0000000000000000000, 0.0000000000000000000 ) ) ;
#1823 = DIRECTION ( 'NONE',  ( 1.000000000000000000, -1.024417946814024500E-015, 0.0000000000000000000 ) ) ;
#1824 = EDGE_CURVE ( 'NONE', #2827, #638, #2806, .T. ) ;
#1825 = LINE ( 'NONE', #2254, #187 ) ;
#1826 = ORIENTED_EDGE ( 'NONE', *, *, #584, .T. ) ;
#1827 = FACE_OUTER_BOUND ( 'NONE', #795, .T. ) ;
#1828 = DIRECTION ( 'NONE',  ( -3.872150616019656900E-016, -1.000000000000000000, 0.0000000000000000000 ) ) ;
#1829 = CARTESIAN_POINT ( 'NONE',  ( -0.4350000000000000500, -2.489999999999999300, 0.2800000000000000300 ) ) ;
#1830 = CARTESIAN_POINT ( 'NONE',  ( 2.449999999999998400, -0.3500000000000007500, 0.2800000000000000300 ) ) ;
#1831 = LINE ( 'NONE', #2923, #3256 ) ;
#1832 = EDGE_CURVE ( 'NONE', #3270, #1631, #887, .T. ) ;
#1833 = DIRECTION ( 'NONE',  ( 1.000000000000000000, -8.850629979473504800E-017, 0.0000000000000000000 ) ) ;
#1834 = PLANE ( 'NONE',  #234 ) ;
#1835 = VECTOR ( 'NONE', #2226, 1000.000000000000000 ) ;
#1836 = EDGE_CURVE ( 'NONE', #815, #3395, #3210, .T. ) ;
#1837 = LINE ( 'NONE', #1287, #419 ) ;
#1838 = LINE ( 'NONE', #1083, #3263 ) ;
#1839 = DIRECTION ( 'NONE',  ( 0.0000000000000000000, 0.0000000000000000000, 1.000000000000000000 ) ) ;
#1840 = CARTESIAN_POINT ( 'NONE',  ( -2.105000000000000000, -1.289999999999999800, 0.2800000000000000300 ) ) ;
#1841 = LINE ( 'NONE', #1960, #2817 ) ;
#1842 = DIRECTION ( 'NONE',  ( -1.000000000000000000, 0.0000000000000000000, -0.0000000000000000000 ) ) ;
#1843 = DIRECTION ( 'NONE',  ( 1.000000000000000000, 0.0000000000000000000, 0.0000000000000000000 ) ) ;
#1844 = CARTESIAN_POINT ( 'NONE',  ( 0.8350000000000000800, -3.049999999999999800, -0.0000000000000000000 ) ) ;
#1845 = ORIENTED_EDGE ( 'NONE', *, *, #3342, .F. ) ;
#1846 = VECTOR ( 'NONE', #125, 1000.000000000000000 ) ;
#1847 = PLANE ( 'NONE',  #2467 ) ;
#1848 = AXIS2_PLACEMENT_3D ( 'NONE', #2971, #2680, #2984 ) ;
#1849 = DIRECTION ( 'NONE',  ( 1.000000000000000000, 0.0000000000000000000, 0.0000000000000000000 ) ) ;
#1850 = AXIS2_PLACEMENT_3D ( 'NONE', #1987, #86, #926 ) ;
#1851 = ORIENTED_EDGE ( 'NONE', *, *, #942, .F. ) ;
#1852 = VERTEX_POINT ( 'NONE', #711 ) ;
#1853 = VERTEX_POINT ( 'NONE', #1530 ) ;
#1854 = ORIENTED_EDGE ( 'NONE', *, *, #104, .T. ) ;
#1855 = ORIENTED_EDGE ( 'NONE', *, *, #1691, .F. ) ;
#1856 = CARTESIAN_POINT ( 'NONE',  ( -2.449999999999999700, -2.875000000000000000, 0.2799999999999728800 ) ) ;
#1857 = ORIENTED_EDGE ( 'NONE', *, *, #33, .T. ) ;
#1858 = CLOSED_SHELL ( 'NONE', ( #1898, #2796, #2272, #1373, #1658, #2480 ) ) ;
#1859 = CARTESIAN_POINT ( 'NONE',  ( 2.105000000000000400, -3.050000000000000300, 0.2800000000000000300 ) ) ;
#1860 = VECTOR ( 'NONE', #2187, 1000.000000000000000 ) ;
#1861 = EDGE_CURVE ( 'NONE', #3408, #2643, #411, .T. ) ;
#1862 = DIRECTION ( 'NONE',  ( -1.000000000000000000, 8.850629979473506000E-017, 0.0000000000000000000 ) ) ;
#1863 = LINE ( 'NONE', #962, #491 ) ;
#1864 = EDGE_LOOP ( 'NONE', ( #595, #1553, #2260, #3097 ) ) ;
#1865 = CARTESIAN_POINT ( 'NONE',  ( -1.705000000000000100, 2.874999999999997300, 0.2800000000000000300 ) ) ;
#1866 = CARTESIAN_POINT ( 'NONE',  ( -2.450000000000000600, 2.875000000000000000, 0.2799999999999729900 ) ) ;
#1867 = ORIENTED_EDGE ( 'NONE', *, *, #2064, .F. ) ;
#1868 = CARTESIAN_POINT ( 'NONE',  ( 2.105000000000000400, -2.490000000000000200, -0.0000000000000000000 ) ) ;
#1869 = CARTESIAN_POINT ( 'NONE',  ( -2.450000000000000600, 2.875000000000000000, 1.000000000000000000 ) ) ;
#1870 = CARTESIAN_POINT ( 'NONE',  ( -2.450000000000000200, -0.1500000000000003800, 1.000000000000000000 ) ) ;
#1871 = AXIS2_PLACEMENT_3D ( 'NONE', #546, #840, #2529 ) ;
#1872 = VECTOR ( 'NONE', #1284, 1000.000000000000000 ) ;
#1873 = EDGE_CURVE ( 'NONE', #2913, #833, #3120, .T. ) ;
#1874 = CARTESIAN_POINT ( 'NONE',  ( 1.704999999999998700, -2.490000000000000200, -0.0000000000000000000 ) ) ;
#1875 = DIRECTION ( 'NONE',  ( -1.000000000000000000, 8.850629979473504800E-017, 0.0000000000000000000 ) ) ;
#1876 = FACE_OUTER_BOUND ( 'NONE', #174, .T. ) ;
#1877 = EDGE_CURVE ( 'NONE', #2396, #692, #148, .T. ) ;
#1878 = PLANE ( 'NONE',  #2370 ) ;
#1879 = CARTESIAN_POINT ( 'NONE',  ( 2.105000000000000400, -3.050000000000000300, 0.2800000000000000300 ) ) ;
#1880 = DIRECTION ( 'NONE',  ( 1.000000000000000000, -6.146507680884146000E-016, 0.0000000000000000000 ) ) ;
#1881 = DIRECTION ( 'NONE',  ( -0.0000000000000000000, 1.000000000000000000, 0.0000000000000000000 ) ) ;
#1882 = EDGE_CURVE ( 'NONE', #509, #941, #3038, .T. ) ;
#1883 = LINE ( 'NONE', #1497, #1104 ) ;
#1884 = VECTOR ( 'NONE', #317, 1000.000000000000000 ) ;
#1885 = EDGE_LOOP ( 'NONE', ( #1256, #862, #1113, #3282 ) ) ;
#1886 = ORIENTED_EDGE ( 'NONE', *, *, #1095, .T. ) ;
#1887 = CLOSED_SHELL ( 'NONE', ( #1770, #1434, #1455, #1352, #854, #1640 ) ) ;
#1888 = VECTOR ( 'NONE', #1636, 1000.000000000000000 ) ;
#1889 = ORIENTED_EDGE ( 'NONE', *, *, #3118, .T. ) ;
#1890 = VECTOR ( 'NONE', #1772, 1000.000000000000000 ) ;
#1891 = ORIENTED_EDGE ( 'NONE', *, *, #1641, .F. ) ;
#1892 = DIRECTION ( 'NONE',  ( 0.0000000000000000000, -0.0000000000000000000, -1.000000000000000000 ) ) ;
#1893 = CARTESIAN_POINT ( 'NONE',  ( 1.975000000000000100, -0.2500000000000000000, 0.2800000000000000300 ) ) ;
#1894 = DIRECTION ( 'NONE',  ( 0.0000000000000000000, 0.0000000000000000000, -1.000000000000000000 ) ) ;
#1895 = CARTESIAN_POINT ( 'NONE',  ( 2.105000000000000000, 3.049999999999999800, 0.0000000000000000000 ) ) ;
#1896 = ORIENTED_EDGE ( 'NONE', *, *, #2347, .F. ) ;
#1897 = ORIENTED_EDGE ( 'NONE', *, *, #3398, .F. ) ;
#1898 = ADVANCED_FACE ( 'NONE', ( #1141 ), #991, .T. ) ;
#1899 = LINE ( 'NONE', #2037, #3153 ) ;
#1900 = DIRECTION ( 'NONE',  ( -1.000000000000000000, 8.850629979473506000E-017, 0.0000000000000000000 ) ) ;
#1901 = DIRECTION ( 'NONE',  ( 0.0000000000000000000, -0.0000000000000000000, -1.000000000000000000 ) ) ;
#1902 = CARTESIAN_POINT ( 'NONE',  ( -0.4350000000000000500, 2.400000000000000400, 0.2800000000000000300 ) ) ;
#1903 = EDGE_CURVE ( 'NONE', #797, #2573, #2627, .T. ) ;
#1904 = DIRECTION ( 'NONE',  ( 0.0000000000000000000, 0.0000000000000000000, -1.000000000000000000 ) ) ;
#1905 = DIRECTION ( 'NONE',  ( 1.024417946814024500E-015, -1.000000000000000000, 0.0000000000000000000 ) ) ;
#1906 = ORIENTED_EDGE ( 'NONE', *, *, #2476, .F. ) ;
#1907 = ORIENTED_EDGE ( 'NONE', *, *, #3179, .T. ) ;
#1908 = VECTOR ( 'NONE', #3021, 1000.000000000000000 ) ;
#1909 = ORIENTED_EDGE ( 'NONE', *, *, #114, .T. ) ;
#1910 = DIRECTION ( 'NONE',  ( 1.000000000000000000, 0.0000000000000000000, 0.0000000000000000000 ) ) ;
#1911 = PRODUCT_DEFINITION ( 'UNKNOWN', '', #2434, #1049 ) ;
#1912 = CARTESIAN_POINT ( 'NONE',  ( -1.474496825787255900, -1.899496825787255500, 0.9000000000000000200 ) ) ;
#1913 = CARTESIAN_POINT ( 'NONE',  ( 2.105000000000000400, -0.5749615361854383300, 0.2800000000000000300 ) ) ;
#1914 = MECHANICAL_DESIGN_GEOMETRIC_PRESENTATION_REPRESENTATION (  '', ( #2558 ), #3255 ) ;
#1915 = FACE_OUTER_BOUND ( 'NONE', #3309, .T. ) ;
#1916 = ADVANCED_FACE ( 'NONE', ( #2180 ), #3257, .F. ) ;
#1917 = LINE ( 'NONE', #460, #759 ) ;
#1918 = LINE ( 'NONE', #238, #2190 ) ;
#1919 = FACE_OUTER_BOUND ( 'NONE', #2032, .T. ) ;
#1920 = DIRECTION ( 'NONE',  ( 0.0000000000000000000, -0.0000000000000000000, 1.000000000000000000 ) ) ;
#1921 = ORIENTED_EDGE ( 'NONE', *, *, #2453, .F. ) ;
#1922 = CARTESIAN_POINT ( 'NONE',  ( 0.4349999999999978900, -2.526578276952814300E-016, -0.0000000000000000000 ) ) ;
#1923 = VECTOR ( 'NONE', #2994, 1000.000000000000000 ) ;
#1924 = CARTESIAN_POINT ( 'NONE',  ( 0.0000000000000000000, 0.0000000000000000000, 0.0000000000000000000 ) ) ;
#1925 = EDGE_CURVE ( 'NONE', #2060, #2089, #1223, .T. ) ;
#1926 = ORIENTED_EDGE ( 'NONE', *, *, #2215, .T. ) ;
#1927 = VECTOR ( 'NONE', #1551, 1000.000000000000000 ) ;
#1928 = ORIENTED_EDGE ( 'NONE', *, *, #3243, .F. ) ;
#1929 = ADVANCED_FACE ( 'NONE', ( #2541 ), #168, .T. ) ;
#1930 = VERTEX_POINT ( 'NONE', #1017 ) ;
#1932 = ORIENTED_EDGE ( 'NONE', *, *, #1698, .T. ) ;
#1931 = DIRECTION ( 'NONE',  ( -0.0000000000000000000, -0.0000000000000000000, -1.000000000000000000 ) ) ;
#1933 = AXIS2_PLACEMENT_3D ( 'NONE', #1073, #2512, #2201 ) ;
#1934 = AXIS2_PLACEMENT_3D ( 'NONE', #2815, #620, #3127 ) ;
#1935 = PLANE ( 'NONE',  #395 ) ;
#1936 = DIRECTION ( 'NONE',  ( 1.457731973112511900E-016, 1.000000000000000000, 0.0000000000000000000 ) ) ;
#1937 = ORIENTED_EDGE ( 'NONE', *, *, #896, .T. ) ;
#1938 = DIRECTION ( 'NONE',  ( -1.000000000000000000, 6.672013369141566200E-016, 0.0000000000000000000 ) ) ;
#1939 = EDGE_LOOP ( 'NONE', ( #599, #2441, #1346, #2287, #2800, #2782, #46, #39, #2293, #2073, #331, #1906, #2509, #825, #1542, #2704, #1035, #681, #1332, #986, #2607, #1090, #552, #2659, #42, #877, #3360, #2748 ) ) ;
#1940 = PLANE ( 'NONE',  #396 ) ;
#1941 = ORIENTED_EDGE ( 'NONE', *, *, #1571, .T. ) ;
#1942 = EDGE_CURVE ( 'NONE', #1078, #3281, #1785, .T. ) ;
#1943 = VECTOR ( 'NONE', #3105, 1000.000000000000000 ) ;
#1944 = EDGE_CURVE ( 'NONE', #2428, #2373, #712, .T. ) ;
#1945 = VECTOR ( 'NONE', #628, 1000.000000000000000 ) ;
#1946 = ORIENTED_EDGE ( 'NONE', *, *, #2284, .F. ) ;
#1947 = CARTESIAN_POINT ( 'NONE',  ( 1.704999999999998700, -3.049999999999999800, 0.2800000000000000300 ) ) ;
#1948 = DIRECTION ( 'NONE',  ( 0.0000000000000000000, 0.0000000000000000000, -1.000000000000000000 ) ) ;
#1949 = EDGE_CURVE ( 'NONE', #1718, #559, #1428, .T. ) ;
#1950 = CARTESIAN_POINT ( 'NONE',  ( 2.449999999999999700, 2.874999999999999600, 0.2799999999999729900 ) ) ;
#1951 = VECTOR ( 'NONE', #3566, 1000.000000000000000 ) ;
#1952 = ORIENTED_EDGE ( 'NONE', *, *, #3150, .T. ) ;
#1953 = ADVANCED_FACE ( 'NONE', ( #1693 ), #758, .F. ) ;
#1954 = VECTOR ( 'NONE', #977, 1000.000000000000000 ) ;
#1955 = EDGE_CURVE ( 'NONE', #2126, #641, #498, .T. ) ;
#1956 = PRESENTATION_STYLE_ASSIGNMENT (( #704 ) ) ;
#1957 = CARTESIAN_POINT ( 'NONE',  ( 2.105000000000000400, -2.875000000000000400, 0.0000000000000000000 ) ) ;
#1958 = DIRECTION ( 'NONE',  ( 6.065140421686077500E-016, 1.000000000000000000, 0.0000000000000000000 ) ) ;
#1959 = VECTOR ( 'NONE', #2352, 1000.000000000000000 ) ;
#1960 = CARTESIAN_POINT ( 'NONE',  ( 2.413059598729875100, 2.838059598729873600, 0.7022307186025149600 ) ) ;
#1961 = CIRCLE ( 'NONE', #440, 0.3500000000000000300 ) ;
#1962 = LINE ( 'NONE', #1722, #586 ) ;
#1963 = ORIENTED_EDGE ( 'NONE', *, *, #2566, .F. ) ;
#1964 = PRODUCT_DEFINITION_SHAPE ( 'NONE', 'NONE',  #1911 ) ;
#1965 = ADVANCED_FACE ( 'NONE', ( #2363 ), #1579, .T. ) ;
#1966 = ORIENTED_EDGE ( 'NONE', *, *, #3032, .T. ) ;
#1967 = ORIENTED_EDGE ( 'NONE', *, *, #361, .T. ) ;
#1968 = VECTOR ( 'NONE', #3334, 1000.000000000000000 ) ;
#1969 = CARTESIAN_POINT ( 'NONE',  ( -2.450000000000000200, -0.3500000000000000300, 1.000000000000000000 ) ) ;
#1970 = ORIENTED_EDGE ( 'NONE', *, *, #2663, .T. ) ;
#1971 = DIRECTION ( 'NONE',  ( -1.508455196501571400E-016, 1.000000000000000000, 0.0000000000000000000 ) ) ;
#1972 = CARTESIAN_POINT ( 'NONE',  ( 2.105000000000000000, -1.290000000000000300, -0.0000000000000000000 ) ) ;
#1973 = ORIENTED_EDGE ( 'NONE', *, *, #470, .T. ) ;
#1974 = EDGE_LOOP ( 'NONE', ( #1375, #2974, #3106, #1343 ) ) ;
#1975 = ORIENTED_EDGE ( 'NONE', *, *, #2006, .F. ) ;
#1976 = CARTESIAN_POINT ( 'NONE',  ( 2.575000000000000200, -0.3500000000000008700, -0.0000000000000000000 ) ) ;
#1977 = CARTESIAN_POINT ( 'NONE',  ( -0.4350000000000000500, 2.400000000000000400, 0.2800000000000000300 ) ) ;
#1978 = VERTEX_POINT ( 'NONE', #213 ) ;
#1979 = EDGE_LOOP ( 'NONE', ( #3075, #1967, #210, #346 ) ) ;
#1980 = EDGE_LOOP ( 'NONE', ( #128, #3205 ) ) ;
#1981 = AXIS2_PLACEMENT_3D ( 'NONE', #1022, #3567, #1875 ) ;
#1982 = PRESENTATION_LAYER_ASSIGNMENT (  '', '', ( #2696 ) ) ;
#1983 = DIRECTION ( 'NONE',  ( -1.000000000000000000, 0.0000000000000000000, -0.0000000000000000000 ) ) ;
#1984 = DIRECTION ( 'NONE',  ( -1.000000000000000000, 0.0000000000000000000, -0.0000000000000000000 ) ) ;
#1985 = CARTESIAN_POINT ( 'NONE',  ( 1.975000000000000100, -0.2500000000000000000, 0.2800000000000000300 ) ) ;
#1986 = FACE_OUTER_BOUND ( 'NONE', #3027, .T. ) ;
#1987 = CARTESIAN_POINT ( 'NONE',  ( -1.474496825787255900, -1.899496825787255500, 0.9000000000000000200 ) ) ;
#1988 = ADVANCED_FACE ( 'NONE', ( #236 ), #1308, .F. ) ;
#1989 = EDGE_CURVE ( 'NONE', #2573, #2172, #3589, .T. ) ;
#1990 = VECTOR ( 'NONE', #2652, 1000.000000000000000 ) ;
#1991 = VERTEX_POINT ( 'NONE', #1300 ) ;
#1992 = CARTESIAN_POINT ( 'NONE',  ( 2.105000000000000000, -1.290000000000000300, 0.2800000000000000300 ) ) ;
#1993 = ORIENTED_EDGE ( 'NONE', *, *, #2212, .F. ) ;
#1994 = DIRECTION ( 'NONE',  ( 8.850629979473504800E-017, 1.000000000000000000, -0.0000000000000000000 ) ) ;
#1995 = FACE_OUTER_BOUND ( 'NONE', #1668, .T. ) ;
#1996 = VERTEX_POINT ( 'NONE', #2692 ) ;
#1997 = DIRECTION ( 'NONE',  ( 0.0000000000000000000, -0.0000000000000000000, 1.000000000000000000 ) ) ;
#1998 = FACE_OUTER_BOUND ( 'NONE', #1764, .T. ) ;
#1999 = EDGE_CURVE ( 'NONE', #2105, #3453, #2371, .T. ) ;
#2000 = CARTESIAN_POINT ( 'NONE',  ( -2.105000000000000400, 0.07496153618543829900, 0.0000000000000000000 ) ) ;
#2001 = DIRECTION ( 'NONE',  ( -0.0000000000000000000, -0.0000000000000000000, -1.000000000000000000 ) ) ;
#2002 = CARTESIAN_POINT ( 'NONE',  ( 0.4349999999999964500, -2.489999999999999800, 0.2800000000000000300 ) ) ;
#2003 = VECTOR ( 'NONE', #555, 1000.000000000000000 ) ;
#2004 = PLANE ( 'NONE',  #137 ) ;
#2005 = AXIS2_PLACEMENT_3D ( 'NONE', #1120, #1347, #277 ) ;
#2006 = EDGE_CURVE ( 'NONE', #685, #3281, #1615, .T. ) ;
#2007 = ADVANCED_FACE ( 'NONE', ( #1062 ), #1057, .T. ) ;
#2008 = LINE ( 'NONE', #1568, #2053 ) ;
#2009 = CARTESIAN_POINT ( 'NONE',  ( -0.8350000000000038500, -2.874999999999997800, 0.2800000000000000300 ) ) ;
#2010 = LINE ( 'NONE', #2601, #3436 ) ;
#2011 = VECTOR ( 'NONE', #2227, 1000.000000000000000 ) ;
#2012 = ORIENTED_EDGE ( 'NONE', *, *, #3428, .T. ) ;
#2013 = DIRECTION ( 'NONE',  ( 0.0000000000000000000, 0.0000000000000000000, -1.000000000000000000 ) ) ;
#2014 = FACE_OUTER_BOUND ( 'NONE', #2430, .T. ) ;
#2015 = DIRECTION ( 'NONE',  ( 1.000000000000000000, -6.065140421686077500E-016, 0.0000000000000000000 ) ) ;
#2016 = PLANE ( 'NONE',  #441 ) ;
#2017 = EDGE_CURVE ( 'NONE', #3051, #1232, #897, .T. ) ;
#2018 = ORIENTED_EDGE ( 'NONE', *, *, #1098, .F. ) ;
#2019 = VECTOR ( 'NONE', #1253, 1000.000000000000000 ) ;
#2020 = DIRECTION ( 'NONE',  ( -5.808225924029485800E-016, -1.000000000000000000, 0.0000000000000000000 ) ) ;
#2021 = EDGE_CURVE ( 'NONE', #1126, #1793, #1152, .T. ) ;
#2022 = ORIENTED_EDGE ( 'NONE', *, *, #144, .F. ) ;
#2023 = CARTESIAN_POINT ( 'NONE',  ( 1.704999999999998700, -3.049999999999999800, 0.2800000000000000300 ) ) ;
#2024 = ORIENTED_EDGE ( 'NONE', *, *, #3294, .F. ) ;
#2025 = ORIENTED_EDGE ( 'NONE', *, *, #2859, .T. ) ;
#2026 = DIRECTION ( 'NONE',  ( 1.000000000000000000, 0.0000000000000000000, 0.0000000000000000000 ) ) ;
#2027 = ADVANCED_FACE ( 'NONE', ( #158 ), #231, .T. ) ;
#2028 = ORIENTED_EDGE ( 'NONE', *, *, #1504, .T. ) ;
#2029 = ORIENTED_EDGE ( 'NONE', *, *, #2663, .F. ) ;
#2030 = ORIENTED_EDGE ( 'NONE', *, *, #908, .T. ) ;
#2031 = DIRECTION ( 'NONE',  ( 5.838011697998866200E-016, 1.000000000000000000, 0.0000000000000000000 ) ) ;
#2032 = EDGE_LOOP ( 'NONE', ( #2119, #517, #3319, #211 ) ) ;
#2033 = AXIS2_PLACEMENT_3D ( 'NONE', #1635, #827, #545 ) ;
#2034 = VECTOR ( 'NONE', #2771, 1000.000000000000000 ) ;
#2035 = DIRECTION ( 'NONE',  ( 5.808225924029485800E-016, 1.000000000000000000, 0.0000000000000000000 ) ) ;
#2036 = ORIENTED_EDGE ( 'NONE', *, *, #177, .T. ) ;
#2037 = CARTESIAN_POINT ( 'NONE',  ( 0.8350000000000000800, 0.0000000000000000000, 0.0000000000000000000 ) ) ;
#2038 = CARTESIAN_POINT ( 'NONE',  ( -2.449999999999999700, -2.875000000000000000, 1.000000000000000000 ) ) ;
#2039 = VECTOR ( 'NONE', #1880, 1000.000000000000000 ) ;
#2041 = ORIENTED_EDGE ( 'NONE', *, *, #1503, .T. ) ;
#2040 = DIRECTION ( 'NONE',  ( 7.542275982507857100E-017, -1.000000000000000000, 0.0000000000000000000 ) ) ;
#2042 = DIRECTION ( 'NONE',  ( -1.000000000000000000, 8.850629979473504800E-017, 0.0000000000000000000 ) ) ;
#2043 = CARTESIAN_POINT ( 'NONE',  ( 2.105000000000000400, -0.5749615361854383300, 0.2800000000000000300 ) ) ;
#2044 = FACE_OUTER_BOUND ( 'NONE', #1601, .T. ) ;
#2045 = ORIENTED_EDGE ( 'NONE', *, *, #1763, .T. ) ;
#2046 = ADVANCED_FACE ( 'NONE', ( #2670 ), #504, .F. ) ;
#2047 = DIRECTION ( 'NONE',  ( 0.0000000000000000000, 0.0000000000000000000, -1.000000000000000000 ) ) ;
#2048 = VECTOR ( 'NONE', #180, 1000.000000000000000 ) ;
#2049 = EDGE_CURVE ( 'NONE', #2701, #815, #1438, .T. ) ;
#2050 = DIRECTION ( 'NONE',  ( 1.000000000000000000, 0.0000000000000000000, 0.0000000000000000000 ) ) ;
#2051 = DIRECTION ( 'NONE',  ( -1.000000000000000000, 8.850629979473506000E-017, 0.0000000000000000000 ) ) ;
#2052 = CARTESIAN_POINT ( 'NONE',  ( -1.705000000000001000, -2.489999999999999300, 0.2800000000000000300 ) ) ;
#2053 = VECTOR ( 'NONE', #2999, 1000.000000000000000 ) ;
#2054 = LINE ( 'NONE', #3443, #2716 ) ;
#2055 = AXIS2_PLACEMENT_3D ( 'NONE', #1508, #2647, #181 ) ;
#2056 = MECHANICAL_DESIGN_GEOMETRIC_PRESENTATION_REPRESENTATION (  '', ( #256 ), #2248 ) ;
#2057 = VECTOR ( 'NONE', #713, 1000.000000000000000 ) ;
#2058 = FACE_OUTER_BOUND ( 'NONE', #2724, .T. ) ;
#2059 = CARTESIAN_POINT ( 'NONE',  ( -2.449999999999999700, -2.875000000000000000, 0.2799999999999731000 ) ) ;
#2060 = VERTEX_POINT ( 'NONE', #3300 ) ;
#2061 = EDGE_LOOP ( 'NONE', ( #2068, #1069, #300, #3401 ) ) ;
#2062 = CARTESIAN_POINT ( 'NONE',  ( -2.105000000000000400, 0.07496153618543829900, 0.2800000000000000300 ) ) ;
#2063 = LINE ( 'NONE', #2140, #770 ) ;
#2064 = EDGE_CURVE ( 'NONE', #2863, #2396, #3048, .T. ) ;
#2065 = CARTESIAN_POINT ( 'NONE',  ( -1.705000000000001000, 2.400000000000000400, 0.2800000000000000300 ) ) ;
#2066 = ORIENTED_EDGE ( 'NONE', *, *, #543, .T. ) ;
#2067 = VERTEX_POINT ( 'NONE', #2127 ) ;
#2068 = ORIENTED_EDGE ( 'NONE', *, *, #1201, .T. ) ;
#2069 = ADVANCED_FACE ( 'NONE', ( #1184 ), #3003, .T. ) ;
#2070 = CARTESIAN_POINT ( 'NONE',  ( 2.105000000000000400, 0.07496153618543829900, 0.0000000000000000000 ) ) ;
#2071 = EDGE_CURVE ( 'NONE', #1996, #708, #1015, .T. ) ;
#2072 = ORIENTED_EDGE ( 'NONE', *, *, #1208, .T. ) ;
#2073 = ORIENTED_EDGE ( 'NONE', *, *, #959, .F. ) ;
#2074 = EDGE_CURVE ( 'NONE', #1467, #1405, #1272, .T. ) ;
#2075 = ORIENTED_EDGE ( 'NONE', *, *, #1949, .T. ) ;
#2076 = ORIENTED_EDGE ( 'NONE', *, *, #1527, .F. ) ;
#2077 = VERTEX_POINT ( 'NONE', #1311 ) ;
#2078 = CARTESIAN_POINT ( 'NONE',  ( 2.310410196624968800, -0.3500000000000005300, 0.0000000000000000000 ) ) ;
#2079 = PLANE ( 'NONE',  #2437 ) ;
#2080 = DIRECTION ( 'NONE',  ( 1.000000000000000000, 0.0000000000000000000, 0.0000000000000000000 ) ) ;
#2081 = CARTESIAN_POINT ( 'NONE',  ( 0.4349999999999964500, -2.489999999999999800, 0.2800000000000000300 ) ) ;
#2082 = VECTOR ( 'NONE', #16, 1000.000000000000000 ) ;
#2083 = FILL_AREA_STYLE_COLOUR ( '', #3203 ) ;
#2084 = EDGE_CURVE ( 'NONE', #2913, #3094, #1837, .T. ) ;
#2085 = FACE_OUTER_BOUND ( 'NONE', #2061, .T. ) ;
#2086 = ORIENTED_EDGE ( 'NONE', *, *, #1322, .T. ) ;
#2087 = ORIENTED_EDGE ( 'NONE', *, *, #384, .F. ) ;
#2088 = LINE ( 'NONE', #512, #1908 ) ;
#2089 = VERTEX_POINT ( 'NONE', #3308 ) ;
#2090 = PLANE ( 'NONE',  #1131 ) ;
#2091 = DIRECTION ( 'NONE',  ( 1.000000000000000000, -6.146507680884146000E-016, 0.0000000000000000000 ) ) ;
#2092 = CARTESIAN_POINT ( 'NONE',  ( -0.8350000000000037400, -2.489999999999999300, 0.2800000000000000300 ) ) ;
#2093 = DIRECTION ( 'NONE',  ( -0.08682659386424455800, -0.08682659386424428100, -0.9924325091389677400 ) ) ;
#2094 = VECTOR ( 'NONE', #737, 1000.000000000000000 ) ;
#2095 = EDGE_CURVE ( 'NONE', #472, #3453, #3390, .T. ) ;
#2096 = LINE ( 'NONE', #1429, #2710 ) ;
#2097 = CARTESIAN_POINT ( 'NONE',  ( -1.975000000000000100, -0.2500000000000000000, 0.2800000000000000300 ) ) ;
#2098 = LINE ( 'NONE', #3165, #2412 ) ;
#2099 = DIRECTION ( 'NONE',  ( 0.0000000000000000000, -0.0000000000000000000, 1.000000000000000000 ) ) ;
#2100 = CARTESIAN_POINT ( 'NONE',  ( 2.450000000000000200, -2.875000000000000400, 1.000000000000000000 ) ) ;
#2101 = VECTOR ( 'NONE', #2411, 1000.000000000000000 ) ;
#2102 = CARTESIAN_POINT ( 'NONE',  ( -0.4350000000000000500, -3.049999999999999400, 0.2800000000000000300 ) ) ;
#2103 = FACE_OUTER_BOUND ( 'NONE', #3074, .T. ) ;
#2104 = CARTESIAN_POINT ( 'NONE',  ( -0.4350000000000000500, 2.400000000000000400, 0.0000000000000000000 ) ) ;
#2105 = VERTEX_POINT ( 'NONE', #1868 ) ;
#2106 = PLANE ( 'NONE',  #1195 ) ;
#2107 = LINE ( 'NONE', #28, #1066 ) ;
#2108 = AXIS2_PLACEMENT_3D ( 'NONE', #170, #3190, #1782 ) ;
#2109 = VERTEX_POINT ( 'NONE', #2435 ) ;
#2110 = VECTOR ( 'NONE', #3242, 1000.000000000000000 ) ;
#2111 = CARTESIAN_POINT ( 'NONE',  ( -2.449999999999999700, -2.875000000000000000, 0.0000000000000000000 ) ) ;
#2112 = ORIENTED_EDGE ( 'NONE', *, *, #1824, .F. ) ;
#2113 = ORIENTED_EDGE ( 'NONE', *, *, #584, .F. ) ;
#2114 = ORIENTED_EDGE ( 'NONE', *, *, #3404, .T. ) ;
#2115 = CARTESIAN_POINT ( 'NONE',  ( 0.4349999999999994400, 2.399999999999999900, 0.2800000000000000300 ) ) ;
#2116 = CARTESIAN_POINT ( 'NONE',  ( -0.4350000000000000500, -3.049999999999999400, 0.0000000000000000000 ) ) ;
#2117 = EDGE_LOOP ( 'NONE', ( #2161, #226, #703, #2819 ) ) ;
#2118 = ORIENTED_EDGE ( 'NONE', *, *, #2902, .T. ) ;
#2119 = ORIENTED_EDGE ( 'NONE', *, *, #3358, .F. ) ;
#2120 = EDGE_CURVE ( 'NONE', #495, #2827, #1229, .T. ) ;
#2121 = VECTOR ( 'NONE', #2561, 1000.000000000000000 ) ;
#2122 = DIRECTION ( 'NONE',  ( 0.0000000000000000000, 0.0000000000000000000, -1.000000000000000000 ) ) ;
#2123 = CARTESIAN_POINT ( 'NONE',  ( -0.8350000000000039600, -3.049999999999999400, 0.2800000000000000300 ) ) ;
#2124 = LINE ( 'NONE', #1879, #2034 ) ;
#2125 = DIRECTION ( 'NONE',  ( -1.000000000000000000, 0.0000000000000000000, 0.0000000000000000000 ) ) ;
#2126 = VERTEX_POINT ( 'NONE', #1606 ) ;
#2127 = CARTESIAN_POINT ( 'NONE',  ( -2.387008162261334400, -2.812008162261335100, 1.000000000000000000 ) ) ;
#2128 = DIRECTION ( 'NONE',  ( -0.0000000000000000000, -0.0000000000000000000, -1.000000000000000000 ) ) ;
#2129 = DIRECTION ( 'NONE',  ( -1.024417946814024500E-015, -1.000000000000000000, 0.0000000000000000000 ) ) ;
#2130 = VECTOR ( 'NONE', #1910, 1000.000000000000000 ) ;
#2131 = ORIENTED_EDGE ( 'NONE', *, *, #347, .F. ) ;
#2132 = LINE ( 'NONE', #2911, #2752 ) ;
#2133 = EDGE_CURVE ( 'NONE', #1721, #3328, #1918, .T. ) ;
#2134 = DIRECTION ( 'NONE',  ( 1.000000000000000000, 0.0000000000000000000, 0.0000000000000000000 ) ) ;
#2135 = CARTESIAN_POINT ( 'NONE',  ( -0.4350000000000000500, -2.875000000000000400, 0.0000000000000000000 ) ) ;
#2136 = VECTOR ( 'NONE', #2672, 1000.000000000000000 ) ;
#2137 = DIRECTION ( 'NONE',  ( 0.0000000000000000000, 0.0000000000000000000, -1.000000000000000000 ) ) ;
#2138 = EDGE_CURVE ( 'NONE', #463, #2105, #2953, .T. ) ;
#2139 = CARTESIAN_POINT ( 'NONE',  ( -2.105000000000000000, -2.875000000000000000, 1.000000000000000000 ) ) ;
#2140 = CARTESIAN_POINT ( 'NONE',  ( -2.575000000000000200, -0.1500000000000002400, 0.2800000000000000300 ) ) ;
#2141 = LINE ( 'NONE', #435, #2499 ) ;
#2142 = EDGE_CURVE ( 'NONE', #2158, #345, #241, .T. ) ;
#2143 = LINE ( 'NONE', #1234, #2858 ) ;
#2144 = CARTESIAN_POINT ( 'NONE',  ( -2.105000000000000000, 2.874999999999997300, 0.2800000000000000300 ) ) ;
#2145 = SURFACE_STYLE_FILL_AREA ( #886 ) ;
#2146 = FILL_AREA_STYLE ('',( #2980 ) ) ;
#2147 = EDGE_LOOP ( 'NONE', ( #1928, #272, #139, #1403 ) ) ;
#2148 = AXIS2_PLACEMENT_3D ( 'NONE', #3162, #3416, #3131 ) ;
#2149 = DIRECTION ( 'NONE',  ( -0.0000000000000000000, -1.000000000000000000, -0.0000000000000000000 ) ) ;
#2150 = VERTEX_POINT ( 'NONE', #1705 ) ;
#2151 = DIRECTION ( 'NONE',  ( 0.0000000000000000000, 0.0000000000000000000, 1.000000000000000000 ) ) ;
#2152 = AXIS2_PLACEMENT_3D ( 'NONE', #64, #3424, #1464 ) ;
#2153 = ORIENTED_EDGE ( 'NONE', *, *, #709, .T. ) ;
#2154 = ORIENTED_EDGE ( 'NONE', *, *, #2982, .F. ) ;
#2155 = VERTEX_POINT ( 'NONE', #1168 ) ;
#2156 = EDGE_LOOP ( 'NONE', ( #1295, #3490, #843, #3156 ) ) ;
#2157 = VERTEX_POINT ( 'NONE', #2502 ) ;
#2158 = VERTEX_POINT ( 'NONE', #3142 ) ;
#2159 = EDGE_LOOP ( 'NONE', ( #89, #243, #1855, #2154 ) ) ;
#2161 = ORIENTED_EDGE ( 'NONE', *, *, #220, .T. ) ;
#2160 = SURFACE_STYLE_USAGE ( .BOTH. , #1271 ) ;
#2162 = DIRECTION ( 'NONE',  ( 1.000000000000000000, -0.0000000000000000000, 0.0000000000000000000 ) ) ;
#2163 = CARTESIAN_POINT ( 'NONE',  ( 1.704999999999998700, -2.875000000000000400, 0.0000000000000000000 ) ) ;
#2164 = DIRECTION ( 'NONE',  ( -6.065140421686081400E-016, 1.000000000000000000, 0.0000000000000000000 ) ) ;
#2165 = DIRECTION ( 'NONE',  ( -1.508455196501571400E-016, 1.000000000000000000, 0.0000000000000000000 ) ) ;
#2166 = LINE ( 'NONE', #453, #1463 ) ;
#2167 = LINE ( 'NONE', #2404, #310 ) ;
#2168 = ORIENTED_EDGE ( 'NONE', *, *, #1836, .T. ) ;
#2169 = ORIENTED_EDGE ( 'NONE', *, *, #2444, .T. ) ;
#2170 = DIRECTION ( 'NONE',  ( -0.0000000000000000000, -0.0000000000000000000, 1.000000000000000000 ) ) ;
#2171 = FACE_OUTER_BOUND ( 'NONE', #2117, .T. ) ;
#2172 = VERTEX_POINT ( 'NONE', #389 ) ;
#2173 = DIRECTION ( 'NONE',  ( 0.0000000000000000000, 0.0000000000000000000, -1.000000000000000000 ) ) ;
#2174 = CARTESIAN_POINT ( 'NONE',  ( 0.8350000000000000800, 2.875000000000000000, 0.0000000000000000000 ) ) ;
#2175 = CARTESIAN_POINT ( 'NONE',  ( -0.4350000000000000500, 2.400000000000000400, 0.0000000000000000000 ) ) ;
#2176 = AXIS2_PLACEMENT_3D ( 'NONE', #776, #3018, #2705 ) ;
#2177 = PLANE ( 'NONE',  #1489 ) ;
#2178 = AXIS2_PLACEMENT_3D ( 'NONE', #465, #2681, #197 ) ;
#2179 = ADVANCED_FACE ( 'NONE', ( #2593 ), #1448, .T. ) ;
#2180 = FACE_OUTER_BOUND ( 'NONE', #1939, .T. ) ;
#2181 = EDGE_CURVE ( 'NONE', #3094, #901, #806, .T. ) ;
#2182 = CIRCLE ( 'NONE', #2895, 0.5000000000000001100 ) ;
#2183 = CARTESIAN_POINT ( 'NONE',  ( 0.4349999999999964500, -2.489999999999999800, -0.0000000000000000000 ) ) ;
#2184 = DIRECTION ( 'NONE',  ( -1.000000000000000000, 0.0000000000000000000, 0.0000000000000000000 ) ) ;
#2185 = LINE ( 'NONE', #202, #676 ) ;
#2186 = DIRECTION ( 'NONE',  ( 4.984837574646000400E-016, 1.000000000000000000, 0.0000000000000000000 ) ) ;
#2187 = DIRECTION ( 'NONE',  ( -1.508455196501571400E-016, 1.000000000000000000, 0.0000000000000000000 ) ) ;
#2188 = DIRECTION ( 'NONE',  ( 0.0000000000000000000, 0.0000000000000000000, -1.000000000000000000 ) ) ;
#2189 = EDGE_CURVE ( 'NONE', #1930, #2622, #3347, .T. ) ;
#2190 = VECTOR ( 'NONE', #2040, 1000.000000000000000 ) ;
#2191 = LINE ( 'NONE', #2563, #2723 ) ;
#2192 = ORIENTED_EDGE ( 'NONE', *, *, #1280, .T. ) ;
#2193 = UNCERTAINTY_MEASURE_WITH_UNIT (LENGTH_MEASURE( 1.000000000000000100E-005 ), #2851, 'distance_accuracy_value', 'NONE');
#2194 = LINE ( 'NONE', #1870, #902 ) ;
#2195 = ADVANCED_FACE ( 'NONE', ( #2634 ), #1732, .F. ) ;
#2196 = ORIENTED_EDGE ( 'NONE', *, *, #2347, .T. ) ;
#2197 = FACE_OUTER_BOUND ( 'NONE', #1238, .T. ) ;
#2198 = DIRECTION ( 'NONE',  ( -0.0000000000000000000, 1.000000000000000000, 0.0000000000000000000 ) ) ;
#2199 = AXIS2_PLACEMENT_3D ( 'NONE', #809, #1108, #1997 ) ;
#2200 = EDGE_CURVE ( 'NONE', #3268, #774, #3597, .T. ) ;
#2201 = DIRECTION ( 'NONE',  ( -1.000000000000000000, 0.0000000000000000000, -0.0000000000000000000 ) ) ;
#2202 = ORIENTED_EDGE ( 'NONE', *, *, #2988, .F. ) ;
#2203 = CARTESIAN_POINT ( 'NONE',  ( 0.8350000000000000800, -2.875000000000000400, 0.0000000000000000000 ) ) ;
#2204 = DIRECTION ( 'NONE',  ( -0.0000000000000000000, -0.0000000000000000000, -1.000000000000000000 ) ) ;
#2205 = ORIENTED_EDGE ( 'NONE', *, *, #3325, .F. ) ;
#2206 = CARTESIAN_POINT ( 'NONE',  ( -2.105000000000000000, -1.289999999999999800, 0.2800000000000000300 ) ) ;
#2207 = EDGE_LOOP ( 'NONE', ( #1777, #955, #1288, #2018 ) ) ;
#2208 = ORIENTED_EDGE ( 'NONE', *, *, #596, .F. ) ;
#2209 = ORIENTED_EDGE ( 'NONE', *, *, #1667, .F. ) ;
#2210 = VERTEX_POINT ( 'NONE', #1189 ) ;
#2211 = VERTEX_POINT ( 'NONE', #343 ) ;
#2212 = EDGE_CURVE ( 'NONE', #836, #941, #2010, .T. ) ;
#2213 = VECTOR ( 'NONE', #944, 1000.000000000000000 ) ;
#2214 = CARTESIAN_POINT ( 'NONE',  ( -2.105000000000000000, -1.289999999999999800, 0.2800000000000000300 ) ) ;
#2215 = EDGE_CURVE ( 'NONE', #1510, #784, #374, .T. ) ;
#2216 = DIRECTION ( 'NONE',  ( 1.000000000000000000, 7.542275982507857100E-017, -0.0000000000000000000 ) ) ;
#2217 = CARTESIAN_POINT ( 'NONE',  ( -2.105000000000000000, 3.050000000000000300, 0.2800000000000000300 ) ) ;
#2218 = VECTOR ( 'NONE', #462, 1000.000000000000000 ) ;
#2219 = ORIENTED_EDGE ( 'NONE', *, *, #662, .F. ) ;
#2220 = ADVANCED_FACE ( 'NONE', ( #2860 ), #100, .F. ) ;
#2221 = CIRCLE ( 'NONE', #2152, 0.3500000000000000300 ) ;
#2222 = ORIENTED_EDGE ( 'NONE', *, *, #842, .T. ) ;
#2223 = FACE_OUTER_BOUND ( 'NONE', #646, .T. ) ;
#2224 = CARTESIAN_POINT ( 'NONE',  ( -2.105000000000000000, -3.049999999999999800, 0.0000000000000000000 ) ) ;
#2225 = AXIS2_PLACEMENT_3D ( 'NONE', #1992, #2015, #344 ) ;
#2226 = DIRECTION ( 'NONE',  ( -1.000000000000000000, 8.850629979473504800E-017, 0.0000000000000000000 ) ) ;
#2227 = DIRECTION ( 'NONE',  ( 1.000000000000000000, 6.146507680884146000E-016, 0.0000000000000000000 ) ) ;
#2228 = PRESENTATION_LAYER_ASSIGNMENT (  '', '', ( #930 ) ) ;
#2229 = DIRECTION ( 'NONE',  ( 1.000000000000000000, -8.850629979473506000E-017, 0.0000000000000000000 ) ) ;
#2230 = LINE ( 'NONE', #3137, #1612 ) ;
#2231 = FACE_OUTER_BOUND ( 'NONE', #3139, .T. ) ;
#2232 = ADVANCED_FACE ( 'NONE', ( #3305 ), #3166, .T. ) ;
#2233 = LINE ( 'NONE', #3497, #1613 ) ;
#2234 = CARTESIAN_POINT ( 'NONE',  ( 2.387008162261334400, 2.874999999999999600, 1.000000000000000000 ) ) ;
#2235 = CARTESIAN_POINT ( 'NONE',  ( 0.4349999999999998300, 3.050000000000000300, 0.0000000000000000000 ) ) ;
#2236 = LINE ( 'NONE', #1172, #2955 ) ;
#2237 = CARTESIAN_POINT ( 'NONE',  ( -2.105000000000000000, -1.289999999999999800, 0.2800000000000000300 ) ) ;
#2238 = DIRECTION ( 'NONE',  ( 1.000000000000000000, -6.065140421686077500E-016, 0.0000000000000000000 ) ) ;
#2239 = ORIENTED_EDGE ( 'NONE', *, *, #417, .F. ) ;
#2240 = EDGE_CURVE ( 'NONE', #1134, #2917, #2762, .T. ) ;
#2241 = EDGE_LOOP ( 'NONE', ( #3561, #3450, #2765, #1669 ) ) ;
#2242 = VECTOR ( 'NONE', #3107, 1000.000000000000000 ) ;
#2243 = ORIENTED_EDGE ( 'NONE', *, *, #1698, .F. ) ;
#2244 = ORIENTED_EDGE ( 'NONE', *, *, #2200, .T. ) ;
#2245 = VERTEX_POINT ( 'NONE', #2316 ) ;
#2246 = ORIENTED_EDGE ( 'NONE', *, *, #831, .F. ) ;
#2247 = AXIS2_PLACEMENT_3D ( 'NONE', #3441, #2387, #1247 ) ;
#2248 =( GEOMETRIC_REPRESENTATION_CONTEXT ( 3 ) GLOBAL_UNCERTAINTY_ASSIGNED_CONTEXT ( ( #2193 ) ) GLOBAL_UNIT_ASSIGNED_CONTEXT ( ( #2851, #604, #340 ) ) REPRESENTATION_CONTEXT ( 'NONE', 'WORKASPACE' ) );
#2249 = VERTEX_POINT ( 'NONE', #653 ) ;
#2250 = ORIENTED_EDGE ( 'NONE', *, *, #3288, .T. ) ;
#2251 = ORIENTED_EDGE ( 'NONE', *, *, #2642, .T. ) ;
#2252 = ADVANCED_FACE ( 'NONE', ( #3128 ), #935, .F. ) ;
#2253 = EDGE_CURVE ( 'NONE', #784, #3328, #1883, .T. ) ;
#2254 = CARTESIAN_POINT ( 'NONE',  ( -0.4350000000000000500, -3.049999999999999400, 0.2800000000000000300 ) ) ;
#2255 = CARTESIAN_POINT ( 'NONE',  ( -0.4350000000000000500, -3.049999999999999400, 0.0000000000000000000 ) ) ;
#2256 = LINE ( 'NONE', #3332, #3073 ) ;
#2257 = DIRECTION ( 'NONE',  ( -6.065140421686081400E-016, 1.000000000000000000, 0.0000000000000000000 ) ) ;
#2258 = EDGE_CURVE ( 'NONE', #1299, #1991, #3559, .T. ) ;
#2259 = VECTOR ( 'NONE', #1011, 1000.000000000000000 ) ;
#2260 = ORIENTED_EDGE ( 'NONE', *, *, #1273, .T. ) ;
#2261 = CARTESIAN_POINT ( 'NONE',  ( -2.575000000000000200, -0.3500000000000002000, 0.0000000000000000000 ) ) ;
#2262 = EDGE_LOOP ( 'NONE', ( #2208, #2243, #2296, #3005 ) ) ;
#2263 = EDGE_CURVE ( 'NONE', #355, #747, #1791, .T. ) ;
#2264 = CARTESIAN_POINT ( 'NONE',  ( 1.704999999999998700, -2.490000000000000200, -0.0000000000000000000 ) ) ;
#2265 = DIRECTION ( 'NONE',  ( -1.000000000000000000, 0.0000000000000000000, 0.0000000000000000000 ) ) ;
#2266 = LINE ( 'NONE', #2510, #835 ) ;
#2267 = ORIENTED_EDGE ( 'NONE', *, *, #888, .T. ) ;
#2268 = DIRECTION ( 'NONE',  ( 2.001604010742469700E-015, 1.000000000000000000, 0.0000000000000000000 ) ) ;
#2269 = DIRECTION ( 'NONE',  ( 1.508455196501571400E-016, -1.000000000000000000, 0.0000000000000000000 ) ) ;
#2270 = VECTOR ( 'NONE', #1839, 1000.000000000000000 ) ;
#2271 = EDGE_CURVE ( 'NONE', #80, #334, #284, .T. ) ;
#2272 = ADVANCED_FACE ( 'NONE', ( #1317 ), #679, .T. ) ;
#2273 = CARTESIAN_POINT ( 'NONE',  ( -2.449999999999999700, -2.875000000000000000, 0.2799999999999731000 ) ) ;
#2274 = LINE ( 'NONE', #624, #3467 ) ;
#2275 = DIRECTION ( 'NONE',  ( 0.0000000000000000000, 0.0000000000000000000, -1.000000000000000000 ) ) ;
#2276 = DIRECTION ( 'NONE',  ( 0.0000000000000000000, 0.0000000000000000000, -1.000000000000000000 ) ) ;
#2277 = LINE ( 'NONE', #1545, #1526 ) ;
#2278 = CARTESIAN_POINT ( 'NONE',  ( -2.105000000000000000, -2.489999999999999800, 0.2800000000000000300 ) ) ;
#2279 = VECTOR ( 'NONE', #1337, 1000.000000000000000 ) ;
#2280 = VECTOR ( 'NONE', #499, 1000.000000000000000 ) ;
#2281 = ORIENTED_EDGE ( 'NONE', *, *, #283, .F. ) ;
#2282 = PLANE ( 'NONE',  #2148 ) ;
#2283 = EDGE_LOOP ( 'NONE', ( #562, #1907, #1031, #2818 ) ) ;
#2284 = EDGE_CURVE ( 'NONE', #3307, #3488, #1961, .T. ) ;
#2285 = VECTOR ( 'NONE', #744, 1000.000000000000000 ) ;
#2286 = DIRECTION ( 'NONE',  ( -6.065140421686077500E-016, -1.000000000000000000, -0.0000000000000000000 ) ) ;
#2287 = ORIENTED_EDGE ( 'NONE', *, *, #2836, .F. ) ;
#2288 = CIRCLE ( 'NONE', #3415, 0.3500000000000000300 ) ;
#2289 = DIRECTION ( 'NONE',  ( -1.000000000000000000, 0.0000000000000000000, -0.0000000000000000000 ) ) ;
#2290 = ADVANCED_FACE ( 'NONE', ( #2505 ), #1702, .F. ) ;
#2291 = EDGE_LOOP ( 'NONE', ( #2873, #1277, #2613, #1626, #2030, #1334, #2153, #425, #3229, #2736, #1857, #773, #391, #1819, #3438, #2341, #1516, #1889, #1678, #2114, #2889, #533, #2650, #1639, #2028, #2192, #3274, #686 ) ) ;
#2292 = CARTESIAN_POINT ( 'NONE',  ( 0.4349999999999998300, 3.050000000000000300, 0.2800000000000000300 ) ) ;
#2293 = ORIENTED_EDGE ( 'NONE', *, *, #30, .F. ) ;
#2294 = ORIENTED_EDGE ( 'NONE', *, *, #488, .T. ) ;
#2295 = EDGE_LOOP ( 'NONE', ( #3584, #1896, #1, #948 ) ) ;
#2296 = ORIENTED_EDGE ( 'NONE', *, *, #1391, .T. ) ;
#2297 =( GEOMETRIC_REPRESENTATION_CONTEXT ( 3 ) GLOBAL_UNCERTAINTY_ASSIGNED_CONTEXT ( ( #1540 ) ) GLOBAL_UNIT_ASSIGNED_CONTEXT ( ( #2690, #1569, #183 ) ) REPRESENTATION_CONTEXT ( 'NONE', 'WORKASPACE' ) );
#2298 = ORIENTED_EDGE ( 'NONE', *, *, #3585, .F. ) ;
#2299 = CARTESIAN_POINT ( 'NONE',  ( -1.474496825787255900, -1.899496825787255500, 1.000000000000000000 ) ) ;
#2300 = CARTESIAN_POINT ( 'NONE',  ( -2.450000000000000600, -0.1500000000000001600, 0.0000000000000000000 ) ) ;
#2301 = DIRECTION ( 'NONE',  ( -1.457731973112511900E-016, -1.000000000000000000, 0.0000000000000000000 ) ) ;
#2302 = VECTOR ( 'NONE', #911, 1000.000000000000000 ) ;
#2303 = CARTESIAN_POINT ( 'NONE',  ( -1.705000000000001000, 2.400000000000000400, 0.0000000000000000000 ) ) ;
#2304 = LINE ( 'NONE', #3020, #2739 ) ;
#2305 = ORIENTED_EDGE ( 'NONE', *, *, #2714, .F. ) ;
#2306 = CARTESIAN_POINT ( 'NONE',  ( -2.105000000000000000, -1.289999999999999800, 0.0000000000000000000 ) ) ;
#2307 = MANIFOLD_SOLID_BREP ( 'Lead2', #1858 ) ;
#2308 = VECTOR ( 'NONE', #250, 1000.000000000000000 ) ;
#2309 = VERTEX_POINT ( 'NONE', #2952 ) ;
#2310 = ADVANCED_FACE ( 'NONE', ( #2044 ), #2900, .T. ) ;
#2311 = CARTESIAN_POINT ( 'NONE',  ( -0.4350000000000000500, 3.050000000000000300, 0.0000000000000000000 ) ) ;
#2312 = COLOUR_RGB ( '',1.000000000000000000, 1.000000000000000000, 1.000000000000000000 ) ;
#2313 = EDGE_CURVE ( 'NONE', #859, #992, #1005, .T. ) ;
#2314 = DIRECTION ( 'NONE',  ( 0.0000000000000000000, 0.0000000000000000000, -1.000000000000000000 ) ) ;
#2315 = CARTESIAN_POINT ( 'NONE',  ( -2.105000000000000400, -0.5749615361854384400, 0.2800000000000000300 ) ) ;
#2316 = CARTESIAN_POINT ( 'NONE',  ( 2.450000000000000200, -0.3500000000000007500, 0.0000000000000000000 ) ) ;
#2317 = CARTESIAN_POINT ( 'NONE',  ( 0.4349999999999961700, -2.875000000000000400, 1.000000000000000000 ) ) ;
#2318 = VECTOR ( 'NONE', #2035, 1000.000000000000000 ) ;
#2319 = DIRECTION ( 'NONE',  ( 5.838011697998866200E-016, 1.000000000000000000, 0.0000000000000000000 ) ) ;
#2320 = VECTOR ( 'NONE', #265, 1000.000000000000000 ) ;
#2321 = CARTESIAN_POINT ( 'NONE',  ( 2.105000000000000400, -0.5749615361854383300, 0.2800000000000000300 ) ) ;
#2322 = COLOUR_RGB ( '',1.000000000000000000, 1.000000000000000000, 1.000000000000000000 ) ;
#2323 = VECTOR ( 'NONE', #778, 1000.000000000000000 ) ;
#2324 = CARTESIAN_POINT ( 'NONE',  ( -2.449999999999999700, -2.875000000000000000, 0.0000000000000000000 ) ) ;
#2325 = EDGE_CURVE ( 'NONE', #334, #1793, #2132, .T. ) ;
#2326 = DIRECTION ( 'NONE',  ( 1.000000000000000000, 0.0000000000000000000, 0.0000000000000000000 ) ) ;
#2327 = ADVANCED_FACE ( 'NONE', ( #1998 ), #412, .F. ) ;
#2328 = VECTOR ( 'NONE', #755, 1000.000000000000000 ) ;
#2329 = CARTESIAN_POINT ( 'NONE',  ( -0.8350000000000039600, -3.049999999999999400, 0.0000000000000000000 ) ) ;
#2330 = ORIENTED_EDGE ( 'NONE', *, *, #3535, .T. ) ;
#2331 = DIRECTION ( 'NONE',  ( -1.000000000000000000, -6.146507680884146000E-016, 0.0000000000000000000 ) ) ;
#2332 = EDGE_CURVE ( 'NONE', #1405, #2483, #1389, .T. ) ;
#2333 = ORIENTED_EDGE ( 'NONE', *, *, #710, .F. ) ;
#2334 = LINE ( 'NONE', #1278, #1927 ) ;
#2335 = EDGE_CURVE ( 'NONE', #738, #3402, #1261, .T. ) ;
#2336 = ORIENTED_EDGE ( 'NONE', *, *, #104, .F. ) ;
#2337 = VERTEX_POINT ( 'NONE', #1807 ) ;
#2338 = CARTESIAN_POINT ( 'NONE',  ( 0.4349999999999961100, -3.049999999999999800, 0.2800000000000000300 ) ) ;
#2339 = ORIENTED_EDGE ( 'NONE', *, *, #2829, .T. ) ;
#2340 = FILL_AREA_STYLE ('',( #2874 ) ) ;
#2341 = ORIENTED_EDGE ( 'NONE', *, *, #2431, .T. ) ;
#2342 = DIRECTION ( 'NONE',  ( -0.0000000000000000000, -0.0000000000000000000, -1.000000000000000000 ) ) ;
#2343 = ORIENTED_EDGE ( 'NONE', *, *, #3336, .F. ) ;
#2344 = ORIENTED_EDGE ( 'NONE', *, *, #817, .T. ) ;
#2345 = ORIENTED_EDGE ( 'NONE', *, *, #2699, .F. ) ;
#2346 = DIRECTION ( 'NONE',  ( 1.508455196501571400E-016, -1.000000000000000000, 0.0000000000000000000 ) ) ;
#2347 = EDGE_CURVE ( 'NONE', #72, #1511, #494, .T. ) ;
#2348 = AXIS2_PLACEMENT_3D ( 'NONE', #2797, #1118, #2165 ) ;
#2349 = AXIS2_PLACEMENT_3D ( 'NONE', #3445, #2876, #1111 ) ;
#2350 = FACE_OUTER_BOUND ( 'NONE', #649, .T. ) ;
#2351 = ADVANCED_FACE ( 'NONE', ( #1305 ), #1249, .F. ) ;
#2352 = DIRECTION ( 'NONE',  ( -0.0000000000000000000, -0.0000000000000000000, -1.000000000000000000 ) ) ;
#2353 = SURFACE_STYLE_FILL_AREA ( #430 ) ;
#2355 = VERTEX_POINT ( 'NONE', #403 ) ;
#2354 = DIRECTION ( 'NONE',  ( -1.000000000000000000, 0.0000000000000000000, 0.0000000000000000000 ) ) ;
#2356 = EDGE_LOOP ( 'NONE', ( #514, #589, #2738, #818 ) ) ;
#2357 = DIRECTION ( 'NONE',  ( 0.0000000000000000000, 1.000000000000000000, 0.0000000000000000000 ) ) ;
#2358 = CARTESIAN_POINT ( 'NONE',  ( -2.450000000000000600, 2.812008162261334200, 1.000000000000000000 ) ) ;
#2359 = DIRECTION ( 'NONE',  ( 8.850629979473506000E-017, 1.000000000000000000, -0.0000000000000000000 ) ) ;
#2360 = LINE ( 'NONE', #1695, #1602 ) ;
#2361 = EDGE_LOOP ( 'NONE', ( #2686, #1198, #820, #1761 ) ) ;
#2362 = DIRECTION ( 'NONE',  ( 2.001604010742469700E-015, 1.000000000000000000, 0.0000000000000000000 ) ) ;
#2363 = FACE_OUTER_BOUND ( 'NONE', #3147, .T. ) ;
#2364 = LINE ( 'NONE', #3429, #2407 ) ;
#2365 = DIRECTION ( 'NONE',  ( 0.0000000000000000000, -0.0000000000000000000, 1.000000000000000000 ) ) ;
#2366 = CARTESIAN_POINT ( 'NONE',  ( -2.105000000000000400, -0.5749615361854384400, 0.0000000000000000000 ) ) ;
#2367 = CARTESIAN_POINT ( 'NONE',  ( 2.310410196624968800, -0.3500000000000005900, 0.2800000000000000300 ) ) ;
#2368 = PRESENTATION_STYLE_ASSIGNMENT (( #970 ) ) ;
#2369 = AXIS2_PLACEMENT_3D ( 'NONE', #1072, #2740, #3040 ) ;
#2370 = AXIS2_PLACEMENT_3D ( 'NONE', #232, #3019, #508 ) ;
#2371 = LINE ( 'NONE', #1315, #2722 ) ;
#2372 = FACE_OUTER_BOUND ( 'NONE', #429, .T. ) ;
#2373 = VERTEX_POINT ( 'NONE', #1830 ) ;
#2374 = ORIENTED_EDGE ( 'NONE', *, *, #1456, .T. ) ;
#2375 = DIRECTION ( 'NONE',  ( -1.000000000000000000, 0.0000000000000000000, -0.0000000000000000000 ) ) ;
#2376 = LINE ( 'NONE', #3291, #3440 ) ;
#2377 = EDGE_CURVE ( 'NONE', #3222, #1510, #406, .T. ) ;
#2378 = DIRECTION ( 'NONE',  ( 1.000000000000000000, -0.0000000000000000000, 0.0000000000000000000 ) ) ;
#2379 = DIRECTION ( 'NONE',  ( 0.0000000000000000000, -0.0000000000000000000, 1.000000000000000000 ) ) ;
#2380 = EDGE_LOOP ( 'NONE', ( #443, #2281, #1364, #647 ) ) ;
#2381 = LINE ( 'NONE', #1759, #3006 ) ;
#2382 = CARTESIAN_POINT ( 'NONE',  ( 2.105000000000000400, -0.5749615361854383300, -0.0000000000000000000 ) ) ;
#2383 = DIRECTION ( 'NONE',  ( 1.000000000000000000, -0.0000000000000000000, 0.0000000000000000000 ) ) ;
#2384 = EDGE_CURVE ( 'NONE', #3108, #1996, #314, .T. ) ;
#2385 = ORIENTED_EDGE ( 'NONE', *, *, #853, .T. ) ;
#2386 = ORIENTED_EDGE ( 'NONE', *, *, #1144, .T. ) ;
#2387 = DIRECTION ( 'NONE',  ( 0.0000000000000000000, 0.0000000000000000000, -1.000000000000000000 ) ) ;
#2388 = VERTEX_POINT ( 'NONE', #1286 ) ;
#2389 = CARTESIAN_POINT ( 'NONE',  ( -0.8350000000000001900, 3.050000000000000300, 0.0000000000000000000 ) ) ;
#2390 = LINE ( 'NONE', #1212, #651 ) ;
#2391 = DIRECTION ( 'NONE',  ( -6.065140421686081400E-016, 1.000000000000000000, 0.0000000000000000000 ) ) ;
#2392 = AXIS2_PLACEMENT_3D ( 'NONE', #2624, #387, #958 ) ;
#2393 = PLANE ( 'NONE',  #2178 ) ;
#2394 = AXIS2_PLACEMENT_3D ( 'NONE', #3477, #669, #2331 ) ;
#2395 = LINE ( 'NONE', #3558, #2979 ) ;
#2396 = VERTEX_POINT ( 'NONE', #2135 ) ;
#2397 = DIRECTION ( 'NONE',  ( 0.0000000000000000000, 0.0000000000000000000, -1.000000000000000000 ) ) ;
#2398 = CIRCLE ( 'NONE', #1107, 0.3500000000000000300 ) ;
#2399 = ORIENTED_EDGE ( 'NONE', *, *, #455, .T. ) ;
#2400 = DIRECTION ( 'NONE',  ( -1.000000000000000000, 1.024417946814024500E-015, -0.0000000000000000000 ) ) ;
#2401 = LINE ( 'NONE', #1008, #1137 ) ;
#2402 = EDGE_CURVE ( 'NONE', #2622, #2701, #572, .T. ) ;
#2403 = CARTESIAN_POINT ( 'NONE',  ( -0.8350000000000037400, -2.489999999999999300, 0.2800000000000000300 ) ) ;
#2404 = CARTESIAN_POINT ( 'NONE',  ( -1.705000000000001000, 2.400000000000000400, 0.2800000000000000300 ) ) ;
#2405 = DIRECTION ( 'NONE',  ( -0.0000000000000000000, -1.000000000000000000, -0.0000000000000000000 ) ) ;
#2406 = EDGE_CURVE ( 'NONE', #2602, #3114, #3425, .T. ) ;
#2407 = VECTOR ( 'NONE', #81, 1000.000000000000000 ) ;
#2408 = VECTOR ( 'NONE', #3069, 1000.000000000000000 ) ;
#2409 = CARTESIAN_POINT ( 'NONE',  ( -0.4350000000000000500, 2.400000000000000400, 0.2800000000000000300 ) ) ;
#2410 = CARTESIAN_POINT ( 'NONE',  ( 2.450000000000000200, -0.1499999999999995200, 0.2799999999999729900 ) ) ;
#2411 = DIRECTION ( 'NONE',  ( 0.0000000000000000000, -0.0000000000000000000, -1.000000000000000000 ) ) ;
#2412 = VECTOR ( 'NONE', #1213, 1000.000000000000000 ) ;
#2413 = CARTESIAN_POINT ( 'NONE',  ( -2.450000000000000600, 2.874999999999997800, 0.2800000000000000300 ) ) ;
#2414 = FACE_OUTER_BOUND ( 'NONE', #689, .T. ) ;
#2415 = STYLED_ITEM ( 'NONE', ( #876 ), #3087 ) ;
#2416 = FACE_OUTER_BOUND ( 'NONE', #3015, .T. ) ;
#2417 = ORIENTED_EDGE ( 'NONE', *, *, #733, .T. ) ;
#2418 = LINE ( 'NONE', #3411, #1538 ) ;
#2419 = MANIFOLD_SOLID_BREP ( 'Lead5-8', #865 ) ;
#2420 = CARTESIAN_POINT ( 'NONE',  ( -2.310410196624968800, -0.3499999999999999200, 0.0000000000000000000 ) ) ;
#2421 = ORIENTED_EDGE ( 'NONE', *, *, #842, .F. ) ;
#2422 = CARTESIAN_POINT ( 'NONE',  ( -0.8350000000000037400, -2.489999999999999300, 0.0000000000000000000 ) ) ;
#2423 = DIRECTION ( 'NONE',  ( 1.000000000000000000, -8.850629979473506000E-017, 0.0000000000000000000 ) ) ;
#2424 = DIRECTION ( 'NONE',  ( 0.0000000000000000000, 0.0000000000000000000, -1.000000000000000000 ) ) ;
#2425 = ORIENTED_EDGE ( 'NONE', *, *, #1646, .T. ) ;
#2426 = ORIENTED_EDGE ( 'NONE', *, *, #1925, .F. ) ;
#2427 = CARTESIAN_POINT ( 'NONE',  ( -0.4350000000000000500, 3.050000000000000300, 0.2800000000000000300 ) ) ;
#2428 = VERTEX_POINT ( 'NONE', #2410 ) ;
#2429 = ORIENTED_EDGE ( 'NONE', *, *, #214, .F. ) ;
#2430 = EDGE_LOOP ( 'NONE', ( #927, #142, #768, #1973 ) ) ;
#2431 = EDGE_CURVE ( 'NONE', #1459, #571, #273, .T. ) ;
#2432 = LINE ( 'NONE', #2810, #2794 ) ;
#2433 = VERTEX_POINT ( 'NONE', #497 ) ;
#2434 = PRODUCT_DEFINITION_FORMATION_WITH_SPECIFIED_SOURCE ( 'ANY', '', #1783, .NOT_KNOWN. ) ;
#2435 = CARTESIAN_POINT ( 'NONE',  ( -1.704999999999999800, 3.050000000000000300, 0.0000000000000000000 ) ) ;
#2436 = DIRECTION ( 'NONE',  ( -0.0000000000000000000, -0.0000000000000000000, -1.000000000000000000 ) ) ;
#2437 = AXIS2_PLACEMENT_3D ( 'NONE', #457, #1270, #192 ) ;
#2438 = CARTESIAN_POINT ( 'NONE',  ( -2.105000000000000000, 3.050000000000000300, 0.2800000000000000300 ) ) ;
#2439 = LINE ( 'NONE', #102, #3155 ) ;
#2440 = ORIENTED_EDGE ( 'NONE', *, *, #3159, .T. ) ;
#2441 = ORIENTED_EDGE ( 'NONE', *, *, #3513, .F. ) ;
#2442 = LINE ( 'NONE', #1866, #968 ) ;
#2443 = ORIENTED_EDGE ( 'NONE', *, *, #3601, .T. ) ;
#2444 = EDGE_CURVE ( 'NONE', #1200, #297, #3076, .T. ) ;
#2445 = CARTESIAN_POINT ( 'NONE',  ( 0.4349999999999961100, -3.049999999999999800, 0.2800000000000000300 ) ) ;
#2446 = VECTOR ( 'NONE', #3247, 1000.000000000000000 ) ;
#2447 = CARTESIAN_POINT ( 'NONE',  ( 0.4349999999999994400, 2.399999999999999900, 0.0000000000000000000 ) ) ;
#2448 = EDGE_CURVE ( 'NONE', #610, #72, #2804, .T. ) ;
#2449 = CARTESIAN_POINT ( 'NONE',  ( -0.8350000000000006300, 2.400000000000000400, 0.2800000000000000300 ) ) ;
#2450 = PLANE ( 'NONE',  #536 ) ;
#2451 = CARTESIAN_POINT ( 'NONE',  ( 2.449999999999999700, 2.874999999999999600, 0.0000000000000000000 ) ) ;
#2452 = LINE ( 'NONE', #1366, #578 ) ;
#2453 = EDGE_CURVE ( 'NONE', #3541, #605, #2442, .T. ) ;
#2454 = LINE ( 'NONE', #143, #978 ) ;
#2455 = SURFACE_STYLE_FILL_AREA ( #2924 ) ;
#2456 = LINE ( 'NONE', #3435, #31 ) ;
#2457 = CARTESIAN_POINT ( 'NONE',  ( -0.8350000000000037400, -2.489999999999999300, 0.0000000000000000000 ) ) ;
#2458 = ORIENTED_EDGE ( 'NONE', *, *, #2095, .F. ) ;
#2459 = EDGE_CURVE ( 'NONE', #2483, #1200, #621, .T. ) ;
#2460 = DIRECTION ( 'NONE',  ( 1.000000000000000000, 0.0000000000000000000, 0.0000000000000000000 ) ) ;
#2461 = VERTEX_POINT ( 'NONE', #740 ) ;
#2462 = DIRECTION ( 'NONE',  ( 0.0000000000000000000, 0.0000000000000000000, -1.000000000000000000 ) ) ;
#2463 = VERTEX_POINT ( 'NONE', #752 ) ;
#2464 = LINE ( 'NONE', #861, #1708 ) ;
#2465 = CARTESIAN_POINT ( 'NONE',  ( -2.310410196624968800, -0.1500000000000000200, 0.2800000000000000300 ) ) ;
#2466 = CARTESIAN_POINT ( 'NONE',  ( -0.8350000000000039600, -3.049999999999999400, 0.2800000000000000300 ) ) ;
#2467 = AXIS2_PLACEMENT_3D ( 'NONE', #2115, #1539, #1588 ) ;
#2468 = DIRECTION ( 'NONE',  ( -0.0000000000000000000, -0.0000000000000000000, -1.000000000000000000 ) ) ;
#2469 = VERTEX_POINT ( 'NONE', #2422 ) ;
#2470 = VECTOR ( 'NONE', #2319, 1000.000000000000000 ) ;
#2471 = ORIENTED_EDGE ( 'NONE', *, *, #2181, .F. ) ;
#2472 = ORIENTED_EDGE ( 'NONE', *, *, #270, .F. ) ;
#2474 = ORIENTED_EDGE ( 'NONE', *, *, #3057, .F. ) ;
#2473 = DIRECTION ( 'NONE',  ( -1.000000000000000000, -6.065140421686081400E-016, 0.0000000000000000000 ) ) ;
#2475 = CARTESIAN_POINT ( 'NONE',  ( 0.8350000000000000800, 2.399999999999999900, 0.0000000000000000000 ) ) ;
#2476 = EDGE_CURVE ( 'NONE', #868, #1293, #2401, .T. ) ;
#2477 = CARTESIAN_POINT ( 'NONE',  ( 0.8350000000000000800, -2.489999999999999800, -0.0000000000000000000 ) ) ;
#2478 = DIRECTION ( 'NONE',  ( 0.0000000000000000000, 0.0000000000000000000, -1.000000000000000000 ) ) ;
#2479 = DIRECTION ( 'NONE',  ( 1.000000000000000000, 1.024417946814024500E-015, 0.0000000000000000000 ) ) ;
#2480 = ADVANCED_FACE ( 'NONE', ( #3252 ), #2676, .T. ) ;
#2481 = VECTOR ( 'NONE', #639, 1000.000000000000000 ) ;
#2482 = LINE ( 'NONE', #656, #3112 ) ;
#2483 = VERTEX_POINT ( 'NONE', #1874 ) ;
#2484 = ORIENTED_EDGE ( 'NONE', *, *, #3200, .F. ) ;
#2485 = CARTESIAN_POINT ( 'NONE',  ( -2.105000000000000000, -2.875000000000000400, 0.0000000000000000000 ) ) ;
#2486 = FACE_OUTER_BOUND ( 'NONE', #3526, .T. ) ;
#2487 = ORIENTED_EDGE ( 'NONE', *, *, #409, .F. ) ;
#2488 = CARTESIAN_POINT ( 'NONE',  ( -2.105000000000000000, -3.049999999999999800, 0.2800000000000000300 ) ) ;
#2489 = PLANE ( 'NONE',  #3323 ) ;
#2490 = DIRECTION ( 'NONE',  ( 1.000000000000000000, -8.850629979473504800E-017, 0.0000000000000000000 ) ) ;
#2491 = PLANE ( 'NONE',  #3111 ) ;
#2492 = AXIS2_PLACEMENT_3D ( 'NONE', #616, #1433, #353 ) ;
#2493 = DIRECTION ( 'NONE',  ( 1.457731973112511900E-016, 1.000000000000000000, 0.0000000000000000000 ) ) ;
#2494 = LINE ( 'NONE', #2457, #1736 ) ;
#2495 = FACE_OUTER_BOUND ( 'NONE', #3193, .T. ) ;
#2496 = ADVANCED_FACE ( 'NONE', ( #2582 ), #2703, .F. ) ;
#2497 = DIRECTION ( 'NONE',  ( 0.0000000000000000000, 0.0000000000000000000, -1.000000000000000000 ) ) ;
#2498 = DIRECTION ( 'NONE',  ( 0.0000000000000000000, 0.0000000000000000000, 1.000000000000000000 ) ) ;
#2499 = VECTOR ( 'NONE', #2983, 1000.000000000000000 ) ;
#2500 = DIRECTION ( 'NONE',  ( 0.0000000000000000000, 0.0000000000000000000, -1.000000000000000000 ) ) ;
#2501 = DIRECTION ( 'NONE',  ( -7.542275982507857100E-017, 1.000000000000000000, 0.0000000000000000000 ) ) ;
#2502 = CARTESIAN_POINT ( 'NONE',  ( 0.4349999999999998300, 3.050000000000000300, 0.2800000000000000300 ) ) ;
#2503 = CARTESIAN_POINT ( 'NONE',  ( -2.105000000000000400, 0.07496153618543829900, 0.2800000000000000300 ) ) ;
#2504 = EDGE_CURVE ( 'NONE', #1500, #3094, #1779, .T. ) ;
#2505 = FACE_OUTER_BOUND ( 'NONE', #3192, .T. ) ;
#2506 = VECTOR ( 'NONE', #3090, 1000.000000000000000 ) ;
#2507 = PRESENTATION_STYLE_ASSIGNMENT (( #325 ) ) ;
#2508 = ORIENTED_EDGE ( 'NONE', *, *, #1566, .T. ) ;
#2509 = ORIENTED_EDGE ( 'NONE', *, *, #1248, .F. ) ;
#2510 = CARTESIAN_POINT ( 'NONE',  ( 2.105000000000000000, -1.290000000000000300, 0.2800000000000000300 ) ) ;
#2511 = AXIS2_PLACEMENT_3D ( 'NONE', #307, #2238, #1958 ) ;
#2512 = DIRECTION ( 'NONE',  ( 0.0000000000000000000, 0.0000000000000000000, -1.000000000000000000 ) ) ;
#2513 = DIRECTION ( 'NONE',  ( -1.668003342285391600E-015, -1.000000000000000000, -0.0000000000000000000 ) ) ;
#2514 = DIRECTION ( 'NONE',  ( 0.0000000000000000000, 0.0000000000000000000, -1.000000000000000000 ) ) ;
#2515 = VERTEX_POINT ( 'NONE', #3609 ) ;
#2516 = ADVANCED_FACE ( 'NONE', ( #3335 ), #2967, .T. ) ;
#2517 = VERTEX_POINT ( 'NONE', #1651 ) ;
#2518 = VERTEX_POINT ( 'NONE', #1630 ) ;
#2519 = EDGE_CURVE ( 'NONE', #2469, #3064, #2494, .T. ) ;
#2520 = ORIENTED_EDGE ( 'NONE', *, *, #2444, .F. ) ;
#2521 = ORIENTED_EDGE ( 'NONE', *, *, #2779, .T. ) ;
#2522 = ORIENTED_EDGE ( 'NONE', *, *, #3398, .T. ) ;
#2523 = EDGE_CURVE ( 'NONE', #1296, #1134, #3295, .T. ) ;
#2524 = DIRECTION ( 'NONE',  ( 0.0000000000000000000, -0.0000000000000000000, -1.000000000000000000 ) ) ;
#2525 = DIRECTION ( 'NONE',  ( -1.000000000000000000, 0.0000000000000000000, -0.0000000000000000000 ) ) ;
#2526 = CARTESIAN_POINT ( 'NONE',  ( 1.705000000000000100, 3.049999999999999800, 0.2800000000000000300 ) ) ;
#2527 = EDGE_CURVE ( 'NONE', #2863, #1631, #190, .T. ) ;
#2528 = DIRECTION ( 'NONE',  ( 6.065140421686081400E-016, -1.000000000000000000, 0.0000000000000000000 ) ) ;
#2529 = DIRECTION ( 'NONE',  ( -1.457731973112512100E-016, 1.000000000000000000, 0.0000000000000000000 ) ) ;
#2530 = LINE ( 'NONE', #871, #1771 ) ;
#2531 = ORIENTED_EDGE ( 'NONE', *, *, #718, .T. ) ;
#2532 = ORIENTED_EDGE ( 'NONE', *, *, #2583, .F. ) ;
#2533 = CARTESIAN_POINT ( 'NONE',  ( -2.575000000000000200, -0.1500000000000002400, 0.2800000000000000300 ) ) ;
#2534 = EDGE_CURVE ( 'NONE', #2388, #1537, #753, .T. ) ;
#2535 = VECTOR ( 'NONE', #2665, 1000.000000000000000 ) ;
#2536 = ORIENTED_EDGE ( 'NONE', *, *, #228, .F. ) ;
#2537 = ADVANCED_FACE ( 'NONE', ( #1827 ), #1056, .T. ) ;
#2538 = AXIS2_PLACEMENT_3D ( 'NONE', #3058, #1368, #1647 ) ;
#2539 = DIRECTION ( 'NONE',  ( -1.000000000000000000, 0.0000000000000000000, 0.0000000000000000000 ) ) ;
#2540 = AXIS2_PLACEMENT_3D ( 'NONE', #3176, #110, #1473 ) ;
#2541 = FACE_OUTER_BOUND ( 'NONE', #2291, .T. ) ;
#2542 = DIRECTION ( 'NONE',  ( 0.0000000000000000000, 1.000000000000000000, 0.0000000000000000000 ) ) ;
#2543 = FACE_OUTER_BOUND ( 'NONE', #2845, .T. ) ;
#2544 = DIRECTION ( 'NONE',  ( -1.000000000000000000, 4.984837574646000400E-016, 0.0000000000000000000 ) ) ;
#2545 = VECTOR ( 'NONE', #1741, 1000.000000000000000 ) ;
#2546 = CARTESIAN_POINT ( 'NONE',  ( 0.0000000000000000000, 0.0000000000000000000, 0.0000000000000000000 ) ) ;
#2547 = VECTOR ( 'NONE', #3227, 1000.000000000000000 ) ;
#2548 = VECTOR ( 'NONE', #1149, 1000.000000000000000 ) ;
#2549 = CARTESIAN_POINT ( 'NONE',  ( -2.450000000000000600, 2.875000000000000000, 0.2799999999999729900 ) ) ;
#2550 = VERTEX_POINT ( 'NONE', #2485 ) ;
#2551 = ADVANCED_FACE ( 'NONE', ( #271 ), #2847, .F. ) ;
#2552 = ORIENTED_EDGE ( 'NONE', *, *, #33, .F. ) ;
#2553 = VERTEX_POINT ( 'NONE', #1353 ) ;
#2554 = VECTOR ( 'NONE', #3060, 1000.000000000000000 ) ;
#2555 = DIRECTION ( 'NONE',  ( 6.672013369141566200E-016, 1.000000000000000000, 0.0000000000000000000 ) ) ;
#2556 = EDGE_LOOP ( 'NONE', ( #3249, #3237, #590, #2386 ) ) ;
#2557 = LINE ( 'NONE', #658, #3606 ) ;
#2558 = STYLED_ITEM ( 'NONE', ( #3219 ), #2307 ) ;
#2559 = AXIS2_PLACEMENT_3D ( 'NONE', #1977, #629, #2544 ) ;
#2560 = CARTESIAN_POINT ( 'NONE',  ( -0.8350000000000037400, -2.489999999999999300, 0.2800000000000000300 ) ) ;
#2561 = DIRECTION ( 'NONE',  ( 0.0000000000000000000, -0.0000000000000000000, -1.000000000000000000 ) ) ;
#2562 = ORIENTED_EDGE ( 'NONE', *, *, #1689, .F. ) ;
#2563 = CARTESIAN_POINT ( 'NONE',  ( -2.105000000000000000, -2.489999999999999800, 0.0000000000000000000 ) ) ;
#2564 = VERTEX_POINT ( 'NONE', #1344 ) ;
#2565 = DIRECTION ( 'NONE',  ( -1.000000000000000000, 8.850629979473504800E-017, 0.0000000000000000000 ) ) ;
#2566 = EDGE_CURVE ( 'NONE', #815, #1930, #3463, .T. ) ;
#2567 = CARTESIAN_POINT ( 'NONE',  ( -1.705000000000000100, 2.875000000000000000, 0.0000000000000000000 ) ) ;
#2568 = CARTESIAN_POINT ( 'NONE',  ( -1.704999999999999800, 3.050000000000000300, 0.2800000000000000300 ) ) ;
#2569 = VECTOR ( 'NONE', #1186, 1000.000000000000000 ) ;
#2570 = DIRECTION ( 'NONE',  ( 1.457731973112512100E-016, -1.000000000000000000, -0.0000000000000000000 ) ) ;
#2571 = ADVANCED_FACE ( 'NONE', ( #2223 ), #1096, .F. ) ;
#2572 = VECTOR ( 'NONE', #415, 1000.000000000000000 ) ;
#2573 = VERTEX_POINT ( 'NONE', #787 ) ;
#2574 = CARTESIAN_POINT ( 'NONE',  ( 2.105000000000000400, 0.07496153618543835400, 0.0000000000000000000 ) ) ;
#2575 = ORIENTED_EDGE ( 'NONE', *, *, #2476, .T. ) ;
#2576 = EDGE_CURVE ( 'NONE', #355, #472, #3330, .T. ) ;
#2577 = CARTESIAN_POINT ( 'NONE',  ( 1.704999999999998700, -3.049999999999999800, -0.0000000000000000000 ) ) ;
#2578 = LINE ( 'NONE', #928, #2661 ) ;
#2579 = ORIENTED_EDGE ( 'NONE', *, *, #162, .F. ) ;
#2580 = CARTESIAN_POINT ( 'NONE',  ( 2.575000000000000200, -0.3500000000000008700, 0.2800000000000000300 ) ) ;
#2581 = CARTESIAN_POINT ( 'NONE',  ( -2.105000000000000000, -1.289999999999999800, 0.2800000000000000300 ) ) ;
#2582 = FACE_OUTER_BOUND ( 'NONE', #398, .T. ) ;
#2583 = EDGE_CURVE ( 'NONE', #2643, #867, #796, .T. ) ;
#2584 = DIRECTION ( 'NONE',  ( -0.0000000000000000000, -0.0000000000000000000, -1.000000000000000000 ) ) ;
#2585 = LINE ( 'NONE', #1135, #1351 ) ;
#2586 = CARTESIAN_POINT ( 'NONE',  ( -2.105000000000000000, -1.289999999999999800, 0.2800000000000000300 ) ) ;
#2587 = CARTESIAN_POINT ( 'NONE',  ( 1.705000000000000100, 3.049999999999999800, 0.0000000000000000000 ) ) ;
#2588 = CARTESIAN_POINT ( 'NONE',  ( -2.449999999999999700, -2.875000000000000000, 0.2799999999999731000 ) ) ;
#2589 = ADVANCED_FACE ( 'NONE', ( #1466 ), #530, .T. ) ;
#2590 = FACE_OUTER_BOUND ( 'NONE', #2147, .T. ) ;
#2591 = CARTESIAN_POINT ( 'NONE',  ( 2.105000000000000400, -2.490000000000000200, 0.2800000000000000300 ) ) ;
#2592 = PLANE ( 'NONE',  #1266 ) ;
#2593 = FACE_OUTER_BOUND ( 'NONE', #3361, .T. ) ;
#2594 = EDGE_CURVE ( 'NONE', #1335, #1978, #58, .T. ) ;
#2595 = VECTOR ( 'NONE', #1059, 1000.000000000000000 ) ;
#2596 = EDGE_CURVE ( 'NONE', #3452, #2077, #2936, .T. ) ;
#2597 = VECTOR ( 'NONE', #813, 1000.000000000000000 ) ;
#2598 = CARTESIAN_POINT ( 'NONE',  ( 0.4349999999999994400, 2.399999999999999900, 0.2800000000000000300 ) ) ;
#2599 = ORIENTED_EDGE ( 'NONE', *, *, #3545, .F. ) ;
#2600 = LINE ( 'NONE', #1477, #1846 ) ;
#2601 = CARTESIAN_POINT ( 'NONE',  ( -2.450000000000000600, 2.874999999999997800, 0.2800000000000000300 ) ) ;
#2602 = VERTEX_POINT ( 'NONE', #2754 ) ;
#2603 = CARTESIAN_POINT ( 'NONE',  ( 2.310410196624968800, -0.3500000000000005300, 0.2800000000000000300 ) ) ;
#2604 = DIRECTION ( 'NONE',  ( -1.000000000000000000, 8.850629979473506000E-017, 0.0000000000000000000 ) ) ;
#2605 = AXIS2_PLACEMENT_3D ( 'NONE', #103, #3495, #1217 ) ;
#2606 = EDGE_LOOP ( 'NONE', ( #1498, #3366, #1711, #1244, #1490, #1563 ) ) ;
#2607 = ORIENTED_EDGE ( 'NONE', *, *, #3100, .F. ) ;
#2608 = AXIS2_PLACEMENT_3D ( 'NONE', #1027, #479, #3537 ) ;
#2609 = ADVANCED_FACE ( 'NONE', ( #2171 ), #707, .F. ) ;
#2610 = ORIENTED_EDGE ( 'NONE', *, *, #3404, .F. ) ;
#2611 = ORIENTED_EDGE ( 'NONE', *, *, #580, .T. ) ;
#2612 = AXIS2_PLACEMENT_3D ( 'NONE', #496, #2698, #1034 ) ;
#2613 = ORIENTED_EDGE ( 'NONE', *, *, #1479, .T. ) ;
#2614 = CARTESIAN_POINT ( 'NONE',  ( -2.105000000000000000, -2.489999999999999800, 0.2800000000000000300 ) ) ;
#2615 = CARTESIAN_POINT ( 'NONE',  ( 0.4349999999999961100, -3.049999999999999800, 0.2800000000000000300 ) ) ;
#2616 = PLANE ( 'NONE',  #2392 ) ;
#2617 = VECTOR ( 'NONE', #3592, 1000.000000000000000 ) ;
#2618 = DIRECTION ( 'NONE',  ( 1.000000000000000000, 0.0000000000000000000, -0.0000000000000000000 ) ) ;
#2619 = ORIENTED_EDGE ( 'NONE', *, *, #2836, .T. ) ;
#2620 = CARTESIAN_POINT ( 'NONE',  ( 0.4349999999999961100, -3.049999999999999800, 0.2800000000000000300 ) ) ;
#2621 = DIRECTION ( 'NONE',  ( -0.0000000000000000000, -0.0000000000000000000, 1.000000000000000000 ) ) ;
#2622 = VERTEX_POINT ( 'NONE', #846 ) ;
#2623 = EDGE_CURVE ( 'NONE', #1333, #392, #3586, .T. ) ;
#2624 = CARTESIAN_POINT ( 'NONE',  ( 0.4349999999999994400, 2.399999999999999900, 0.2800000000000000300 ) ) ;
#2625 = FILL_AREA_STYLE_COLOUR ( '', #585 ) ;
#2626 = DIRECTION ( 'NONE',  ( 0.0000000000000000000, 0.0000000000000000000, -1.000000000000000000 ) ) ;
#2627 = LINE ( 'NONE', #3529, #3298 ) ;
#2628 = CARTESIAN_POINT ( 'NONE',  ( -2.105000000000000000, 3.050000000000000300, 0.0000000000000000000 ) ) ;
#2629 = AXIS2_PLACEMENT_3D ( 'NONE', #1985, #2276, #614 ) ;
#2630 = VECTOR ( 'NONE', #109, 1000.000000000000000 ) ;
#2631 = SURFACE_STYLE_USAGE ( .BOTH. , #3201 ) ;
#2632 = EDGE_CURVE ( 'NONE', #3010, #2689, #2266, .T. ) ;
#2633 = CARTESIAN_POINT ( 'NONE',  ( 1.704999999999998700, 2.399999999999999900, 0.0000000000000000000 ) ) ;
#2634 = FACE_OUTER_BOUND ( 'NONE', #3292, .T. ) ;
#2635 =( LENGTH_UNIT ( ) NAMED_UNIT ( * ) SI_UNIT ( .MILLI., .METRE. ) );
#2636 = EDGE_LOOP ( 'NONE', ( #2305, #3198, #127, #969 ) ) ;
#2637 = DIRECTION ( 'NONE',  ( 3.872150616019656900E-016, 1.000000000000000000, 0.0000000000000000000 ) ) ;
#2638 = ORIENTED_EDGE ( 'NONE', *, *, #580, .F. ) ;
#2639 = EDGE_CURVE ( 'NONE', #2150, #3349, #749, .T. ) ;
#2640 = ORIENTED_EDGE ( 'NONE', *, *, #1372, .T. ) ;
#2641 = LINE ( 'NONE', #2116, #1191 ) ;
#2642 = EDGE_CURVE ( 'NONE', #641, #1156, #532, .T. ) ;
#2643 = VERTEX_POINT ( 'NONE', #2807 ) ;
#2644 = VECTOR ( 'NONE', #2031, 1000.000000000000000 ) ;
#2645 = ADVANCED_FACE ( 'NONE', ( #3160 ), #1130, .F. ) ;
#2646 = DIRECTION ( 'NONE',  ( 0.0000000000000000000, 1.000000000000000000, 0.0000000000000000000 ) ) ;
#2647 = DIRECTION ( 'NONE',  ( 0.0000000000000000000, 0.0000000000000000000, -1.000000000000000000 ) ) ;
#2648 = CARTESIAN_POINT ( 'NONE',  ( -1.975000000000000100, -0.2500000000000000000, 0.2800000000000000300 ) ) ;
#2649 = CARTESIAN_POINT ( 'NONE',  ( 1.975000000000000100, -0.2500000000000000000, -0.0000000000000000000 ) ) ;
#2650 = ORIENTED_EDGE ( 'NONE', *, *, #1006, .T. ) ;
#2651 = CLOSED_SHELL ( 'NONE', ( #2551, #60, #654, #111, #1988, #2007, #1965, #2854, #146, #2645, #841, #257, #1416, #947, #1190, #3375, #672, #2813, #1175, #3386, #3427, #565, #21, #3413, #3047, #3461, #73, #2195, #2571, #2252, #2903, #819, #3317, #1128, #2609, #1748, #2869, #8, #2220, #1091, #634, #3337, #618, #2871, #2753, #1953, #3171, #2290, #875, #2327, #929, #1734, #2232, #2774, #1402, #1513, #3117, #41, #294, #1390, #366, #2496, #547, #1162, #3596, #2046, #3067 ) ) ;
#2652 = DIRECTION ( 'NONE',  ( 0.0000000000000000000, 0.0000000000000000000, -1.000000000000000000 ) ) ;
#2653 = PLANE ( 'NONE',  #2822 ) ;
#2654 = ORIENTED_EDGE ( 'NONE', *, *, #1682, .F. ) ;
#2655 = AXIS2_PLACEMENT_3D ( 'NONE', #2466, #3045, #1622 ) ;
#2656 = LINE ( 'NONE', #1740, #2302 ) ;
#2657 = CARTESIAN_POINT ( 'NONE',  ( -2.105000000000000000, -2.489999999999999800, 0.0000000000000000000 ) ) ;
#2659 = ORIENTED_EDGE ( 'NONE', *, *, #1514, .F. ) ;
#2658 = DIRECTION ( 'NONE',  ( -0.0000000000000000000, -0.0000000000000000000, -1.000000000000000000 ) ) ;
#2660 = ORIENTED_EDGE ( 'NONE', *, *, #2084, .T. ) ;
#2661 = VECTOR ( 'NONE', #2844, 1000.000000000000000 ) ;
#2662 = ORIENTED_EDGE ( 'NONE', *, *, #2639, .F. ) ;
#2663 = EDGE_CURVE ( 'NONE', #2373, #355, #3030, .T. ) ;
#2664 = CARTESIAN_POINT ( 'NONE',  ( -2.449999999999999700, -2.875000000000000000, 1.000000000000000000 ) ) ;
#2665 = DIRECTION ( 'NONE',  ( 0.0000000000000000000, -0.0000000000000000000, -1.000000000000000000 ) ) ;
#2666 = FACE_OUTER_BOUND ( 'NONE', #2789, .T. ) ;
#2667 = PLANE ( 'NONE',  #1848 ) ;
#2668 = LINE ( 'NONE', #185, #3433 ) ;
#2669 = AXIS2_PLACEMENT_3D ( 'NONE', #3422, #2026, #1755 ) ;
#2670 = FACE_OUTER_BOUND ( 'NONE', #3061, .T. ) ;
#2671 = VECTOR ( 'NONE', #2513, 1000.000000000000000 ) ;
#2672 = DIRECTION ( 'NONE',  ( -1.000000000000000000, 8.850629979473504800E-017, 0.0000000000000000000 ) ) ;
#2673 = ORIENTED_EDGE ( 'NONE', *, *, #2709, .T. ) ;
#2674 = PLANE ( 'NONE',  #1561 ) ;
#2675 = LINE ( 'NONE', #1950, #2242 ) ;
#2676 = PLANE ( 'NONE',  #2996 ) ;
#2677 = PLANE ( 'NONE',  #1632 ) ;
#2678 = ORIENTED_EDGE ( 'NONE', *, *, #627, .T. ) ;
#2679 = FACE_OUTER_BOUND ( 'NONE', #2750, .T. ) ;
#2680 = DIRECTION ( 'NONE',  ( -1.084202172485507000E-015, 1.000000000000000000, 0.0000000000000000000 ) ) ;
#2681 = DIRECTION ( 'NONE',  ( 0.0000000000000000000, 0.0000000000000000000, -1.000000000000000000 ) ) ;
#2682 = ORIENTED_EDGE ( 'NONE', *, *, #1813, .T. ) ;
#2683 = EDGE_LOOP ( 'NONE', ( #2848, #3327, #2219, #2029, #37, #84 ) ) ;
#2684 = EDGE_CURVE ( 'NONE', #2355, #913, #1731, .T. ) ;
#2685 = ORIENTED_EDGE ( 'NONE', *, *, #3513, .T. ) ;
#2686 = ORIENTED_EDGE ( 'NONE', *, *, #974, .T. ) ;
#2687 = ORIENTED_EDGE ( 'NONE', *, *, #2566, .T. ) ;
#2688 = CARTESIAN_POINT ( 'NONE',  ( -2.105000000000000000, -1.289999999999999800, 0.0000000000000000000 ) ) ;
#2689 = VERTEX_POINT ( 'NONE', #2745 ) ;
#2691 = ORIENTED_EDGE ( 'NONE', *, *, #98, .F. ) ;
#2690 =( LENGTH_UNIT ( ) NAMED_UNIT ( * ) SI_UNIT ( .MILLI., .METRE. ) );
#2692 = CARTESIAN_POINT ( 'NONE',  ( 0.4349999999999994400, 2.399999999999999900, 0.0000000000000000000 ) ) ;
#2693 = DIRECTION ( 'NONE',  ( -1.000000000000000000, 1.030120828964849800E-016, 0.0000000000000000000 ) ) ;
#2694 = PLANE ( 'NONE',  #2608 ) ;
#2695 = DIRECTION ( 'NONE',  ( 0.0000000000000000000, 0.0000000000000000000, -1.000000000000000000 ) ) ;
#2696 = STYLED_ITEM ( 'NONE', ( #2368 ), #1014 ) ;
#2697 = LINE ( 'NONE', #587, #487 ) ;
#2698 = DIRECTION ( 'NONE',  ( -1.000000000000000000, 1.457731973112511900E-016, 0.0000000000000000000 ) ) ;
#2699 = EDGE_CURVE ( 'NONE', #3408, #822, #3503, .T. ) ;
#2700 = FACE_OUTER_BOUND ( 'NONE', #1047, .T. ) ;
#2701 = VERTEX_POINT ( 'NONE', #2203 ) ;
#2702 = CARTESIAN_POINT ( 'NONE',  ( 0.8350000000000000800, 2.399999999999999900, 0.2800000000000000300 ) ) ;
#2703 = PLANE ( 'NONE',  #1592 ) ;
#2704 = ORIENTED_EDGE ( 'NONE', *, *, #3478, .F. ) ;
#2705 = DIRECTION ( 'NONE',  ( -1.000000000000000000, 0.0000000000000000000, 0.0000000000000000000 ) ) ;
#2706 = EDGE_CURVE ( 'NONE', #3114, #2463, #1003, .T. ) ;
#2707 = DIRECTION ( 'NONE',  ( 0.0000000000000000000, 0.0000000000000000000, 1.000000000000000000 ) ) ;
#2708 = CARTESIAN_POINT ( 'NONE',  ( 2.450000000000000200, -2.875000000000000400, 0.2799999999999729900 ) ) ;
#2709 = EDGE_CURVE ( 'NONE', #1362, #3161, #660, .T. ) ;
#2710 = VECTOR ( 'NONE', #884, 1000.000000000000000 ) ;
#2711 = DIRECTION ( 'NONE',  ( 8.850629979473504800E-017, 1.000000000000000000, -0.0000000000000000000 ) ) ;
#2712 = VECTOR ( 'NONE', #1580, 1000.000000000000000 ) ;
#2713 = CARTESIAN_POINT ( 'NONE',  ( 0.8349999999999998500, -2.875000000000000400, 1.000000000000000000 ) ) ;
#2714 = EDGE_CURVE ( 'NONE', #3328, #2428, #2088, .T. ) ;
#2715 = CARTESIAN_POINT ( 'NONE',  ( 0.4349999999999964500, -2.489999999999999800, -0.0000000000000000000 ) ) ;
#2716 = VECTOR ( 'NONE', #688, 1000.000000000000000 ) ;
#2717 = CARTESIAN_POINT ( 'NONE',  ( -1.975000000000000100, -0.2500000000000000000, 0.0000000000000000000 ) ) ;
#2718 = CARTESIAN_POINT ( 'NONE',  ( -0.9744968257872558300, -1.899496825787255500, 0.9000000000000000200 ) ) ;
#2719 = DIRECTION ( 'NONE',  ( -1.000000000000000000, 0.0000000000000000000, 0.0000000000000000000 ) ) ;
#2720 = AXIS2_PLACEMENT_3D ( 'NONE', #196, #2957, #1290 ) ;
#2721 = PLANE ( 'NONE',  #3279 ) ;
#2722 = VECTOR ( 'NONE', #219, 1000.000000000000000 ) ;
#2723 = VECTOR ( 'NONE', #2956, 1000.000000000000000 ) ;
#2724 = EDGE_LOOP ( 'NONE', ( #3605, #1046, #483, #215 ) ) ;
#2725 = EDGE_LOOP ( 'NONE', ( #1795, #1684, #2885, #750 ) ) ;
#2726 = LINE ( 'NONE', #1112, #1324 ) ;
#2727 = ORIENTED_EDGE ( 'NONE', *, *, #1571, .F. ) ;
#2728 = ORIENTED_EDGE ( 'NONE', *, *, #1527, .T. ) ;
#2729 = ORIENTED_EDGE ( 'NONE', *, *, #3096, .F. ) ;
#2730 = DIRECTION ( 'NONE',  ( -1.000000000000000000, 0.0000000000000000000, 0.0000000000000000000 ) ) ;
#2731 = CARTESIAN_POINT ( 'NONE',  ( -0.4350000000000000500, 2.400000000000000400, 0.2800000000000000300 ) ) ;
#2732 = CARTESIAN_POINT ( 'NONE',  ( 1.975000000000000100, -0.2500000000000000000, 0.2800000000000000300 ) ) ;
#2733 = ORIENTED_EDGE ( 'NONE', *, *, #1147, .T. ) ;
#2734 = PLANE ( 'NONE',  #2993 ) ;
#2735 = CARTESIAN_POINT ( 'NONE',  ( -1.705000000000001000, 2.400000000000000400, 0.2800000000000000300 ) ) ;
#2736 = ORIENTED_EDGE ( 'NONE', *, *, #2951, .T. ) ;
#2737 = ORIENTED_EDGE ( 'NONE', *, *, #75, .F. ) ;
#2738 = ORIENTED_EDGE ( 'NONE', *, *, #771, .F. ) ;
#2739 = VECTOR ( 'NONE', #1597, 1000.000000000000000 ) ;
#2740 = DIRECTION ( 'NONE',  ( -1.000000000000000000, 2.001604010742469700E-015, 0.0000000000000000000 ) ) ;
#2741 =( GEOMETRIC_REPRESENTATION_CONTEXT ( 3 ) GLOBAL_UNCERTAINTY_ASSIGNED_CONTEXT ( ( #1623 ) ) GLOBAL_UNIT_ASSIGNED_CONTEXT ( ( #1816, #3238, #1803 ) ) REPRESENTATION_CONTEXT ( 'NONE', 'WORKASPACE' ) );
#2742 = CARTESIAN_POINT ( 'NONE',  ( -0.8350000000000037400, -2.489999999999999300, 0.0000000000000000000 ) ) ;
#2743 = CARTESIAN_POINT ( 'NONE',  ( -0.4350000000000000500, 2.400000000000000400, 0.2800000000000000300 ) ) ;
#2744 = PLANE ( 'NONE',  #165 ) ;
#2745 = CARTESIAN_POINT ( 'NONE',  ( 2.105000000000000000, -1.290000000000000300, -0.0000000000000000000 ) ) ;
#2746 = PRESENTATION_LAYER_ASSIGNMENT (  '', '', ( #2558 ) ) ;
#2747 = ORIENTED_EDGE ( 'NONE', *, *, #3294, .T. ) ;
#2748 = ORIENTED_EDGE ( 'NONE', *, *, #3384, .F. ) ;
#2749 = VECTOR ( 'NONE', #2326, 1000.000000000000000 ) ;
#2750 = EDGE_LOOP ( 'NONE', ( #830, #2202, #3208, #3379 ) ) ;
#2751 = EDGE_CURVE ( 'NONE', #1793, #3114, #1173, .T. ) ;
#2752 = VECTOR ( 'NONE', #701, 1000.000000000000000 ) ;
#2753 = ADVANCED_FACE ( 'NONE', ( #2986 ), #2450, .F. ) ;
#2754 = CARTESIAN_POINT ( 'NONE',  ( -0.4350000000000000500, 2.400000000000000400, 0.2800000000000000300 ) ) ;
#2755 = DIRECTION ( 'NONE',  ( -1.000000000000000000, -1.024417946814024500E-015, -0.0000000000000000000 ) ) ;
#2756 = CARTESIAN_POINT ( 'NONE',  ( -1.705000000000001000, -3.049999999999999400, 0.2800000000000000300 ) ) ;
#2757 = DIRECTION ( 'NONE',  ( 0.0000000000000000000, 0.0000000000000000000, -1.000000000000000000 ) ) ;
#2758 = CARTESIAN_POINT ( 'NONE',  ( 2.310410196624968800, -0.1499999999999994100, 0.2800000000000000300 ) ) ;
#2759 = DIRECTION ( 'NONE',  ( 0.0000000000000000000, 0.0000000000000000000, -1.000000000000000000 ) ) ;
#2760 = FACE_OUTER_BOUND ( 'NONE', #1662, .T. ) ;
#2761 = EDGE_CURVE ( 'NONE', #423, #3113, #229, .T. ) ;
#2762 = LINE ( 'NONE', #3432, #3474 ) ;
#2763 = VECTOR ( 'NONE', #1572, 1000.000000000000000 ) ;
#2764 = CARTESIAN_POINT ( 'NONE',  ( -2.449999999999999700, -2.875000000000000000, 0.2799999999999731000 ) ) ;
#2765 = ORIENTED_EDGE ( 'NONE', *, *, #967, .T. ) ;
#2766 = MECHANICAL_DESIGN_GEOMETRIC_PRESENTATION_REPRESENTATION (  '', ( #1747 ), #2821 ) ;
#2767 = AXIS2_PLACEMENT_3D ( 'NONE', #994, #439, #1265 ) ;
#2768 = DIRECTION ( 'NONE',  ( 0.0000000000000000000, -1.000000000000000000, 0.0000000000000000000 ) ) ;
#2769 = DIRECTION ( 'NONE',  ( 1.000000000000000000, 0.0000000000000000000, 0.0000000000000000000 ) ) ;
#2770 = LINE ( 'NONE', #2451, #1797 ) ;
#2771 = DIRECTION ( 'NONE',  ( 0.0000000000000000000, 0.0000000000000000000, -1.000000000000000000 ) ) ;
#2772 = DIRECTION ( 'NONE',  ( -7.542275982507857100E-017, 1.000000000000000000, 0.0000000000000000000 ) ) ;
#2773 = PLANE ( 'NONE',  #1132 ) ;
#2774 = ADVANCED_FACE ( 'NONE', ( #615 ), #3333, .F. ) ;
#2775 = EDGE_LOOP ( 'NONE', ( #1941, #1171, #2076, #2012 ) ) ;
#2776 = LINE ( 'NONE', #3196, #2470 ) ;
#2777 = EDGE_LOOP ( 'NONE', ( #808, #988, #2575, #2921 ) ) ;
#2778 = EDGE_LOOP ( 'NONE', ( #683, #217, #188, #1628 ) ) ;
#2779 = EDGE_CURVE ( 'NONE', #1510, #2428, #2799, .T. ) ;
#2780 = ORIENTED_EDGE ( 'NONE', *, *, #2904, .T. ) ;
#2782 = ORIENTED_EDGE ( 'NONE', *, *, #3539, .F. ) ;
#2781 = CARTESIAN_POINT ( 'NONE',  ( -0.8350000000000037400, -2.489999999999999300, 0.2800000000000000300 ) ) ;
#2783 = PLANE ( 'NONE',  #2199 ) ;
#2784 = DIRECTION ( 'NONE',  ( -1.000000000000000000, -0.0000000000000000000, -0.0000000000000000000 ) ) ;
#2785 = EDGE_CURVE ( 'NONE', #2060, #423, #2398, .T. ) ;
#2786 = ORIENTED_EDGE ( 'NONE', *, *, #3585, .T. ) ;
#2787 = CARTESIAN_POINT ( 'NONE',  ( 2.575000000000000200, -0.1499999999999995800, -0.0000000000000000000 ) ) ;
#2788 = DIRECTION ( 'NONE',  ( 1.000000000000000000, 0.0000000000000000000, 0.0000000000000000000 ) ) ;
#2789 = EDGE_LOOP ( 'NONE', ( #1548, #3016, #1289, #2294 ) ) ;
#2790 = CARTESIAN_POINT ( 'NONE',  ( -0.4350000000000000500, 2.400000000000000400, 0.2800000000000000300 ) ) ;
#2791 = ORIENTED_EDGE ( 'NONE', *, *, #1082, .F. ) ;
#2792 = ORIENTED_EDGE ( 'NONE', *, *, #2074, .T. ) ;
#2793 = LINE ( 'NONE', #2586, #1462 ) ;
#2794 = VECTOR ( 'NONE', #1971, 1000.000000000000000 ) ;
#2795 = ORIENTED_EDGE ( 'NONE', *, *, #3082, .F. ) ;
#2796 = ADVANCED_FACE ( 'NONE', ( #1345 ), #1060, .T. ) ;
#2797 = CARTESIAN_POINT ( 'NONE',  ( -2.450000000000000600, 2.875000000000000000, 1.000000000000000000 ) ) ;
#2798 = AXIS2_PLACEMENT_3D ( 'NONE', #2217, #1686, #3612 ) ;
#2799 = LINE ( 'NONE', #2758, #2039 ) ;
#2800 = ORIENTED_EDGE ( 'NONE', *, *, #3172, .F. ) ;
#2801 = PLANE ( 'NONE',  #3136 ) ;
#2802 = DIRECTION ( 'NONE',  ( -6.672013369141566200E-016, -1.000000000000000000, 0.0000000000000000000 ) ) ;
#2803 = CARTESIAN_POINT ( 'NONE',  ( 0.8350000000000000800, 3.050000000000000300, 0.0000000000000000000 ) ) ;
#2804 = LINE ( 'NONE', #474, #451 ) ;
#2805 = EDGE_LOOP ( 'NONE', ( #3600, #863, #990, #2458 ) ) ;
#2806 = LINE ( 'NONE', #1555, #2048 ) ;
#2807 = CARTESIAN_POINT ( 'NONE',  ( 0.4349999999999961100, -3.049999999999999800, 0.2800000000000000300 ) ) ;
#2808 = DIRECTION ( 'NONE',  ( -0.0000000000000000000, -1.000000000000000000, -0.0000000000000000000 ) ) ;
#2809 = CYLINDRICAL_SURFACE ( 'NONE', #2055, 0.3500000000000000300 ) ;
#2810 = CARTESIAN_POINT ( 'NONE',  ( -2.450000000000000600, 2.875000000000000000, 0.2799999999999728800 ) ) ;
#2811 = DIRECTION ( 'NONE',  ( 0.0000000000000000000, 0.0000000000000000000, -1.000000000000000000 ) ) ;
#2812 = EDGE_CURVE ( 'NONE', #954, #869, #3421, .T. ) ;
#2813 = ADVANCED_FACE ( 'NONE', ( #1258 ), #2491, .F. ) ;
#2814 = LINE ( 'NONE', #1472, #762 ) ;
#2815 = CARTESIAN_POINT ( 'NONE',  ( -0.8350000000000006300, 2.400000000000000400, 0.2800000000000000300 ) ) ;
#2816 = VECTOR ( 'NONE', #1892, 1000.000000000000000 ) ;
#2817 = VECTOR ( 'NONE', #66, 1000.000000000000000 ) ;
#2818 = ORIENTED_EDGE ( 'NONE', *, *, #1098, .T. ) ;
#2819 = ORIENTED_EDGE ( 'NONE', *, *, #3342, .T. ) ;
#2820 = VECTOR ( 'NONE', #706, 1000.000000000000000 ) ;
#2821 =( GEOMETRIC_REPRESENTATION_CONTEXT ( 3 ) GLOBAL_UNCERTAINTY_ASSIGNED_CONTEXT ( ( #1604 ) ) GLOBAL_UNIT_ASSIGNED_CONTEXT ( ( #3491, #3501, #691 ) ) REPRESENTATION_CONTEXT ( 'NONE', 'WORKASPACE' ) );
#2822 = AXIS2_PLACEMENT_3D ( 'NONE', #1291, #1849, #2973 ) ;
#2823 = ORIENTED_EDGE ( 'NONE', *, *, #3011, .F. ) ;
#2824 = CARTESIAN_POINT ( 'NONE',  ( 0.4349999999999964500, -2.489999999999999800, -0.0000000000000000000 ) ) ;
#2825 = CARTESIAN_POINT ( 'NONE',  ( -2.450000000000000600, 2.875000000000000000, 0.0000000000000000000 ) ) ;
#2826 = ORIENTED_EDGE ( 'NONE', *, *, #2829, .F. ) ;
#2827 = VERTEX_POINT ( 'NONE', #268 ) ;
#2828 = ORIENTED_EDGE ( 'NONE', *, *, #1715, .T. ) ;
#2829 = EDGE_CURVE ( 'NONE', #1500, #735, #925, .T. ) ;
#2830 = DIRECTION ( 'NONE',  ( -0.0000000000000000000, -1.000000000000000000, -0.0000000000000000000 ) ) ;
#2831 = ORIENTED_EDGE ( 'NONE', *, *, #333, .F. ) ;
#2832 = ORIENTED_EDGE ( 'NONE', *, *, #894, .T. ) ;
#2833 = ORIENTED_EDGE ( 'NONE', *, *, #521, .F. ) ;
#2834 = CARTESIAN_POINT ( 'NONE',  ( -2.105000000000000000, -1.289999999999999800, 0.2800000000000000300 ) ) ;
#2835 = ADVANCED_FACE ( 'NONE', ( #2486 ), #3, .T. ) ;
#2836 = EDGE_CURVE ( 'NONE', #1299, #3296, #2221, .T. ) ;
#2837 = CARTESIAN_POINT ( 'NONE',  ( 1.704999999999998700, -3.049999999999999800, -0.0000000000000000000 ) ) ;
#2838 = EDGE_CURVE ( 'NONE', #423, #736, #2578, .T. ) ;
#2839 = CARTESIAN_POINT ( 'NONE',  ( 2.449999999999999700, 2.874999999999999600, 1.000000000000000000 ) ) ;
#2840 = DIRECTION ( 'NONE',  ( -6.065140421686077500E-016, -1.000000000000000000, -0.0000000000000000000 ) ) ;
#2841 = FACE_OUTER_BOUND ( 'NONE', #2875, .T. ) ;
#2842 = VECTOR ( 'NONE', #2275, 1000.000000000000000 ) ;
#2843 = ORIENTED_EDGE ( 'NONE', *, *, #2519, .F. ) ;
#2844 = DIRECTION ( 'NONE',  ( 1.000000000000000000, -6.146507680884146000E-016, 0.0000000000000000000 ) ) ;
#2845 = EDGE_LOOP ( 'NONE', ( #741, #2209, #2987, #3065 ) ) ;
#2846 = CARTESIAN_POINT ( 'NONE',  ( -2.105000000000000000, -2.489999999999999800, 0.0000000000000000000 ) ) ;
#2847 = CYLINDRICAL_SURFACE ( 'NONE', #2945, 0.5000000000000001100 ) ;
#2848 = ORIENTED_EDGE ( 'NONE', *, *, #659, .T. ) ;
#2849 = CARTESIAN_POINT ( 'NONE',  ( -1.975000000000000100, -0.2500000000000000000, 0.2800000000000000300 ) ) ;
#2850 = PLANE ( 'NONE',  #1794 ) ;
#2851 =( LENGTH_UNIT ( ) NAMED_UNIT ( * ) SI_UNIT ( .MILLI., .METRE. ) );
#2852 = VECTOR ( 'NONE', #2362, 1000.000000000000000 ) ;
#2853 = DIRECTION ( 'NONE',  ( 0.0000000000000000000, 0.0000000000000000000, -1.000000000000000000 ) ) ;
#2854 = ADVANCED_FACE ( 'NONE', ( #1387 ), #3434, .T. ) ;
#2855 = LINE ( 'NONE', #337, #1179 ) ;
#2856 = CARTESIAN_POINT ( 'NONE',  ( 0.4349999999999964500, -2.489999999999999800, -0.0000000000000000000 ) ) ;
#2857 = CARTESIAN_POINT ( 'NONE',  ( 2.105000000000000400, 0.07496153618543829900, 0.2800000000000000300 ) ) ;
#2858 = VECTOR ( 'NONE', #2909, 1000.000000000000000 ) ;
#2859 = EDGE_CURVE ( 'NONE', #1978, #1296, #1825, .T. ) ;
#2860 = FACE_OUTER_BOUND ( 'NONE', #1820, .T. ) ;
#2861 = LINE ( 'NONE', #824, #3437 ) ;
#2862 =( LENGTH_UNIT ( ) NAMED_UNIT ( * ) SI_UNIT ( .MILLI., .METRE. ) );
#2863 = VERTEX_POINT ( 'NONE', #329 ) ;
#2864 = LINE ( 'NONE', #1812, #2820 ) ;
#2865 = PLANE ( 'NONE',  #321 ) ;
#2866 = EDGE_LOOP ( 'NONE', ( #2267, #1670, #2521, #3148, #2072, #3204, #2728, #1385, #643, #2673, #1966, #1164, #3418, #1412, #212, #2981, #2832, #2339, #2045, #1541, #2733, #2640, #2747, #332, #2330, #2222, #550, #1993 ) ) ;
#2867 = FACE_OUTER_BOUND ( 'NONE', #2241, .T. ) ;
#2868 = STYLED_ITEM ( 'NONE', ( #157 ), #2947 ) ;
#2869 = ADVANCED_FACE ( 'NONE', ( #1303 ), #3145, .F. ) ;
#2870 = ORIENTED_EDGE ( 'NONE', *, *, #845, .F. ) ;
#2871 = ADVANCED_FACE ( 'NONE', ( #1995 ), #903, .F. ) ;
#2872 = CARTESIAN_POINT ( 'NONE',  ( 0.4349999999999961100, -3.049999999999999800, 0.2800000000000000300 ) ) ;
#2873 = ORIENTED_EDGE ( 'NONE', *, *, #3284, .T. ) ;
#2874 = FILL_AREA_STYLE_COLOUR ( '', #2322 ) ;
#2875 = EDGE_LOOP ( 'NONE', ( #965, #519, #2965, #3062 ) ) ;
#2876 = DIRECTION ( 'NONE',  ( 1.024417946814024500E-015, -1.000000000000000000, 0.0000000000000000000 ) ) ;
#2877 = ORIENTED_EDGE ( 'NONE', *, *, #1201, .F. ) ;
#2878 = VERTEX_POINT ( 'NONE', #3448 ) ;
#2879 = VERTEX_POINT ( 'NONE', #3126 ) ;
#2880 = CARTESIAN_POINT ( 'NONE',  ( 2.105000000000000400, -3.050000000000000300, 0.2800000000000000300 ) ) ;
#2881 = CARTESIAN_POINT ( 'NONE',  ( -2.450000000000000600, 2.875000000000000000, 0.0000000000000000000 ) ) ;
#2882 = VECTOR ( 'NONE', #613, 1000.000000000000000 ) ;
#2883 = VECTOR ( 'NONE', #839, 1000.000000000000000 ) ;
#2884 = CARTESIAN_POINT ( 'NONE',  ( -0.9744968257872558300, -1.899496825787255500, 0.9000000000000000200 ) ) ;
#2885 = ORIENTED_EDGE ( 'NONE', *, *, #1248, .T. ) ;
#2886 = EDGE_CURVE ( 'NONE', #1293, #2518, #2360, .T. ) ;
#2887 = CARTESIAN_POINT ( 'NONE',  ( -1.974496825787255900, -1.899496825787255500, 1.000000000000000000 ) ) ;
#2888 = VECTOR ( 'NONE', #3580, 1000.000000000000000 ) ;
#2889 = ORIENTED_EDGE ( 'NONE', *, *, #144, .T. ) ;
#2890 = ADVANCED_FACE ( 'NONE', ( #1642 ), #3399, .T. ) ;
#2891 = DIRECTION ( 'NONE',  ( 0.9961946980917458800, 7.513575345319040600E-017, 0.08715574274765483500 ) ) ;
#2892 = PRODUCT_RELATED_PRODUCT_CATEGORY ( 'part', '', ( #1783 ) ) ;
#2893 = CARTESIAN_POINT ( 'NONE',  ( -2.310410196624968800, -0.3499999999999999200, 0.2800000000000000300 ) ) ;
#2894 = VECTOR ( 'NONE', #3510, 1000.000000000000000 ) ;
#2895 = AXIS2_PLACEMENT_3D ( 'NONE', #2299, #3380, #1677 ) ;
#2896 = ORIENTED_EDGE ( 'NONE', *, *, #1760, .T. ) ;
#2897 = PLANE ( 'NONE',  #320 ) ;
#2898 = VECTOR ( 'NONE', #422, 1000.000000000000000 ) ;
#2899 = EDGE_CURVE ( 'NONE', #59, #3452, #1045, .T. ) ;
#2900 = PLANE ( 'NONE',  #189 ) ;
#2901 = VECTOR ( 'NONE', #725, 1000.000000000000000 ) ;
#2902 = EDGE_CURVE ( 'NONE', #901, #833, #2439, .T. ) ;
#2903 = ADVANCED_FACE ( 'NONE', ( #3244 ), #1743, .F. ) ;
#2904 = EDGE_CURVE ( 'NONE', #1342, #571, #920, .T. ) ;
#2905 = LINE ( 'NONE', #2255, #767 ) ;
#2906 = DIRECTION ( 'NONE',  ( 0.0000000000000000000, 1.000000000000000000, 0.0000000000000000000 ) ) ;
#2907 = VERTEX_POINT ( 'NONE', #1976 ) ;
#2908 = VERTEX_POINT ( 'NONE', #2591 ) ;
#2909 = DIRECTION ( 'NONE',  ( 1.000000000000000000, 0.0000000000000000000, 0.0000000000000000000 ) ) ;
#2910 = VECTOR ( 'NONE', #829, 1000.000000000000000 ) ;
#2911 = CARTESIAN_POINT ( 'NONE',  ( -0.4350000000000000500, 3.050000000000000300, 0.2800000000000000300 ) ) ;
#2912 = ORIENTED_EDGE ( 'NONE', *, *, #82, .T. ) ;
#2913 = VERTEX_POINT ( 'NONE', #2567 ) ;
#2914 = DIRECTION ( 'NONE',  ( -1.000000000000000000, -1.024417946814024500E-015, -0.0000000000000000000 ) ) ;
#2915 = DIRECTION ( 'NONE',  ( -0.0000000000000000000, -0.0000000000000000000, -1.000000000000000000 ) ) ;
#2916 = EDGE_CURVE ( 'NONE', #2157, #1342, #609, .T. ) ;
#2917 = VERTEX_POINT ( 'NONE', #76 ) ;
#2918 = CLOSED_SHELL ( 'NONE', ( #1714, #3099, #2027, #1674, #1787, #2589 ) ) ;
#2919 = AXIS2_PLACEMENT_3D ( 'NONE', #1598, #2478, #2719 ) ;
#2920 = ORIENTED_EDGE ( 'NONE', *, *, #1442, .F. ) ;
#2921 = ORIENTED_EDGE ( 'NONE', *, *, #848, .T. ) ;
#2922 = EDGE_LOOP ( 'NONE', ( #3012, #2024, #3050, #560 ) ) ;
#2923 = CARTESIAN_POINT ( 'NONE',  ( 9.219761521326136900E-017, -0.1499999999999986600, -0.0000000000000000000 ) ) ;
#2924 = FILL_AREA_STYLE ('',( #155 ) ) ;
#2925 = CARTESIAN_POINT ( 'NONE',  ( 0.4349999999999997200, 2.874999999999997300, 0.2800000000000000300 ) ) ;
#2926 = UNCERTAINTY_MEASURE_WITH_UNIT (LENGTH_MEASURE( 1.000000000000000100E-005 ), #1481, 'distance_accuracy_value', 'NONE');
#2927 = SURFACE_SIDE_STYLE ('',( #330 ) ) ;
#2928 = CARTESIAN_POINT ( 'NONE',  ( -2.450000000000000600, 2.875000000000000000, 0.0000000000000000000 ) ) ;
#2929 = FACE_OUTER_BOUND ( 'NONE', #3396, .T. ) ;
#2930 = CARTESIAN_POINT ( 'NONE',  ( -2.105000000000000400, 0.07496153618543829900, 0.2800000000000000300 ) ) ;
#2931 = PLANE ( 'NONE',  #2605 ) ;
#2932 = VECTOR ( 'NONE', #937, 1000.000000000000000 ) ;
#2933 = ORIENTED_EDGE ( 'NONE', *, *, #2988, .T. ) ;
#2934 = ORIENTED_EDGE ( 'NONE', *, *, #299, .F. ) ;
#2935 = CARTESIAN_POINT ( 'NONE',  ( -2.575000000000000200, -0.3500000000000002000, 0.0000000000000000000 ) ) ;
#2936 = LINE ( 'NONE', #2183, #1556 ) ;
#2937 = EDGE_LOOP ( 'NONE', ( #3353, #1672, #2385, #3476 ) ) ;
#2938 = DIRECTION ( 'NONE',  ( 0.0000000000000000000, 0.0000000000000000000, -1.000000000000000000 ) ) ;
#2939 = DIRECTION ( 'NONE',  ( -0.0000000000000000000, 1.000000000000000000, 0.0000000000000000000 ) ) ;
#2940 = CARTESIAN_POINT ( 'NONE',  ( -2.105000000000000000, -1.289999999999999800, 0.0000000000000000000 ) ) ;
#2941 = DIRECTION ( 'NONE',  ( -0.0000000000000000000, -0.0000000000000000000, -1.000000000000000000 ) ) ;
#2942 = VECTOR ( 'NONE', #2989, 1000.000000000000000 ) ;
#2943 = CARTESIAN_POINT ( 'NONE',  ( -2.105000000000000000, -3.049999999999999800, 0.2800000000000000300 ) ) ;
#2944 = VERTEX_POINT ( 'NONE', #619 ) ;
#2945 = AXIS2_PLACEMENT_3D ( 'NONE', #821, #2170, #287 ) ;
#2946 = AXIS2_PLACEMENT_3D ( 'NONE', #2717, #1655, #15 ) ;
#2947 = ADVANCED_BREP_SHAPE_REPRESENTATION ( 'SOP Advance(N)', ( #2419, #3087, #2307, #1279, #1014, #592, #1485 ), #1724 ) ;
#2948 = VECTOR ( 'NONE', #2286, 1000.000000000000000 ) ;
#2949 = CARTESIAN_POINT ( 'NONE',  ( 0.4349999999999961100, -3.049999999999999800, 0.2800000000000000300 ) ) ;
#2950 = VECTOR ( 'NONE', #471, 1000.000000000000000 ) ;
#2951 = EDGE_CURVE ( 'NONE', #3053, #779, #3326, .T. ) ;
#2952 = CARTESIAN_POINT ( 'NONE',  ( -2.449999999999998400, -0.1500000000000001600, 0.2800000000000000300 ) ) ;
#2953 = LINE ( 'NONE', #3412, #720 ) ;
#2954 = DIRECTION ( 'NONE',  ( -6.065140421686077500E-016, -1.000000000000000000, -0.0000000000000000000 ) ) ;
#2955 = VECTOR ( 'NONE', #2269, 1000.000000000000000 ) ;
#2956 = DIRECTION ( 'NONE',  ( 1.000000000000000000, 1.084202172485507000E-015, 0.0000000000000000000 ) ) ;
#2957 = DIRECTION ( 'NONE',  ( -0.0000000000000000000, -0.0000000000000000000, -1.000000000000000000 ) ) ;
#2958 = EDGE_LOOP ( 'NONE', ( #2737, #3403, #386, #1320 ) ) ;
#2959 = FACE_OUTER_BOUND ( 'NONE', #444, .T. ) ;
#2960 = EDGE_CURVE ( 'NONE', #2908, #2944, #1214, .T. ) ;
#2961 = VERTEX_POINT ( 'NONE', #1792 ) ;
#2962 = VECTOR ( 'NONE', #2346, 1000.000000000000000 ) ;
#2963 =( NAMED_UNIT ( * ) PLANE_ANGLE_UNIT ( ) SI_UNIT ( $, .RADIAN. ) );
#2964 = CARTESIAN_POINT ( 'NONE',  ( 0.0000000000000000000, 0.0000000000000000000, 0.0000000000000000000 ) ) ;
#2965 = ORIENTED_EDGE ( 'NONE', *, *, #3025, .F. ) ;
#2966 = EDGE_LOOP ( 'NONE', ( #1577, #505, #2041, #2443 ) ) ;
#2967 = PLANE ( 'NONE',  #1043 ) ;
#2968 = FILL_AREA_STYLE ('',( #486 ) ) ;
#2969 = ORIENTED_EDGE ( 'NONE', *, *, #328, .F. ) ;
#2970 = ORIENTED_EDGE ( 'NONE', *, *, #2448, .T. ) ;
#2971 = CARTESIAN_POINT ( 'NONE',  ( -2.105000000000000000, -2.489999999999999800, 0.2800000000000000300 ) ) ;
#2972 = AXIS2_PLACEMENT_3D ( 'NONE', #3199, #1737, #1492 ) ;
#2973 = DIRECTION ( 'NONE',  ( 0.0000000000000000000, 0.0000000000000000000, -1.000000000000000000 ) ) ;
#2974 = ORIENTED_EDGE ( 'NONE', *, *, #1624, .T. ) ;
#2975 = EDGE_LOOP ( 'NONE', ( #129, #594, #1926, #3002 ) ) ;
#2976 = EDGE_LOOP ( 'NONE', ( #1371, #305, #1323, #3101 ) ) ;
#2977 = CARTESIAN_POINT ( 'NONE',  ( -0.8350000000000039600, -3.049999999999999400, 0.2800000000000000300 ) ) ;
#2978 = CARTESIAN_POINT ( 'NONE',  ( 1.705000000000000100, 3.049999999999999800, 0.2800000000000000300 ) ) ;
#2979 = VECTOR ( 'NONE', #2391, 1000.000000000000000 ) ;
#2980 = FILL_AREA_STYLE_COLOUR ( '', #2312 ) ;
#2981 = ORIENTED_EDGE ( 'NONE', *, *, #1806, .F. ) ;
#2982 = EDGE_CURVE ( 'NONE', #692, #650, #225, .T. ) ;
#2983 = DIRECTION ( 'NONE',  ( 0.0000000000000000000, 0.0000000000000000000, -1.000000000000000000 ) ) ;
#2984 = DIRECTION ( 'NONE',  ( -1.000000000000000000, -1.084202172485507000E-015, 0.0000000000000000000 ) ) ;
#2985 = CARTESIAN_POINT ( 'NONE',  ( -2.449999999999999700, -2.875000000000000000, 0.0000000000000000000 ) ) ;
#2986 = FACE_OUTER_BOUND ( 'NONE', #3143, .T. ) ;
#2987 = ORIENTED_EDGE ( 'NONE', *, *, #2594, .T. ) ;
#2988 = EDGE_CURVE ( 'NONE', #424, #2907, #182, .T. ) ;
#2989 = DIRECTION ( 'NONE',  ( 0.0000000000000000000, 0.0000000000000000000, -1.000000000000000000 ) ) ;
#2990 = PLANE ( 'NONE',  #3277 ) ;
#2991 = EDGE_CURVE ( 'NONE', #2517, #2917, #1599, .T. ) ;
#2992 = CARTESIAN_POINT ( 'NONE',  ( -2.105000000000000400, 0.07496153618543829900, 0.0000000000000000000 ) ) ;
#2993 = AXIS2_PLACEMENT_3D ( 'NONE', #511, #826, #544 ) ;
#2994 = DIRECTION ( 'NONE',  ( 0.0000000000000000000, 0.0000000000000000000, -1.000000000000000000 ) ) ;
#2995 = FACE_OUTER_BOUND ( 'NONE', #1259, .T. ) ;
#2996 = AXIS2_PLACEMENT_3D ( 'NONE', #999, #1547, #1021 ) ;
#2997 = LINE ( 'NONE', #448, #2901 ) ;
#2998 = DIRECTION ( 'NONE',  ( -1.000000000000000000, -1.084202172485507000E-015, -0.0000000000000000000 ) ) ;
#2999 = DIRECTION ( 'NONE',  ( 0.0000000000000000000, 0.0000000000000000000, 1.000000000000000000 ) ) ;
#3000 = CIRCLE ( 'NONE', #883, 0.3500000000000000300 ) ;
#3001 = DIRECTION ( 'NONE',  ( 1.000000000000000000, 0.0000000000000000000, 0.0000000000000000000 ) ) ;
#3002 = ORIENTED_EDGE ( 'NONE', *, *, #2253, .T. ) ;
#3003 = PLANE ( 'NONE',  #493 ) ;
#3004 = CARTESIAN_POINT ( 'NONE',  ( -2.105000000000000000, -2.489999999999999800, 0.2800000000000000300 ) ) ;
#3005 = ORIENTED_EDGE ( 'NONE', *, *, #2812, .T. ) ;
#3006 = VECTOR ( 'NONE', #3178, 1000.000000000000000 ) ;
#3007 = CARTESIAN_POINT ( 'NONE',  ( -2.105000000000000000, -3.049999999999999800, 0.2800000000000000300 ) ) ;
#3008 = CARTESIAN_POINT ( 'NONE',  ( 2.310410196624968800, -0.1499999999999994100, 0.2800000000000000300 ) ) ;
#3009 = ORIENTED_EDGE ( 'NONE', *, *, #539, .T. ) ;
#3010 = VERTEX_POINT ( 'NONE', #680 ) ;
#3011 = EDGE_CURVE ( 'NONE', #736, #3377, #1863, .T. ) ;
#3012 = ORIENTED_EDGE ( 'NONE', *, *, #1018, .T. ) ;
#3013 = ORIENTED_EDGE ( 'NONE', *, *, #150, .F. ) ;
#3014 = DIRECTION ( 'NONE',  ( -1.000000000000000000, 8.850629979473504800E-017, 0.0000000000000000000 ) ) ;
#3015 = EDGE_LOOP ( 'NONE', ( #1376, #3587, #1581, #2611 ) ) ;
#3016 = ORIENTED_EDGE ( 'NONE', *, *, #3169, .F. ) ;
#3017 = EDGE_LOOP ( 'NONE', ( #1643, #428, #2333, #3447 ) ) ;
#3018 = DIRECTION ( 'NONE',  ( 0.0000000000000000000, 0.0000000000000000000, -1.000000000000000000 ) ) ;
#3019 = DIRECTION ( 'NONE',  ( 1.000000000000000000, 7.542275982507857100E-017, -0.0000000000000000000 ) ) ;
#3020 = CARTESIAN_POINT ( 'NONE',  ( -0.8350000000000039600, -3.049999999999999400, 0.2800000000000000300 ) ) ;
#3021 = DIRECTION ( 'NONE',  ( 0.0000000000000000000, 0.0000000000000000000, 1.000000000000000000 ) ) ;
#3022 = AXIS2_PLACEMENT_3D ( 'NONE', #2546, #600, #2525 ) ;
#3023 = PLANE ( 'NONE',  #209 ) ;
#3024 = LINE ( 'NONE', #1325, #1860 ) ;
#3025 = EDGE_CURVE ( 'NONE', #1713, #1762, #1088, .T. ) ;
#3026 = LINE ( 'NONE', #3195, #2259 ) ;
#3027 = EDGE_LOOP ( 'NONE', ( #1064, #2336, #2970, #2196 ) ) ;
#3028 = EDGE_LOOP ( 'NONE', ( #95, #1285, #2729, #2086 ) ) ;
#3029 = DIRECTION ( 'NONE',  ( -0.0000000000000000000, -0.0000000000000000000, -1.000000000000000000 ) ) ;
#3030 = LINE ( 'NONE', #802, #2888 ) ;
#3031 = VERTEX_POINT ( 'NONE', #1811 ) ;
#3032 = EDGE_CURVE ( 'NONE', #3161, #11, #354, .T. ) ;
#3033 = CARTESIAN_POINT ( 'NONE',  ( 2.450000000000000200, -2.875000000000000400, 0.0000000000000000000 ) ) ;
#3034 = CARTESIAN_POINT ( 'NONE',  ( -0.4350000000000000500, 2.400000000000000400, 0.2800000000000000300 ) ) ;
#3035 = CARTESIAN_POINT ( 'NONE',  ( -1.705000000000001000, 2.400000000000000400, 0.2800000000000000300 ) ) ;
#3036 = CARTESIAN_POINT ( 'NONE',  ( 0.4349999999999964500, -2.489999999999999800, 0.2800000000000000300 ) ) ;
#3037 = EDGE_CURVE ( 'NONE', #2309, #11, #1638, .T. ) ;
#3038 = LINE ( 'NONE', #191, #2852 ) ;
#3039 = FACE_OUTER_BOUND ( 'NONE', #1719, .T. ) ;
#3040 = DIRECTION ( 'NONE',  ( -2.001604010742469700E-015, -1.000000000000000000, 0.0000000000000000000 ) ) ;
#3041 = EDGE_CURVE ( 'NONE', #80, #1126, #2482, .T. ) ;
#3042 = VECTOR ( 'NONE', #3202, 1000.000000000000000 ) ;
#3043 = CARTESIAN_POINT ( 'NONE',  ( 0.8350000000000000800, -3.049999999999999800, -0.0000000000000000000 ) ) ;
#3044 = CARTESIAN_POINT ( 'NONE',  ( -0.8350000000000038500, -2.875000000000000400, 0.0000000000000000000 ) ) ;
#3045 = DIRECTION ( 'NONE',  ( 0.0000000000000000000, -1.000000000000000000, 0.0000000000000000000 ) ) ;
#3046 = CARTESIAN_POINT ( 'NONE',  ( -2.575000000000000200, -0.3500000000000002000, 0.2800000000000000300 ) ) ;
#3047 = ADVANCED_FACE ( 'NONE', ( #1726 ), #3494, .T. ) ;
#3048 = LINE ( 'NONE', #475, #2101 ) ;
#3049 = VECTOR ( 'NONE', #1451, 1000.000000000000000 ) ;
#3050 = ORIENTED_EDGE ( 'NONE', *, *, #1554, .T. ) ;
#3051 = VERTEX_POINT ( 'NONE', #2366 ) ;
#3052 = VECTOR ( 'NONE', #1339, 1000.000000000000000 ) ;
#3053 = VERTEX_POINT ( 'NONE', #1758 ) ;
#3054 = LINE ( 'NONE', #135, #121 ) ;
#3055 = CARTESIAN_POINT ( 'NONE',  ( 1.975000000000000100, -0.2500000000000000000, 0.2800000000000000300 ) ) ;
#3056 = PLANE ( 'NONE',  #1933 ) ;
#3057 = EDGE_CURVE ( 'NONE', #3488, #783, #3459, .T. ) ;
#3058 = CARTESIAN_POINT ( 'NONE',  ( -1.975000000000000100, -0.2500000000000000000, 0.0000000000000000000 ) ) ;
#3059 = CARTESIAN_POINT ( 'NONE',  ( 2.105000000000000000, -1.290000000000000300, 0.2800000000000000300 ) ) ;
#3060 = DIRECTION ( 'NONE',  ( 1.000000000000000000, 0.0000000000000000000, 0.0000000000000000000 ) ) ;
#3061 = EDGE_LOOP ( 'NONE', ( #1688, #3102, #4, #3066 ) ) ;
#3062 = ORIENTED_EDGE ( 'NONE', *, *, #1208, .F. ) ;
#3063 = EDGE_LOOP ( 'NONE', ( #3532, #702, #54, #302 ) ) ;
#3064 = VERTEX_POINT ( 'NONE', #393 ) ;
#3065 = ORIENTED_EDGE ( 'NONE', *, *, #333, .T. ) ;
#3066 = ORIENTED_EDGE ( 'NONE', *, *, #1614, .T. ) ;
#3067 = ADVANCED_FACE ( 'NONE', ( #2700 ), #667, .T. ) ;
#3068 = VECTOR ( 'NONE', #351, 1000.000000000000000 ) ;
#3069 = DIRECTION ( 'NONE',  ( -0.0000000000000000000, -1.000000000000000000, -0.0000000000000000000 ) ) ;
#3070 = PLANE ( 'NONE',  #1243 ) ;
#3071 = CARTESIAN_POINT ( 'NONE',  ( 0.4349999999999964500, -2.489999999999999800, 0.2800000000000000300 ) ) ;
#3072 = CARTESIAN_POINT ( 'NONE',  ( 1.704999999999998700, 2.399999999999999900, 0.2800000000000000300 ) ) ;
#3073 = VECTOR ( 'NONE', #2164, 1000.000000000000000 ) ;
#3074 = EDGE_LOOP ( 'NONE', ( #1826, #1800, #3610, #3104 ) ) ;
#3075 = ORIENTED_EDGE ( 'NONE', *, *, #162, .T. ) ;
#3076 = LINE ( 'NONE', #1048, #3164 ) ;
#3077 = DIRECTION ( 'NONE',  ( 1.000000000000000000, 0.0000000000000000000, 0.0000000000000000000 ) ) ;
#3078 = CARTESIAN_POINT ( 'NONE',  ( -1.705000000000001000, -2.489999999999999300, 0.0000000000000000000 ) ) ;
#3079 = CARTESIAN_POINT ( 'NONE',  ( 0.8350000000000000800, 2.399999999999999900, 0.2800000000000000300 ) ) ;
#3080 = DIRECTION ( 'NONE',  ( 1.508455196501571400E-016, -1.000000000000000000, 0.0000000000000000000 ) ) ;
#3081 = LINE ( 'NONE', #636, #1522 ) ;
#3082 = EDGE_CURVE ( 'NONE', #913, #3541, #1509, .T. ) ;
#3083 = ADVANCED_FACE ( 'NONE', ( #1133 ), #1226, .T. ) ;
#3084 = FACE_OUTER_BOUND ( 'NONE', #3364, .T. ) ;
#3085 = LINE ( 'NONE', #2743, #2763 ) ;
#3086 = DIRECTION ( 'NONE',  ( 0.0000000000000000000, 1.000000000000000000, 0.0000000000000000000 ) ) ;
#3087 = MANIFOLD_SOLID_BREP ( 'Lead1', #3293 ) ;
#3088 = AXIS2_PLACEMENT_3D ( 'NONE', #2062, #934, #2301 ) ;
#3089 = CARTESIAN_POINT ( 'NONE',  ( -2.575000000000000200, -0.3500000000000002000, 0.0000000000000000000 ) ) ;
#3090 = DIRECTION ( 'NONE',  ( 5.808225924029485800E-016, 1.000000000000000000, 0.0000000000000000000 ) ) ;
#3091 = VECTOR ( 'NONE', #588, 1000.000000000000000 ) ;
#3092 = CARTESIAN_POINT ( 'NONE',  ( 2.105000000000000400, -0.5749615361854383300, 0.2800000000000000300 ) ) ;
#3093 = ORIENTED_EDGE ( 'NONE', *, *, #782, .F. ) ;
#3094 = VERTEX_POINT ( 'NONE', #437 ) ;
#3095 = VECTOR ( 'NONE', #2570, 1000.000000000000000 ) ;
#3096 = EDGE_CURVE ( 'NONE', #1853, #463, #3026, .T. ) ;
#3097 = ORIENTED_EDGE ( 'NONE', *, *, #1386, .T. ) ;
#3098 = EDGE_LOOP ( 'NONE', ( #2691, #1116, #1410, #298 ) ) ;
#3099 = ADVANCED_FACE ( 'NONE', ( #526 ), #1834, .T. ) ;
#3100 = EDGE_CURVE ( 'NONE', #687, #738, #2167, .T. ) ;
#3101 = ORIENTED_EDGE ( 'NONE', *, *, #3082, .T. ) ;
#3102 = ORIENTED_EDGE ( 'NONE', *, *, #2200, .F. ) ;
#3103 = EDGE_CURVE ( 'NONE', #1079, #2211, #3582, .T. ) ;
#3104 = ORIENTED_EDGE ( 'NONE', *, *, #3025, .T. ) ;
#3105 = DIRECTION ( 'NONE',  ( 0.0000000000000000000, 0.0000000000000000000, 1.000000000000000000 ) ) ;
#3106 = ORIENTED_EDGE ( 'NONE', *, *, #539, .F. ) ;
#3107 = DIRECTION ( 'NONE',  ( 1.000000000000000000, -8.850629979473504800E-017, 0.0000000000000000000 ) ) ;
#3108 = VERTEX_POINT ( 'NONE', #705 ) ;
#3109 = PLANE ( 'NONE',  #2559 ) ;
#3110 = FACE_OUTER_BOUND ( 'NONE', #1425, .T. ) ;
#3111 = AXIS2_PLACEMENT_3D ( 'NONE', #1100, #1369, #3345 ) ;
#3112 = VECTOR ( 'NONE', #971, 1000.000000000000000 ) ;
#3113 = VERTEX_POINT ( 'NONE', #1001 ) ;
#3114 = VERTEX_POINT ( 'NONE', #2104 ) ;
#3115 = VECTOR ( 'NONE', #2524, 1000.000000000000000 ) ;
#3116 = VERTEX_POINT ( 'NONE', #2382 ) ;
#3117 = ADVANCED_FACE ( 'NONE', ( #2085 ), #2694, .T. ) ;
#3118 = EDGE_CURVE ( 'NONE', #2210, #859, #1418, .T. ) ;
#3119 = DIRECTION ( 'NONE',  ( -0.08682659386424430900, 0.08682659386424430900, 0.9924325091389677400 ) ) ;
#3120 = LINE ( 'NONE', #3221, #1605 ) ;
#3121 = DIRECTION ( 'NONE',  ( 0.0000000000000000000, 0.0000000000000000000, -1.000000000000000000 ) ) ;
#3122 = DIRECTION ( 'NONE',  ( -0.0000000000000000000, -0.0000000000000000000, 1.000000000000000000 ) ) ;
#3123 = CARTESIAN_POINT ( 'NONE',  ( 1.975000000000000100, -0.2500000000000000000, -0.0000000000000000000 ) ) ;
#3124 = CARTESIAN_POINT ( 'NONE',  ( 0.0000000000000000000, 0.0000000000000000000, 0.2800000000000000300 ) ) ;
#3125 = SURFACE_STYLE_FILL_AREA ( #2340 ) ;
#3126 = CARTESIAN_POINT ( 'NONE',  ( 0.4349999999999994400, 2.399999999999999900, 0.2800000000000000300 ) ) ;
#3127 = DIRECTION ( 'NONE',  ( -6.672013369141566200E-016, -1.000000000000000000, 0.0000000000000000000 ) ) ;
#3128 = FACE_OUTER_BOUND ( 'NONE', #2380, .T. ) ;
#3129 = LINE ( 'NONE', #2825, #2548 ) ;
#3130 = ORIENTED_EDGE ( 'NONE', *, *, #967, .F. ) ;
#3131 = DIRECTION ( 'NONE',  ( 0.0000000000000000000, -0.0000000000000000000, 1.000000000000000000 ) ) ;
#3132 = ADVANCED_FACE ( 'NONE', ( #998 ), #1847, .T. ) ;
#3133 = ORIENTED_EDGE ( 'NONE', *, *, #1067, .T. ) ;
#3134 = VECTOR ( 'NONE', #557, 1000.000000000000000 ) ;
#3135 = AXIS2_PLACEMENT_3D ( 'NONE', #2214, #2473, #12 ) ;
#3136 = AXIS2_PLACEMENT_3D ( 'NONE', #2756, #2769, #1121 ) ;
#3137 = CARTESIAN_POINT ( 'NONE',  ( 2.105000000000000900, 2.874999999999999600, 1.000000000000000000 ) ) ;
#3138 = ORIENTED_EDGE ( 'NONE', *, *, #2527, .F. ) ;
#3139 = EDGE_LOOP ( 'NONE', ( #311, #1374, #245, #477 ) ) ;
#3140 = VECTOR ( 'NONE', #1725, 1000.000000000000000 ) ;
#3141 = VERTEX_POINT ( 'NONE', #3290 ) ;
#3142 = CARTESIAN_POINT ( 'NONE',  ( 2.105000000000000000, 3.049999999999999800, 0.2800000000000000300 ) ) ;
#3143 = EDGE_LOOP ( 'NONE', ( #1619, #2660, #1491, #1440 ) ) ;
#3144 = EDGE_CURVE ( 'NONE', #2155, #1122, #2395, .T. ) ;
#3145 = PLANE ( 'NONE',  #1652 ) ;
#3146 = ORIENTED_EDGE ( 'NONE', *, *, #1426, .T. ) ;
#3147 = EDGE_LOOP ( 'NONE', ( #45, #2791, #2662, #864 ) ) ;
#3148 = ORIENTED_EDGE ( 'NONE', *, *, #1944, .T. ) ;
#3149 = DIRECTION ( 'NONE',  ( -0.0000000000000000000, -0.0000000000000000000, -1.000000000000000000 ) ) ;
#3150 = EDGE_CURVE ( 'NONE', #3236, #244, #3496, .T. ) ;
#3151 = DIRECTION ( 'NONE',  ( -1.000000000000000000, 1.084202172485499900E-015, -0.0000000000000000000 ) ) ;
#3152 = DIRECTION ( 'NONE',  ( 0.0000000000000000000, 0.0000000000000000000, 1.000000000000000000 ) ) ;
#3153 = VECTOR ( 'NONE', #1177, 1000.000000000000000 ) ;
#3154 = ADVANCED_FACE ( 'NONE', ( #1986 ), #2667, .T. ) ;
#3155 = VECTOR ( 'NONE', #2555, 1000.000000000000000 ) ;
#3156 = ORIENTED_EDGE ( 'NONE', *, *, #261, .T. ) ;
#3157 = CARTESIAN_POINT ( 'NONE',  ( -2.488804374343436800E-016, -2.812008162261335100, 1.000000000000000000 ) ) ;
#3158 = AXIS2_PLACEMENT_3D ( 'NONE', #1469, #410, #3173 ) ;
#3159 = EDGE_CURVE ( 'NONE', #2067, #1255, #2166, .T. ) ;
#3160 = FACE_OUTER_BOUND ( 'NONE', #1979, .T. ) ;
#3161 = VERTEX_POINT ( 'NONE', #3264 ) ;
#3162 = CARTESIAN_POINT ( 'NONE',  ( 0.8350000000000000800, 2.399999999999999900, 0.2800000000000000300 ) ) ;
#3163 = CARTESIAN_POINT ( 'NONE',  ( 2.310410196624968800, -0.3500000000000005300, 0.2800000000000000300 ) ) ;
#3164 = VECTOR ( 'NONE', #3251, 1000.000000000000000 ) ;
#3165 = CARTESIAN_POINT ( 'NONE',  ( 1.704999999999998700, -3.049999999999999800, 0.2800000000000000300 ) ) ;
#3166 = PLANE ( 'NONE',  #1221 ) ;
#3167 = CARTESIAN_POINT ( 'NONE',  ( -2.450000000000000600, 2.875000000000000000, 1.000000000000000000 ) ) ;
#3168 = LINE ( 'NONE', #2884, #668 ) ;
#3169 = EDGE_CURVE ( 'NONE', #1241, #3064, #309, .T. ) ;
#3170 = CARTESIAN_POINT ( 'NONE',  ( -2.449999999999998400, -0.3500000000000000900, 0.2800000000000000300 ) ) ;
#3171 = ADVANCED_FACE ( 'NONE', ( #3110 ), #786, .F. ) ;
#3172 = EDGE_CURVE ( 'NONE', #424, #1299, #525, .T. ) ;
#3173 = DIRECTION ( 'NONE',  ( 0.0000000000000000000, 0.0000000000000000000, 1.000000000000000000 ) ) ;
#3174 = VECTOR ( 'NONE', #3431, 1000.000000000000000 ) ;
#3175 = FACE_OUTER_BOUND ( 'NONE', #260, .T. ) ;
#3176 = CARTESIAN_POINT ( 'NONE',  ( -2.105000000000000000, -1.289999999999999800, 0.2800000000000000300 ) ) ;
#3177 = DIRECTION ( 'NONE',  ( -7.542275982507857100E-017, 1.000000000000000000, 0.0000000000000000000 ) ) ;
#3178 = DIRECTION ( 'NONE',  ( 5.808225924029485800E-016, 1.000000000000000000, 0.0000000000000000000 ) ) ;
#3179 = EDGE_CURVE ( 'NONE', #2550, #495, #1681, .T. ) ;
#3180 = ORIENTED_EDGE ( 'NONE', *, *, #1456, .F. ) ;
#3181 = VECTOR ( 'NONE', #3502, 1000.000000000000000 ) ;
#3182 = AXIS2_PLACEMENT_3D ( 'NONE', #2097, #3542, #1802 ) ;
#3183 = ORIENTED_EDGE ( 'NONE', *, *, #2960, .F. ) ;
#3184 = ORIENTED_EDGE ( 'NONE', *, *, #347, .T. ) ;
#3185 = DIRECTION ( 'NONE',  ( -1.457731973112512100E-016, 1.000000000000000000, 0.0000000000000000000 ) ) ;
#3186 = DIRECTION ( 'NONE',  ( -0.0000000000000000000, -1.000000000000000000, -0.0000000000000000000 ) ) ;
#3187 = EDGE_LOOP ( 'NONE', ( #3493, #360, #1532, #342 ) ) ;
#3188 = DIRECTION ( 'NONE',  ( 1.000000000000000000, 0.0000000000000000000, 0.0000000000000000000 ) ) ;
#3189 = ORIENTED_EDGE ( 'NONE', *, *, #1873, .T. ) ;
#3190 = DIRECTION ( 'NONE',  ( -1.000000000000000000, 0.0000000000000000000, 0.0000000000000000000 ) ) ;
#3191 = ADVANCED_FACE ( 'NONE', ( #2929 ), #489, .T. ) ;
#3192 = EDGE_LOOP ( 'NONE', ( #1909, #1505, #657, #3133 ) ) ;
#3193 = EDGE_LOOP ( 'NONE', ( #558, #1377, #644, #2417 ) ) ;
#3194 = ORIENTED_EDGE ( 'NONE', *, *, #2189, .F. ) ;
#3195 = CARTESIAN_POINT ( 'NONE',  ( 1.704999999999998700, -2.490000000000000200, 0.2800000000000000300 ) ) ;
#3196 = CARTESIAN_POINT ( 'NONE',  ( 0.4349999999999994400, 2.399999999999999900, 0.2800000000000000300 ) ) ;
#3197 = VECTOR ( 'NONE', #267, 1000.000000000000000 ) ;
#3198 = ORIENTED_EDGE ( 'NONE', *, *, #2133, .F. ) ;
#3199 = CARTESIAN_POINT ( 'NONE',  ( 1.704999999999998700, -2.490000000000000200, 0.2800000000000000300 ) ) ;
#3200 = EDGE_CURVE ( 'NONE', #2109, #3053, #1251, .T. ) ;
#3201 = SURFACE_SIDE_STYLE ('',( #2455 ) ) ;
#3202 = DIRECTION ( 'NONE',  ( 1.000000000000000000, -6.146507680884146000E-016, 0.0000000000000000000 ) ) ;
#3203 = COLOUR_RGB ( '',1.000000000000000000, 1.000000000000000000, 1.000000000000000000 ) ;
#3204 = ORIENTED_EDGE ( 'NONE', *, *, #1394, .T. ) ;
#3205 = ORIENTED_EDGE ( 'NONE', *, *, #3103, .F. ) ;
#3206 = DIRECTION ( 'NONE',  ( 0.0000000000000000000, 0.0000000000000000000, 1.000000000000000000 ) ) ;
#3207 = DIRECTION ( 'NONE',  ( -1.000000000000000000, -6.146507680884146000E-016, 0.0000000000000000000 ) ) ;
#3208 = ORIENTED_EDGE ( 'NONE', *, *, #3172, .T. ) ;
#3209 = CARTESIAN_POINT ( 'NONE',  ( 1.704999999999999600, 2.875000000000000000, 0.0000000000000000000 ) ) ;
#3210 = LINE ( 'NONE', #153, #2094 ) ;
#3211 = EDGE_CURVE ( 'NONE', #2309, #605, #3024, .T. ) ;
#3212 = CARTESIAN_POINT ( 'NONE',  ( -1.705000000000001000, 2.400000000000000400, 0.2800000000000000300 ) ) ;
#3213 = CARTESIAN_POINT ( 'NONE',  ( -0.4350000000000000500, -3.049999999999999400, 0.2800000000000000300 ) ) ;
#3214 = DIRECTION ( 'NONE',  ( -0.0000000000000000000, -0.0000000000000000000, -1.000000000000000000 ) ) ;
#3215 = DIRECTION ( 'NONE',  ( 0.0000000000000000000, 0.0000000000000000000, -1.000000000000000000 ) ) ;
#3216 = FACE_OUTER_BOUND ( 'NONE', #1885, .T. ) ;
#3217 = EDGE_CURVE ( 'NONE', #1134, #1335, #2304, .T. ) ;
#3218 = EDGE_CURVE ( 'NONE', #2944, #297, #2124, .T. ) ;
#3219 = PRESENTATION_STYLE_ASSIGNMENT (( #1236 ) ) ;
#3220 = VECTOR ( 'NONE', #2693, 1000.000000000000000 ) ;
#3221 = CARTESIAN_POINT ( 'NONE',  ( -2.450000000000000600, 2.875000000000000000, 0.0000000000000000000 ) ) ;
#3222 = VERTEX_POINT ( 'NONE', #1074 ) ;
#3223 = EDGE_LOOP ( 'NONE', ( #785, #1071, #1776, #2343 ) ) ;
#3224 = ORIENTED_EDGE ( 'NONE', *, *, #2402, .T. ) ;
#3225 = DIRECTION ( 'NONE',  ( 0.0000000000000000000, 0.0000000000000000000, -1.000000000000000000 ) ) ;
#3226 = VECTOR ( 'NONE', #2493, 1000.000000000000000 ) ;
#3227 = DIRECTION ( 'NONE',  ( 0.0000000000000000000, 0.0000000000000000000, -1.000000000000000000 ) ) ;
#3228 = CARTESIAN_POINT ( 'NONE',  ( -2.105000000000000400, -0.5749615361854384400, 0.2800000000000000300 ) ) ;
#3229 = ORIENTED_EDGE ( 'NONE', *, *, #3200, .T. ) ;
#3230 = VECTOR ( 'NONE', #1502, 1000.000000000000000 ) ;
#3231 = ORIENTED_EDGE ( 'NONE', *, *, #1754, .F. ) ;
#3232 =( NAMED_UNIT ( * ) SI_UNIT ( $, .STERADIAN. ) SOLID_ANGLE_UNIT ( ) );
#3233 = CARTESIAN_POINT ( 'NONE',  ( 0.4349999999999961100, -3.049999999999999800, -0.0000000000000000000 ) ) ;
#3234 = EDGE_CURVE ( 'NONE', #687, #2109, #655, .T. ) ;
#3235 = AXIS2_PLACEMENT_3D ( 'NONE', #378, #1216, #695 ) ;
#3236 = VERTEX_POINT ( 'NONE', #233 ) ;
#3237 = ORIENTED_EDGE ( 'NONE', *, *, #3509, .F. ) ;
#3238 =( NAMED_UNIT ( * ) PLANE_ANGLE_UNIT ( ) SI_UNIT ( $, .RADIAN. ) );
#3239 = CARTESIAN_POINT ( 'NONE',  ( -2.105000000000000400, -0.5749615361854384400, 0.2800000000000000300 ) ) ;
#3240 = CARTESIAN_POINT ( 'NONE',  ( 1.704999999999998700, 2.399999999999999900, 0.2800000000000000300 ) ) ;
#3241 = LINE ( 'NONE', #3420, #2481 ) ;
#3242 = DIRECTION ( 'NONE',  ( -0.0000000000000000000, -0.0000000000000000000, -1.000000000000000000 ) ) ;
#3243 = EDGE_CURVE ( 'NONE', #244, #1766, #10, .T. ) ;
#3244 = FACE_OUTER_BOUND ( 'NONE', #2775, .T. ) ;
#3245 = ORIENTED_EDGE ( 'NONE', *, *, #3601, .F. ) ;
#3246 = VERTEX_POINT ( 'NONE', #1356 ) ;
#3247 = DIRECTION ( 'NONE',  ( -1.000000000000000000, -1.024417946814024500E-015, -0.0000000000000000000 ) ) ;
#3248 = VECTOR ( 'NONE', #2188, 1000.000000000000000 ) ;
#3249 = ORIENTED_EDGE ( 'NONE', *, *, #2951, .F. ) ;
#3250 = CARTESIAN_POINT ( 'NONE',  ( 2.105000000000000400, -2.490000000000000200, -0.0000000000000000000 ) ) ;
#3251 = DIRECTION ( 'NONE',  ( -0.0000000000000000000, -1.000000000000000000, -0.0000000000000000000 ) ) ;
#3252 = FACE_OUTER_BOUND ( 'NONE', #1245, .T. ) ;
#3253 = CARTESIAN_POINT ( 'NONE',  ( 1.704999999999998700, -2.490000000000000200, 0.2800000000000000300 ) ) ;
#3254 = DIRECTION ( 'NONE',  ( 1.000000000000000000, -1.084202172485499900E-015, 0.0000000000000000000 ) ) ;
#3255 =( GEOMETRIC_REPRESENTATION_CONTEXT ( 3 ) GLOBAL_UNCERTAINTY_ASSIGNED_CONTEXT ( ( #975 ) ) GLOBAL_UNIT_ASSIGNED_CONTEXT ( ( #3489, #960, #666 ) ) REPRESENTATION_CONTEXT ( 'NONE', 'WORKASPACE' ) );
#3256 = VECTOR ( 'NONE', #373, 1000.000000000000000 ) ;
#3257 = PLANE ( 'NONE',  #3182 ) ;
#3258 = LINE ( 'NONE', #1821, #847 ) ;
#3259 = DIRECTION ( 'NONE',  ( -1.000000000000000000, 6.146507680884146000E-016, 0.0000000000000000000 ) ) ;
#3260 = CARTESIAN_POINT ( 'NONE',  ( 0.4349999999999998300, 3.050000000000000300, 0.0000000000000000000 ) ) ;
#3261 = VECTOR ( 'NONE', #2001, 1000.000000000000000 ) ;
#3262 = CARTESIAN_POINT ( 'NONE',  ( 0.8350000000000000800, 3.050000000000000300, 0.2800000000000000300 ) ) ;
#3263 = VECTOR ( 'NONE', #2784, 1000.000000000000000 ) ;
#3264 = CARTESIAN_POINT ( 'NONE',  ( -2.310410196624968800, -0.3499999999999999200, 0.2800000000000000300 ) ) ;
#3265 = CARTESIAN_POINT ( 'NONE',  ( 1.704999999999998700, 2.399999999999999900, 0.0000000000000000000 ) ) ;
#3266 = VECTOR ( 'NONE', #1040, 1000.000000000000000 ) ;
#3267 = EDGE_CURVE ( 'NONE', #867, #1078, #746, .T. ) ;
#3268 = VERTEX_POINT ( 'NONE', #2718 ) ;
#3269 = EDGE_LOOP ( 'NONE', ( #922, #2638, #2472, #1458 ) ) ;
#3270 = VERTEX_POINT ( 'NONE', #3044 ) ;
#3271 = ORIENTED_EDGE ( 'NONE', *, *, #2534, .T. ) ;
#3272 = DIRECTION ( 'NONE',  ( 1.000000000000000000, -4.984837574646000400E-016, 0.0000000000000000000 ) ) ;
#3273 = CARTESIAN_POINT ( 'NONE',  ( -2.575000000000000200, -0.3500000000000002000, 0.2800000000000000300 ) ) ;
#3274 = ORIENTED_EDGE ( 'NONE', *, *, #596, .T. ) ;
#3275 = ORIENTED_EDGE ( 'NONE', *, *, #47, .F. ) ;
#3276 = CARTESIAN_POINT ( 'NONE',  ( 1.704999999999998700, -3.049999999999999800, 0.2800000000000000300 ) ) ;
#3277 = AXIS2_PLACEMENT_3D ( 'NONE', #2664, #1520, #426 ) ;
#3278 = CARTESIAN_POINT ( 'NONE',  ( -2.105000000000000000, -1.289999999999999800, 0.0000000000000000000 ) ) ;
#3279 = AXIS2_PLACEMENT_3D ( 'NONE', #1350, #3322, #2759 ) ;
#3280 = ORIENTED_EDGE ( 'NONE', *, *, #888, .F. ) ;
#3281 = VERTEX_POINT ( 'NONE', #2477 ) ;
#3282 = ORIENTED_EDGE ( 'NONE', *, *, #3011, .T. ) ;
#3283 = CARTESIAN_POINT ( 'NONE',  ( -2.449999999999999700, -2.875000000000000000, 1.000000000000000000 ) ) ;
#3284 = EDGE_CURVE ( 'NONE', #1163, #3051, #2256, .T. ) ;
#3285 = DIRECTION ( 'NONE',  ( 1.508455196501571400E-016, -1.000000000000000000, 0.0000000000000000000 ) ) ;
#3286 = VECTOR ( 'NONE', #1349, 1000.000000000000000 ) ;
#3287 = DIRECTION ( 'NONE',  ( -1.000000000000000000, 0.0000000000000000000, 0.0000000000000000000 ) ) ;
#3288 = EDGE_CURVE ( 'NONE', #492, #783, #1340, .T. ) ;
#3289 = CARTESIAN_POINT ( 'NONE',  ( -0.4350000000000000500, -3.049999999999999400, 0.2800000000000000300 ) ) ;
#3290 = CARTESIAN_POINT ( 'NONE',  ( -0.8350000000000003000, 2.874999999999997300, 0.2800000000000000300 ) ) ;
#3291 = CARTESIAN_POINT ( 'NONE',  ( 2.450000000000000200, -2.875000000000000400, 0.2799999999999729900 ) ) ;
#3292 = EDGE_LOOP ( 'NONE', ( #1765, #2036, #2075, #40 ) ) ;
#3293 = CLOSED_SHELL ( 'NONE', ( #3191, #1474, #421, #3154, #2351, #2179 ) ) ;
#3294 = EDGE_CURVE ( 'NONE', #2879, #1032, #3576, .T. ) ;
#3295 = LINE ( 'NONE', #275, #1094 ) ;
#3296 = VERTEX_POINT ( 'NONE', #1913 ) ;
#3297 = CARTESIAN_POINT ( 'NONE',  ( -1.705000000000001000, 2.400000000000000400, 0.2800000000000000300 ) ) ;
#3298 = VECTOR ( 'NONE', #2646, 1000.000000000000000 ) ;
#3299 = EDGE_CURVE ( 'NONE', #868, #2210, #1129, .T. ) ;
#3300 = CARTESIAN_POINT ( 'NONE',  ( 2.105000000000000400, 0.07496153618543835400, 0.2800000000000000300 ) ) ;
#3301 = CARTESIAN_POINT ( 'NONE',  ( -1.974496825787255900, -1.899496825787255500, 0.9000000000000000200 ) ) ;
#3302 = DIRECTION ( 'NONE',  ( 1.668003342285391500E-015, 1.000000000000000000, 0.0000000000000000000 ) ) ;
#3303 = VECTOR ( 'NONE', #2954, 1000.000000000000000 ) ;
#3304 = LINE ( 'NONE', #924, #3042 ) ;
#3305 = FACE_OUTER_BOUND ( 'NONE', #3482, .T. ) ;
#3306 = LINE ( 'NONE', #3289, #1703 ) ;
#3307 = VERTEX_POINT ( 'NONE', #2465 ) ;
#3308 = CARTESIAN_POINT ( 'NONE',  ( 2.105000000000000400, 0.07496153618543835400, 0.0000000000000000000 ) ) ;
#3309 = EDGE_LOOP ( 'NONE', ( #163, #3245, #2792, #780 ) ) ;
#3310 = DIRECTION ( 'NONE',  ( -1.000000000000000000, 0.0000000000000000000, 0.0000000000000000000 ) ) ;
#3311 = ORIENTED_EDGE ( 'NONE', *, *, #1386, .F. ) ;
#3312 = FACE_OUTER_BOUND ( 'NONE', #2295, .T. ) ;
#3313 = CARTESIAN_POINT ( 'NONE',  ( 0.8350000000000000800, 2.399999999999999900, 0.2800000000000000300 ) ) ;
#3314 = CARTESIAN_POINT ( 'NONE',  ( -1.705000000000001000, -3.049999999999999400, 0.2800000000000000300 ) ) ;
#3315 = ORIENTED_EDGE ( 'NONE', *, *, #3103, .T. ) ;
#3316 = LINE ( 'NONE', #2834, #380 ) ;
#3317 = ADVANCED_FACE ( 'NONE', ( #2841 ), #2734, .F. ) ;
#3318 = EDGE_LOOP ( 'NONE', ( #693, #1457, #3499, #1237 ) ) ;
#3319 = ORIENTED_EDGE ( 'NONE', *, *, #1903, .T. ) ;
#3320 = CARTESIAN_POINT ( 'NONE',  ( 1.704999999999998700, 2.399999999999999900, 0.2800000000000000300 ) ) ;
#3321 = CARTESIAN_POINT ( 'NONE',  ( -1.704999999999999800, 3.050000000000000300, 0.2800000000000000300 ) ) ;
#3322 = DIRECTION ( 'NONE',  ( 1.000000000000000000, -0.0000000000000000000, 0.0000000000000000000 ) ) ;
#3323 = AXIS2_PLACEMENT_3D ( 'NONE', #3370, #2500, #1097 ) ;
#3324 = FACE_OUTER_BOUND ( 'NONE', #3187, .T. ) ;
#3325 = EDGE_CURVE ( 'NONE', #2373, #2245, #961, .T. ) ;
#3326 = LINE ( 'NONE', #367, #1775 ) ;
#3327 = ORIENTED_EDGE ( 'NONE', *, *, #2684, .F. ) ;
#3328 = VERTEX_POINT ( 'NONE', #801 ) ;
#3329 = DIRECTION ( 'NONE',  ( -1.000000000000000000, 0.0000000000000000000, -0.0000000000000000000 ) ) ;
#3330 = LINE ( 'NONE', #1106, #1423 ) ;
#3331 = ORIENTED_EDGE ( 'NONE', *, *, #2642, .F. ) ;
#3332 = CARTESIAN_POINT ( 'NONE',  ( -2.105000000000000000, -1.289999999999999800, 0.0000000000000000000 ) ) ;
#3333 = PLANE ( 'NONE',  #2033 ) ;
#3334 = DIRECTION ( 'NONE',  ( -0.0000000000000000000, -1.000000000000000000, -0.0000000000000000000 ) ) ;
#3335 = FACE_OUTER_BOUND ( 'NONE', #2556, .T. ) ;
#3336 = EDGE_CURVE ( 'NONE', #2388, #1721, #1384, .T. ) ;
#3337 = ADVANCED_FACE ( 'NONE', ( #1552 ), #2744, .F. ) ;
#3338 = PLANE ( 'NONE',  #1218 ) ;
#3339 = FACE_OUTER_BOUND ( 'NONE', #3362, .T. ) ;
#3340 = DIRECTION ( 'NONE',  ( 1.457731973112512100E-016, -1.000000000000000000, 0.0000000000000000000 ) ) ;
#3341 = AXIS2_PLACEMENT_3D ( 'NONE', #1767, #3471, #957 ) ;
#3342 = EDGE_CURVE ( 'NONE', #3222, #1537, #3540, .T. ) ;
#3343 = CIRCLE ( 'NONE', #464, 0.3500000000000000300 ) ;
#3344 = CARTESIAN_POINT ( 'NONE',  ( -1.975000000000000100, -0.2500000000000000000, 0.2800000000000000300 ) ) ;
#3345 = DIRECTION ( 'NONE',  ( -1.508455196501571400E-016, 1.000000000000000000, 0.0000000000000000000 ) ) ;
#3346 = CARTESIAN_POINT ( 'NONE',  ( -2.105000000000000000, -2.874999999999997800, 0.2800000000000000300 ) ) ;
#3347 = LINE ( 'NONE', #2588, #1360 ) ;
#3348 = LINE ( 'NONE', #1922, #2506 ) ;
#3349 = VERTEX_POINT ( 'NONE', #2174 ) ;
#3350 = LINE ( 'NONE', #2503, #3226 ) ;
#3351 = ADVANCED_FACE ( 'NONE', ( #2350 ), #1395, .T. ) ;
#3352 = EDGE_CURVE ( 'NONE', #2150, #941, #94, .T. ) ;
#3353 = ORIENTED_EDGE ( 'NONE', *, *, #2751, .F. ) ;
#3354 = LINE ( 'NONE', #2306, #1801 ) ;
#3355 = CARTESIAN_POINT ( 'NONE',  ( 0.0000000000000000000, 0.0000000000000000000, 0.0000000000000000000 ) ) ;
#3356 = CARTESIAN_POINT ( 'NONE',  ( 1.975000000000000100, -0.2500000000000000000, -0.0000000000000000000 ) ) ;
#3357 = CARTESIAN_POINT ( 'NONE',  ( -2.575000000000000200, -0.3500000000000002000, 0.2800000000000000300 ) ) ;
#3358 = EDGE_CURVE ( 'NONE', #1665, #2172, #134, .T. ) ;
#3359 = PLANE ( 'NONE',  #490 ) ;
#3360 = ORIENTED_EDGE ( 'NONE', *, *, #152, .F. ) ;
#3361 = EDGE_LOOP ( 'NONE', ( #2251, #2531, #2508, #1666 ) ) ;
#3362 = EDGE_LOOP ( 'NONE', ( #308, #905, #2246, #218 ) ) ;
#3363 = ORIENTED_EDGE ( 'NONE', *, *, #2017, .F. ) ;
#3364 = EDGE_LOOP ( 'NONE', ( #3363, #1124, #379, #2912 ) ) ;
#3365 = ORIENTED_EDGE ( 'NONE', *, *, #1322, .F. ) ;
#3366 = ORIENTED_EDGE ( 'NONE', *, *, #3211, .F. ) ;
#3367 = EDGE_CURVE ( 'NONE', #1255, #11, #2432, .T. ) ;
#3368 = AXIS2_PLACEMENT_3D ( 'NONE', #50, #1938, #2802 ) ;
#3369 = CARTESIAN_POINT ( 'NONE',  ( 2.310410196624968800, -0.3500000000000005900, -0.0000000000000000000 ) ) ;
#3370 = CARTESIAN_POINT ( 'NONE',  ( 0.0000000000000000000, 0.0000000000000000000, 0.0000000000000000000 ) ) ;
#3371 = DIRECTION ( 'NONE',  ( 1.000000000000000000, 0.0000000000000000000, 0.0000000000000000000 ) ) ;
#3372 = AXIS2_PLACEMENT_3D ( 'NONE', #3283, #1044, #1862 ) ;
#3373 = CARTESIAN_POINT ( 'NONE',  ( -2.105000000000000400, 0.07496153618543829900, 0.2800000000000000300 ) ) ;
#3374 = FACE_OUTER_BOUND ( 'NONE', #2606, .T. ) ;
#3375 = ADVANCED_FACE ( 'NONE', ( #3457 ), #279, .T. ) ;
#3376 = VECTOR ( 'NONE', #983, 1000.000000000000000 ) ;
#3377 = VERTEX_POINT ( 'NONE', #2787 ) ;
#3378 = SURFACE_STYLE_FILL_AREA ( #2146 ) ;
#3379 = ORIENTED_EDGE ( 'NONE', *, *, #2258, .T. ) ;
#3380 = DIRECTION ( 'NONE',  ( 0.0000000000000000000, 0.0000000000000000000, 1.000000000000000000 ) ) ;
#3381 = DIRECTION ( 'NONE',  ( -1.000000000000000000, 0.0000000000000000000, -0.0000000000000000000 ) ) ;
#3382 = DIRECTION ( 'NONE',  ( 1.000000000000000000, -8.850629979473504800E-017, 0.0000000000000000000 ) ) ;
#3383 = VECTOR ( 'NONE', #1595, 1000.000000000000000 ) ;
#3384 = EDGE_CURVE ( 'NONE', #1122, #2337, #52, .T. ) ;
#3385 = DIRECTION ( 'NONE',  ( 1.457731973112511900E-016, 1.000000000000000000, 0.0000000000000000000 ) ) ;
#3386 = ADVANCED_FACE ( 'NONE', ( #832 ), #1411, .T. ) ;
#3387 = LINE ( 'NONE', #2038, #327 ) ;
#3388 = SHAPE_DEFINITION_REPRESENTATION ( #1964, #2947 ) ;
#3389 = CARTESIAN_POINT ( 'NONE',  ( 2.105000000000000000, -1.290000000000000300, 0.2800000000000000300 ) ) ;
#3390 = LINE ( 'NONE', #3577, #2816 ) ;
#3391 = LINE ( 'NONE', #2533, #1884 ) ;
#3392 = CARTESIAN_POINT ( 'NONE',  ( 0.0000000000000000000, 0.0000000000000000000, 0.0000000000000000000 ) ) ;
#3393 = CARTESIAN_POINT ( 'NONE',  ( 2.105000000000000000, -2.875000000000000400, 0.2799999999999731000 ) ) ;
#3394 = ORIENTED_EDGE ( 'NONE', *, *, #3406, .T. ) ;
#3395 = VERTEX_POINT ( 'NONE', #2264 ) ;
#3396 = EDGE_LOOP ( 'NONE', ( #3331, #3583, #3564, #1854 ) ) ;
#3397 = LINE ( 'NONE', #1525, #2285 ) ;
#3398 = EDGE_CURVE ( 'NONE', #833, #3141, #608, .T. ) ;
#3399 = PLANE ( 'NONE',  #1517 ) ;
#3400 = DIRECTION ( 'NONE',  ( -1.000000000000000000, 8.850629979473504800E-017, 0.0000000000000000000 ) ) ;
#3401 = ORIENTED_EDGE ( 'NONE', *, *, #2527, .T. ) ;
#3402 = VERTEX_POINT ( 'NONE', #1399 ) ;
#3403 = ORIENTED_EDGE ( 'NONE', *, *, #3469, .F. ) ;
#3404 = EDGE_CURVE ( 'NONE', #992, #345, #2697, .T. ) ;
#3405 = PLANE ( 'NONE',  #1081 ) ;
#3406 = EDGE_CURVE ( 'NONE', #774, #1079, #2530, .T. ) ;
#3407 = ORIENTED_EDGE ( 'NONE', *, *, #2142, .T. ) ;
#3408 = VERTEX_POINT ( 'NONE', #1160 ) ;
#3409 = DIRECTION ( 'NONE',  ( 0.0000000000000000000, 0.0000000000000000000, -1.000000000000000000 ) ) ;
#3410 = ORIENTED_EDGE ( 'NONE', *, *, #1949, .F. ) ;
#3411 = CARTESIAN_POINT ( 'NONE',  ( 1.704999999999998700, 2.399999999999999900, 0.2800000000000000300 ) ) ;
#3412 = CARTESIAN_POINT ( 'NONE',  ( 2.105000000000000400, -2.490000000000000200, 0.2800000000000000300 ) ) ;
#3413 = ADVANCED_FACE ( 'NONE', ( #3374 ), #3359, .F. ) ;
#3414 = VECTOR ( 'NONE', #2707, 1000.000000000000000 ) ;
#3415 = AXIS2_PLACEMENT_3D ( 'NONE', #1744, #3215, #149 ) ;
#3416 = DIRECTION ( 'NONE',  ( 0.0000000000000000000, 1.000000000000000000, 0.0000000000000000000 ) ) ;
#3417 = VECTOR ( 'NONE', #1475, 1000.000000000000000 ) ;
#3418 = ORIENTED_EDGE ( 'NONE', *, *, #710, .T. ) ;
#3419 = ORIENTED_EDGE ( 'NONE', *, *, #3466, .F. ) ;
#3420 = CARTESIAN_POINT ( 'NONE',  ( 0.8350000000000000800, -2.489999999999999800, 0.2800000000000000300 ) ) ;
#3421 = LINE ( 'NONE', #3059, #359 ) ;
#3423 = EDGE_LOOP ( 'NONE', ( #1159, #2471, #123, #3189 ) ) ;
#3422 = CARTESIAN_POINT ( 'NONE',  ( 0.8350000000000000800, 2.399999999999999900, 0.2800000000000000300 ) ) ;
#3424 = DIRECTION ( 'NONE',  ( 0.0000000000000000000, 0.0000000000000000000, -1.000000000000000000 ) ) ;
#3425 = LINE ( 'NONE', #3544, #663 ) ;
#3426 = CARTESIAN_POINT ( 'NONE',  ( -0.8350000000000006300, 2.400000000000000400, 0.0000000000000000000 ) ) ;
#3427 = ADVANCED_FACE ( 'NONE', ( #568, #1814 ), #577, .F. ) ;
#3428 = EDGE_CURVE ( 'NONE', #88, #3116, #743, .T. ) ;
#3429 = CARTESIAN_POINT ( 'NONE',  ( -0.4350000000000000500, 0.0000000000000000000, -0.0000000000000000000 ) ) ;
#3430 = VECTOR ( 'NONE', #2047, 1000.000000000000000 ) ;
#3431 = DIRECTION ( 'NONE',  ( -0.0000000000000000000, -1.000000000000000000, -0.0000000000000000000 ) ) ;
#3432 = CARTESIAN_POINT ( 'NONE',  ( -0.8350000000000039600, -3.049999999999999400, 0.2800000000000000300 ) ) ;
#3433 = VECTOR ( 'NONE', #1833, 1000.000000000000000 ) ;
#3434 = PLANE ( 'NONE',  #349 ) ;
#3435 = CARTESIAN_POINT ( 'NONE',  ( 2.105000000000000400, -3.050000000000000300, 0.2800000000000000300 ) ) ;
#3436 = VECTOR ( 'NONE', #2565, 1000.000000000000000 ) ;
#3437 = VECTOR ( 'NONE', #1645, 1000.000000000000000 ) ;
#3438 = ORIENTED_EDGE ( 'NONE', *, *, #98, .T. ) ;
#3439 = PLANE ( 'NONE',  #1039 ) ;
#3440 = VECTOR ( 'NONE', #1054, 1000.000000000000000 ) ;
#3441 = CARTESIAN_POINT ( 'NONE',  ( 0.0000000000000000000, 0.0000000000000000000, 0.2800000000000000300 ) ) ;
#3442 = ORIENTED_EDGE ( 'NONE', *, *, #285, .T. ) ;
#3443 = CARTESIAN_POINT ( 'NONE',  ( -2.450000000000000600, 2.875000000000000000, 0.0000000000000000000 ) ) ;
#3444 = LINE ( 'NONE', #2943, #2019 ) ;
#3445 = CARTESIAN_POINT ( 'NONE',  ( -2.575000000000000200, -0.3500000000000002000, 0.2800000000000000300 ) ) ;
#3446 = ADVANCED_FACE ( 'NONE', ( #3324 ), #1383, .T. ) ;
#3447 = ORIENTED_EDGE ( 'NONE', *, *, #361, .F. ) ;
#3448 = CARTESIAN_POINT ( 'NONE',  ( -2.105000000000000400, -0.5749615361854384400, 0.0000000000000000000 ) ) ;
#3449 = DIRECTION ( 'NONE',  ( -6.146507680884146000E-016, 1.000000000000000000, 0.0000000000000000000 ) ) ;
#3450 = ORIENTED_EDGE ( 'NONE', *, *, #1832, .T. ) ;
#3451 = ORIENTED_EDGE ( 'NONE', *, *, #670, .F. ) ;
#3452 = VERTEX_POINT ( 'NONE', #2824 ) ;
#3453 = VERTEX_POINT ( 'NONE', #1957 ) ;
#3454 = EDGE_LOOP ( 'NONE', ( #1231, #2429, #3451, #34 ) ) ;
#3455 = EDGE_CURVE ( 'NONE', #638, #1093, #2656, .T. ) ;
#3456 = CARTESIAN_POINT ( 'NONE',  ( 0.0000000000000000000, 0.0000000000000000000, 0.2800000000000000300 ) ) ;
#3457 = FACE_OUTER_BOUND ( 'NONE', #101, .T. ) ;
#3458 = AXIS2_PLACEMENT_3D ( 'NONE', #2081, #2357, #2365 ) ;
#3459 = LINE ( 'NONE', #2930, #1254 ) ;
#3460 = ORIENTED_EDGE ( 'NONE', *, *, #3217, .F. ) ;
#3461 = ADVANCED_FACE ( 'NONE', ( #1080 ), #2850, .F. ) ;
#3462 = PLANE ( 'NONE',  #2972 ) ;
#3463 = LINE ( 'NONE', #3588, #2308 ) ;
#3464 = ORIENTED_EDGE ( 'NONE', *, *, #3169, .T. ) ;
#3465 = DIRECTION ( 'NONE',  ( 0.0000000000000000000, 0.0000000000000000000, 1.000000000000000000 ) ) ;
#3466 = EDGE_CURVE ( 'NONE', #3453, #747, #92, .T. ) ;
#3467 = VECTOR ( 'NONE', #910, 1000.000000000000000 ) ;
#3468 = DIRECTION ( 'NONE',  ( 0.0000000000000000000, 0.0000000000000000000, -1.000000000000000000 ) ) ;
#3469 = EDGE_CURVE ( 'NONE', #2643, #259, #262, .T. ) ;
#3470 = EDGE_CURVE ( 'NONE', #467, #2564, #1637, .T. ) ;
#3471 = DIRECTION ( 'NONE',  ( 0.0000000000000000000, 0.0000000000000000000, -1.000000000000000000 ) ) ;
#3472 = APPLICATION_PROTOCOL_DEFINITION ( 'draft international standard', 'automotive_design', 1998, #400 ) ;
#3473 =( NAMED_UNIT ( * ) PLANE_ANGLE_UNIT ( ) SI_UNIT ( $, .RADIAN. ) );
#3474 = VECTOR ( 'NONE', #642, 1000.000000000000000 ) ;
#3475 = FACE_OUTER_BOUND ( 'NONE', #2356, .T. ) ;
#3476 = ORIENTED_EDGE ( 'NONE', *, *, #2406, .T. ) ;
#3477 = CARTESIAN_POINT ( 'NONE',  ( -2.575000000000000200, -0.1500000000000002400, 0.2800000000000000300 ) ) ;
#3478 = EDGE_CURVE ( 'NONE', #2602, #3525, #1723, .T. ) ;
#3479 = ORIENTED_EDGE ( 'NONE', *, *, #2212, .T. ) ;
#3480 = VECTOR ( 'NONE', #523, 1000.000000000000000 ) ;
#3481 = ORIENTED_EDGE ( 'NONE', *, *, #1316, .F. ) ;
#3482 = EDGE_LOOP ( 'NONE', ( #431, #690, #2399, #2896 ) ) ;
#3483 = ORIENTED_EDGE ( 'NONE', *, *, #2263, .T. ) ;
#3484 = PLANE ( 'NONE',  #3158 ) ;
#3485 =( NAMED_UNIT ( * ) SI_UNIT ( $, .STERADIAN. ) SOLID_ANGLE_UNIT ( ) );
#3486 = ORIENTED_EDGE ( 'NONE', *, *, #1760, .F. ) ;
#3487 = DIRECTION ( 'NONE',  ( 6.146507680884146000E-016, 1.000000000000000000, -0.0000000000000000000 ) ) ;
#3488 = VERTEX_POINT ( 'NONE', #1751 ) ;
#3489 =( LENGTH_UNIT ( ) NAMED_UNIT ( * ) SI_UNIT ( .MILLI., .METRE. ) );
#3490 = ORIENTED_EDGE ( 'NONE', *, *, #476, .F. ) ;
#3491 =( LENGTH_UNIT ( ) NAMED_UNIT ( * ) SI_UNIT ( .MILLI., .METRE. ) );
#3492 = VERTEX_POINT ( 'NONE', #62 ) ;
#3493 = ORIENTED_EDGE ( 'NONE', *, *, #3284, .F. ) ;
#3494 = PLANE ( 'NONE',  #1086 ) ;
#3495 = DIRECTION ( 'NONE',  ( 8.850629979473504800E-017, 1.000000000000000000, -0.0000000000000000000 ) ) ;
#3496 = LINE ( 'NONE', #731, #2218 ) ;
#3497 = CARTESIAN_POINT ( 'NONE',  ( -2.105000000000000400, -0.5749615361854384400, 0.2800000000000000300 ) ) ;
#3499 = ORIENTED_EDGE ( 'NONE', *, *, #2271, .T. ) ;
#3498 = CARTESIAN_POINT ( 'NONE',  ( 0.0000000000000000000, 0.0000000000000000000, 0.2800000000000000300 ) ) ;
#3500 = ORIENTED_EDGE ( 'NONE', *, *, #1832, .F. ) ;
#3501 =( NAMED_UNIT ( * ) PLANE_ANGLE_UNIT ( ) SI_UNIT ( $, .RADIAN. ) );
#3502 = DIRECTION ( 'NONE',  ( 0.0000000000000000000, -0.0000000000000000000, -1.000000000000000000 ) ) ;
#3503 = LINE ( 'NONE', #1608, #3248 ) ;
#3504 = ORIENTED_EDGE ( 'NONE', *, *, #75, .T. ) ;
#3505 = MECHANICAL_DESIGN_GEOMETRIC_PRESENTATION_REPRESENTATION (  '', ( #2696 ), #276 ) ;
#3506 = VECTOR ( 'NONE', #3029, 1000.000000000000000 ) ;
#3507 = DIRECTION ( 'NONE',  ( -1.000000000000000000, 3.872150616019656900E-016, 0.0000000000000000000 ) ) ;
#3508 = DIRECTION ( 'NONE',  ( -0.0000000000000000000, -1.000000000000000000, -0.0000000000000000000 ) ) ;
#3509 = EDGE_CURVE ( 'NONE', #738, #3053, #1550, .T. ) ;
#3510 = DIRECTION ( 'NONE',  ( 2.001604010742469700E-015, 1.000000000000000000, 0.0000000000000000000 ) ) ;
#3511 = VECTOR ( 'NONE', #68, 1000.000000000000000 ) ;
#3512 = LINE ( 'NONE', #1752, #1228 ) ;
#3513 = EDGE_CURVE ( 'NONE', #954, #2155, #2793, .T. ) ;
#3514 = VECTOR ( 'NONE', #2423, 1000.000000000000000 ) ;
#3515 = FACE_OUTER_BOUND ( 'NONE', #2866, .T. ) ;
#3516 = ORIENTED_EDGE ( 'NONE', *, *, #1955, .F. ) ;
#3517 = CARTESIAN_POINT ( 'NONE',  ( 2.310410196624968800, -0.3500000000000005900, 0.2800000000000000300 ) ) ;
#3518 = LINE ( 'NONE', #1692, #1281 ) ;
#3519 = DIRECTION ( 'NONE',  ( 0.0000000000000000000, 0.0000000000000000000, -1.000000000000000000 ) ) ;
#3520 = CARTESIAN_POINT ( 'NONE',  ( 0.4349999999999964500, -2.489999999999999800, 0.2800000000000000300 ) ) ;
#3521 = ORIENTED_EDGE ( 'NONE', *, *, #848, .F. ) ;
#3522 = VECTOR ( 'NONE', #1574, 1000.000000000000000 ) ;
#3523 = DIRECTION ( 'NONE',  ( -1.668003342285391600E-015, -1.000000000000000000, -0.0000000000000000000 ) ) ;
#3524 = AXIS2_PLACEMENT_3D ( 'NONE', #1805, #2359, #2604 ) ;
#3525 = VERTEX_POINT ( 'NONE', #899 ) ;
#3526 = EDGE_LOOP ( 'NONE', ( #2536, #269, #1155, #126 ) ) ;
#3527 = ORIENTED_EDGE ( 'NONE', *, *, #1503, .F. ) ;
#3528 = ORIENTED_EDGE ( 'NONE', *, *, #3267, .T. ) ;
#3529 = CARTESIAN_POINT ( 'NONE',  ( -2.575000000000000200, -0.3500000000000002000, 0.2800000000000000300 ) ) ;
#3530 = ORIENTED_EDGE ( 'NONE', *, *, #917, .F. ) ;
#3531 = DIRECTION ( 'NONE',  ( -0.0000000000000000000, -0.0000000000000000000, -1.000000000000000000 ) ) ;
#3532 = ORIENTED_EDGE ( 'NONE', *, *, #2576, .T. ) ;
#3534 = ORIENTED_EDGE ( 'NONE', *, *, #2639, .T. ) ;
#3533 = DIRECTION ( 'NONE',  ( 0.0000000000000000000, 0.0000000000000000000, -1.000000000000000000 ) ) ;
#3535 = EDGE_CURVE ( 'NONE', #2150, #1030, #2390, .T. ) ;
#3536 = LINE ( 'NONE', #1480, #3068 ) ;
#3537 = DIRECTION ( 'NONE',  ( -1.000000000000000000, 0.0000000000000000000, -0.0000000000000000000 ) ) ;
#3538 = CARTESIAN_POINT ( 'NONE',  ( 0.8350000000000000800, 2.399999999999999900, 0.2800000000000000300 ) ) ;
#3539 = EDGE_CURVE ( 'NONE', #736, #424, #918, .T. ) ;
#3540 = LINE ( 'NONE', #1656, #1298 ) ;
#3541 = VERTEX_POINT ( 'NONE', #1471 ) ;
#3542 = DIRECTION ( 'NONE',  ( 0.0000000000000000000, 0.0000000000000000000, -1.000000000000000000 ) ) ;
#3543 = EDGE_LOOP ( 'NONE', ( #882, #1671, #2298, #339, #1851, #1119, #482, #2843, #2239, #120, #1733, #1593, #3231, #2833, #949, #3410, #985, #3013, #382, #2727, #2113, #3093, #1215, #3419, #78, #1891 ) ) ;
#3544 = CARTESIAN_POINT ( 'NONE',  ( -0.4350000000000000500, 2.400000000000000400, 0.2800000000000000300 ) ) ;
#3545 = EDGE_CURVE ( 'NONE', #1036, #2077, #3241, .T. ) ;
#3546 = PRESENTATION_STYLE_ASSIGNMENT (( #2160 ) ) ;
#3547 = ORIENTED_EDGE ( 'NONE', *, *, #3288, .F. ) ;
#3548 = DIRECTION ( 'NONE',  ( 1.000000000000000000, 0.0000000000000000000, 0.0000000000000000000 ) ) ;
#3549 = CARTESIAN_POINT ( 'NONE',  ( 0.8350000000000000800, 2.399999999999999900, 0.0000000000000000000 ) ) ;
#3550 = AXIS2_PLACEMENT_3D ( 'NONE', #3392, #1148, #1679 ) ;
#3551 = DIRECTION ( 'NONE',  ( 1.000000000000000000, 0.0000000000000000000, 0.0000000000000000000 ) ) ;
#3552 = VECTOR ( 'NONE', #2397, 1000.000000000000000 ) ;
#3553 = CARTESIAN_POINT ( 'NONE',  ( -2.450000000000000600, 2.875000000000000000, 1.000000000000000000 ) ) ;
#3554 = LINE ( 'NONE', #133, #3303 ) ;
#3555 = DIRECTION ( 'NONE',  ( -0.0000000000000000000, -1.000000000000000000, -0.0000000000000000000 ) ) ;
#3556 = DIRECTION ( 'NONE',  ( 0.0000000000000000000, 1.000000000000000000, 0.0000000000000000000 ) ) ;
#3557 = CARTESIAN_POINT ( 'NONE',  ( -2.105000000000000000, -1.289999999999999800, 0.2800000000000000300 ) ) ;
#3558 = CARTESIAN_POINT ( 'NONE',  ( -2.105000000000000000, -1.289999999999999800, 0.2800000000000000300 ) ) ;
#3559 = LINE ( 'NONE', #914, #2547 ) ;
#3560 = FACE_OUTER_BOUND ( 'NONE', #1454, .T. ) ;
#3561 = ORIENTED_EDGE ( 'NONE', *, *, #224, .T. ) ;
#3562 = EDGE_LOOP ( 'NONE', ( #603, #904, #734, #2780 ) ) ;
#3563 = LINE ( 'NONE', #3036, #3052 ) ;
#3564 = ORIENTED_EDGE ( 'NONE', *, *, #1496, .T. ) ;
#3565 = ORIENTED_EDGE ( 'NONE', *, *, #2523, .T. ) ;
#3566 = DIRECTION ( 'NONE',  ( 1.000000000000000000, 0.0000000000000000000, 0.0000000000000000000 ) ) ;
#3567 = DIRECTION ( 'NONE',  ( 8.850629979473504800E-017, 1.000000000000000000, -0.0000000000000000000 ) ) ;
#3568 = CARTESIAN_POINT ( 'NONE',  ( -3.585462813849067100E-016, -0.3499999999999982000, -0.0000000000000000000 ) ) ;
#3569 = ORIENTED_EDGE ( 'NONE', *, *, #1067, .F. ) ;
#3570 = ORIENTED_EDGE ( 'NONE', *, *, #1023, .F. ) ;
#3571 = DIRECTION ( 'NONE',  ( -0.0000000000000000000, -1.000000000000000000, -0.0000000000000000000 ) ) ;
#3572 = VERTEX_POINT ( 'NONE', #2300 ) ;
#3573 = ORIENTED_EDGE ( 'NONE', *, *, #1225, .F. ) ;
#3574 = VERTEX_POINT ( 'NONE', #2000 ) ;
#3575 = EDGE_CURVE ( 'NONE', #1453, #641, #179, .T. ) ;
#3576 = LINE ( 'NONE', #222, #1211 ) ;
#3577 = CARTESIAN_POINT ( 'NONE',  ( 2.105000000000000000, -2.875000000000000400, 1.000000000000000000 ) ) ;
#3578 = EDGE_CURVE ( 'NONE', #3349, #3236, #1899, .T. ) ;
#3579 = DIRECTION ( 'NONE',  ( 1.000000000000000000, 0.0000000000000000000, 0.0000000000000000000 ) ) ;
#3580 = DIRECTION ( 'NONE',  ( 7.542275982507857100E-017, -1.000000000000000000, 0.0000000000000000000 ) ) ;
#3581 = CARTESIAN_POINT ( 'NONE',  ( 2.575000000000000200, -0.3500000000000008700, 0.2800000000000000300 ) ) ;
#3582 = CIRCLE ( 'NONE', #791, 0.5000000000000001100 ) ;
#3583 = ORIENTED_EDGE ( 'NONE', *, *, #3575, .F. ) ;
#3584 = ORIENTED_EDGE ( 'NONE', *, *, #1566, .F. ) ;
#3585 = EDGE_CURVE ( 'NONE', #2077, #2701, #3536, .T. ) ;
#3586 = LINE ( 'NONE', #1392, #570 ) ;
#3587 = ORIENTED_EDGE ( 'NONE', *, *, #2384, .F. ) ;
#3588 = CARTESIAN_POINT ( 'NONE',  ( 1.704999999999999000, -2.875000000000000400, 1.000000000000000000 ) ) ;
#3589 = LINE ( 'NONE', #1559, #3383 ) ;
#3590 = EDGE_CURVE ( 'NONE', #297, #1531, #1167, .T. ) ;
#3591 = CARTESIAN_POINT ( 'NONE',  ( -1.705000000000001000, 2.400000000000000400, 0.2800000000000000300 ) ) ;
#3592 = DIRECTION ( 'NONE',  ( 1.000000000000000000, 0.0000000000000000000, 0.0000000000000000000 ) ) ;
#3593 = CARTESIAN_POINT ( 'NONE',  ( 2.310410196624968800, -0.1499999999999994100, 0.2800000000000000300 ) ) ;
#3594 = LINE ( 'NONE', #1409, #2948 ) ;
#3595 = LINE ( 'NONE', #3517, #1398 ) ;
#3596 = ADVANCED_FACE ( 'NONE', ( #1470 ), #376, .T. ) ;
#3597 = CIRCLE ( 'NONE', #1850, 0.5000000000000001100 ) ;
#3598 = LINE ( 'NONE', #1355, #461 ) ;
#3599 = DIRECTION ( 'NONE',  ( 1.000000000000000000, 0.0000000000000000000, 0.0000000000000000000 ) ) ;
#3600 = ORIENTED_EDGE ( 'NONE', *, *, #637, .F. ) ;
#3601 = EDGE_CURVE ( 'NONE', #1467, #1531, #881, .T. ) ;
#3602 = LINE ( 'NONE', #223, #1235 ) ;
#3603 = DIRECTION ( 'NONE',  ( 0.0000000000000000000, 0.0000000000000000000, -1.000000000000000000 ) ) ;
#3604 = CARTESIAN_POINT ( 'NONE',  ( 2.449999999999999700, 2.874999999999999600, 0.2799999999999729900 ) ) ;
#3605 = ORIENTED_EDGE ( 'NONE', *, *, #1877, .T. ) ;
#3606 = VECTOR ( 'NONE', #2637, 1000.000000000000000 ) ;
#3607 = ORIENTED_EDGE ( 'NONE', *, *, #1873, .F. ) ;
#3608 = ORIENTED_EDGE ( 'NONE', *, *, #2785, .T. ) ;
#3610 = ORIENTED_EDGE ( 'NONE', *, *, #1394, .F. ) ;
#3609 = CARTESIAN_POINT ( 'NONE',  ( -1.705000000000001000, -2.489999999999999300, 0.2800000000000000300 ) ) ;
#3611 = AXIS2_PLACEMENT_3D ( 'NONE', #3456, #2314, #1984 ) ;
#3612 = DIRECTION ( 'NONE',  ( 0.0000000000000000000, -0.0000000000000000000, 1.000000000000000000 ) ) ;
#3613 = PLANE ( 'NONE',  #1799 ) ;
ENDSEC;
END-ISO-10303-21;
